ISO-10303-21;
HEADER;
/* Generated by software containing ST-Developer
 * from STEP Tools, Inc. (www.steptools.com) 
 */

FILE_DESCRIPTION(
/* description */ (''),
/* implementation_level */ '2;1');

FILE_NAME(
/* name */ 'auger.stp',
/* time_stamp */ '2026-09-08T01:13:34+07:00',
/* author */ ('trtrn'),
/* organization */ (''),
/* preprocessor_version */ 'ST-DEVELOPER v20.1',
/* originating_system */ 'Autodesk Inventor 2027',
/* authorisation */ '');

FILE_SCHEMA (('AUTOMOTIVE_DESIGN { 1 0 10303 214 3 1 1 }'));
ENDSEC;

DATA;
#10=MECHANICAL_DESIGN_GEOMETRIC_PRESENTATION_REPRESENTATION('',(#13),#4250);
#11=SHAPE_REPRESENTATION_RELATIONSHIP('SRR','None',#4257,#12);
#12=ADVANCED_BREP_SHAPE_REPRESENTATION('',(#14),#4249);
#13=STYLED_ITEM('',(#4266),#14);
#14=MANIFOLD_SOLID_BREP('Solid1',#763);
#15=B_SPLINE_SURFACE_WITH_KNOTS('',3,3,((#2516,#2517,#2518,#2519,#2520,
#2521,#2522,#2523,#2524,#2525,#2526,#2527,#2528,#2529,#2530,#2531,#2532,
#2533,#2534,#2535,#2536,#2537,#2538,#2539,#2540,#2541,#2542,#2543,#2544,
#2545,#2546,#2547,#2548,#2549,#2550,#2551,#2552,#2553,#2554,#2555,#2556,
#2557,#2558,#2559,#2560,#2561,#2562,#2563,#2564,#2565,#2566,#2567,#2568,
#2569,#2570,#2571,#2572,#2573,#2574,#2575,#2576,#2577,#2578,#2579,#2580,
#2581,#2582,#2583,#2584,#2585,#2586,#2587,#2588,#2589,#2590,#2591,#2592,
#2593,#2594,#2595,#2596,#2597,#2598,#2599,#2600,#2601,#2602,#2603,#2604,
#2605,#2606,#2607,#2608,#2609,#2610,#2611,#2612,#2613,#2614,#2615,#2616,
#2617,#2618,#2619,#2620,#2621,#2622,#2623,#2624,#2625,#2626,#2627,#2628,
#2629,#2630,#2631,#2632,#2633,#2634,#2635,#2636,#2637,#2638,#2639,#2640,
#2641,#2642,#2643,#2644,#2645,#2646,#2647,#2648,#2649,#2650,#2651,#2652,
#2653,#2654,#2655,#2656,#2657,#2658,#2659,#2660,#2661,#2662,#2663,#2664,
#2665,#2666,#2667,#2668,#2669,#2670,#2671,#2672,#2673,#2674,#2675,#2676,
#2677,#2678,#2679,#2680,#2681,#2682,#2683,#2684,#2685,#2686,#2687,#2688,
#2689,#2690,#2691,#2692,#2693,#2694,#2695,#2696,#2697,#2698,#2699,#2700,
#2701,#2702,#2703,#2704,#2705,#2706,#2707,#2708,#2709,#2710,#2711,#2712,
#2713,#2714,#2715,#2716,#2717,#2718,#2719,#2720),(#2721,#2722,#2723,#2724,
#2725,#2726,#2727,#2728,#2729,#2730,#2731,#2732,#2733,#2734,#2735,#2736,
#2737,#2738,#2739,#2740,#2741,#2742,#2743,#2744,#2745,#2746,#2747,#2748,
#2749,#2750,#2751,#2752,#2753,#2754,#2755,#2756,#2757,#2758,#2759,#2760,
#2761,#2762,#2763,#2764,#2765,#2766,#2767,#2768,#2769,#2770,#2771,#2772,
#2773,#2774,#2775,#2776,#2777,#2778,#2779,#2780,#2781,#2782,#2783,#2784,
#2785,#2786,#2787,#2788,#2789,#2790,#2791,#2792,#2793,#2794,#2795,#2796,
#2797,#2798,#2799,#2800,#2801,#2802,#2803,#2804,#2805,#2806,#2807,#2808,
#2809,#2810,#2811,#2812,#2813,#2814,#2815,#2816,#2817,#2818,#2819,#2820,
#2821,#2822,#2823,#2824,#2825,#2826,#2827,#2828,#2829,#2830,#2831,#2832,
#2833,#2834,#2835,#2836,#2837,#2838,#2839,#2840,#2841,#2842,#2843,#2844,
#2845,#2846,#2847,#2848,#2849,#2850,#2851,#2852,#2853,#2854,#2855,#2856,
#2857,#2858,#2859,#2860,#2861,#2862,#2863,#2864,#2865,#2866,#2867,#2868,
#2869,#2870,#2871,#2872,#2873,#2874,#2875,#2876,#2877,#2878,#2879,#2880,
#2881,#2882,#2883,#2884,#2885,#2886,#2887,#2888,#2889,#2890,#2891,#2892,
#2893,#2894,#2895,#2896,#2897,#2898,#2899,#2900,#2901,#2902,#2903,#2904,
#2905,#2906,#2907,#2908,#2909,#2910,#2911,#2912,#2913,#2914,#2915,#2916,
#2917,#2918,#2919,#2920,#2921,#2922,#2923,#2924,#2925),(#2926,#2927,#2928,
#2929,#2930,#2931,#2932,#2933,#2934,#2935,#2936,#2937,#2938,#2939,#2940,
#2941,#2942,#2943,#2944,#2945,#2946,#2947,#2948,#2949,#2950,#2951,#2952,
#2953,#2954,#2955,#2956,#2957,#2958,#2959,#2960,#2961,#2962,#2963,#2964,
#2965,#2966,#2967,#2968,#2969,#2970,#2971,#2972,#2973,#2974,#2975,#2976,
#2977,#2978,#2979,#2980,#2981,#2982,#2983,#2984,#2985,#2986,#2987,#2988,
#2989,#2990,#2991,#2992,#2993,#2994,#2995,#2996,#2997,#2998,#2999,#3000,
#3001,#3002,#3003,#3004,#3005,#3006,#3007,#3008,#3009,#3010,#3011,#3012,
#3013,#3014,#3015,#3016,#3017,#3018,#3019,#3020,#3021,#3022,#3023,#3024,
#3025,#3026,#3027,#3028,#3029,#3030,#3031,#3032,#3033,#3034,#3035,#3036,
#3037,#3038,#3039,#3040,#3041,#3042,#3043,#3044,#3045,#3046,#3047,#3048,
#3049,#3050,#3051,#3052,#3053,#3054,#3055,#3056,#3057,#3058,#3059,#3060,
#3061,#3062,#3063,#3064,#3065,#3066,#3067,#3068,#3069,#3070,#3071,#3072,
#3073,#3074,#3075,#3076,#3077,#3078,#3079,#3080,#3081,#3082,#3083,#3084,
#3085,#3086,#3087,#3088,#3089,#3090,#3091,#3092,#3093,#3094,#3095,#3096,
#3097,#3098,#3099,#3100,#3101,#3102,#3103,#3104,#3105,#3106,#3107,#3108,
#3109,#3110,#3111,#3112,#3113,#3114,#3115,#3116,#3117,#3118,#3119,#3120,
#3121,#3122,#3123,#3124,#3125,#3126,#3127,#3128,#3129,#3130),(#3131,#3132,
#3133,#3134,#3135,#3136,#3137,#3138,#3139,#3140,#3141,#3142,#3143,#3144,
#3145,#3146,#3147,#3148,#3149,#3150,#3151,#3152,#3153,#3154,#3155,#3156,
#3157,#3158,#3159,#3160,#3161,#3162,#3163,#3164,#3165,#3166,#3167,#3168,
#3169,#3170,#3171,#3172,#3173,#3174,#3175,#3176,#3177,#3178,#3179,#3180,
#3181,#3182,#3183,#3184,#3185,#3186,#3187,#3188,#3189,#3190,#3191,#3192,
#3193,#3194,#3195,#3196,#3197,#3198,#3199,#3200,#3201,#3202,#3203,#3204,
#3205,#3206,#3207,#3208,#3209,#3210,#3211,#3212,#3213,#3214,#3215,#3216,
#3217,#3218,#3219,#3220,#3221,#3222,#3223,#3224,#3225,#3226,#3227,#3228,
#3229,#3230,#3231,#3232,#3233,#3234,#3235,#3236,#3237,#3238,#3239,#3240,
#3241,#3242,#3243,#3244,#3245,#3246,#3247,#3248,#3249,#3250,#3251,#3252,
#3253,#3254,#3255,#3256,#3257,#3258,#3259,#3260,#3261,#3262,#3263,#3264,
#3265,#3266,#3267,#3268,#3269,#3270,#3271,#3272,#3273,#3274,#3275,#3276,
#3277,#3278,#3279,#3280,#3281,#3282,#3283,#3284,#3285,#3286,#3287,#3288,
#3289,#3290,#3291,#3292,#3293,#3294,#3295,#3296,#3297,#3298,#3299,#3300,
#3301,#3302,#3303,#3304,#3305,#3306,#3307,#3308,#3309,#3310,#3311,#3312,
#3313,#3314,#3315,#3316,#3317,#3318,#3319,#3320,#3321,#3322,#3323,#3324,
#3325,#3326,#3327,#3328,#3329,#3330,#3331,#3332,#3333,#3334,#3335)),
 .UNSPECIFIED.,.F.,.F.,.F.,(4,4),(4,1,1,1,1,1,1,1,1,1,1,1,1,1,1,1,1,1,1,
1,1,1,1,1,1,1,1,1,1,1,1,1,1,1,1,1,1,1,1,1,1,1,1,1,1,1,1,1,1,1,1,1,1,1,1,
1,1,1,1,1,1,1,1,1,1,1,1,1,1,1,1,1,1,1,1,1,1,1,1,1,1,1,1,1,1,1,1,1,1,1,1,
1,1,1,1,1,1,1,1,1,1,1,1,1,1,1,1,1,1,1,1,1,1,1,1,1,1,1,1,1,1,1,1,1,1,1,1,
1,1,1,1,1,1,1,1,1,1,1,1,1,1,1,1,1,1,1,1,1,1,1,1,1,1,1,1,1,1,1,1,1,1,1,1,
1,1,1,1,1,1,1,1,1,1,1,1,1,1,1,1,1,1,1,1,1,1,1,1,1,1,1,1,1,1,1,1,1,1,1,1,
1,1,1,4),(0.,1.50187382958756),(0.,0.497678044133037,0.995356088266073,
1.49303413239911,1.99071217653215,2.48839022066518,2.98606826479822,3.48374630893126,
3.98142435306429,4.47910239719733,4.97678044133036,5.4744584854634,5.97213652959644,
6.46981457372947,6.96749261786251,7.46517066199555,7.96284870612858,8.46052675026162,
8.95820479439466,9.45588283852769,9.95356088266073,10.4512389267938,10.9489169709268,
11.4465950150598,11.9442730591929,12.4419511033259,12.9396291474589,13.437307191592,
13.934985235725,14.4326632798581,14.9303413239911,15.4280193681241,15.9256974122572,
16.4233754563902,16.9210535005232,17.4187315446563,17.9164095887893,18.4140876329224,
18.9117656770554,19.4094437211884,19.9071217653215,20.4047998094545,20.9024778535875,
21.4001558977206,21.8978339418536,22.3955119859866,22.8931900301197,23.3908680742527,
23.8885461183858,24.3862241625188,24.8839022066518,25.3815802507849,25.8792582949179,
26.3769363390509,26.874614383184,27.372292427317,27.86997047145,28.3676485155831,
28.8653265597161,29.3630046038492,29.8606826479822,30.3583606921152,30.8560387362483,
31.3537167803813,31.8513948245143,32.3490728686474,32.8467509127804,33.3444289569134,
33.8421070010465,34.3397850451795,34.8374630893126,35.3351411334456,35.8328191775786,
36.3304972217117,36.8281752658447,37.3258533099777,37.8235313541108,38.3212093982438,
38.8188874423768,39.3165654865099,39.8142435306429,40.311921574776,40.809599618909,
41.307277663042,41.8049557071751,42.3026337513081,42.8003117954411,43.2979898395742,
43.7956678837072,44.2933459278402,44.7910239719733,45.2887020161063,45.7863800602394,
46.2840581043724,46.7817361485054,47.2794141926385,47.7770922367715,48.2747702809045,
48.7724483250376,49.2701263691706,49.7678044133037,50.2654824574367,50.7631605015697,
51.2608385457028,51.7585165898358,52.2561946339688,52.7538726781019,53.2515507222349,
53.7492287663679,54.246906810501,54.744584854634,55.2422628987671,55.7399409429001,
56.2376189870331,56.7352970311662,57.2329750752992,57.7306531194322,58.2283311635653,
58.7260092076983,59.2236872518314,59.7213652959644,60.2190433400974,60.7167213842305,
61.2143994283635,61.7120774724965,62.2097555166296,62.7074335607626,63.2051116048956,
63.7027896490287,64.2004676931617,64.6981457372948,65.1958237814278,65.6935018255608,
66.1911798696939,66.6888579138269,67.1865359579599,67.684214002093,68.181892046226,
68.679570090359,69.1772481344921,69.6749261786251,70.1726042227581,70.6702822668912,
71.1679603110242,71.6656383551573,72.1633163992903,72.6609944434233,73.1586724875564,
73.6563505316894,74.1540285758224,74.6517066199555,75.1493846640885,75.6470627082216,
76.1447407523546,76.6424187964876,77.1400968406207,77.6377748847537,78.1354529288867,
78.6331309730198,79.1308090171528,79.6284870612858,80.1261651054189,80.6238431495519,
81.121521193685,81.619199237818,82.116877281951,82.6145553260841,83.1122333702171,
83.6099114143501,84.1075894584832,84.6052675026162,85.1029455467492,85.6006235908823,
86.0983016350153,86.5959796791484,87.0936577232814,87.5913357674144,88.0890138115475,
88.5866918556805,89.0843698998135,89.5820479439466,90.0797259880796,90.5774040322126,
91.0750820763457,91.5727601204787,92.0704381646118,92.5681162087448,93.0657942528778,
93.5634722970109,94.0611503411439,94.5588283852769,95.05650642941,95.554184473543,
96.0518625176761,96.5495405618091,97.0472186059421,97.5448966500752,98.0425746942082,
98.5402527383412,99.0379307824743,99.5356088266073,100.03328687074,100.530964914873),
 .UNSPECIFIED.);
#16=B_SPLINE_SURFACE_WITH_KNOTS('',3,3,((#3405,#3406,#3407,#3408,#3409,
#3410,#3411,#3412,#3413,#3414,#3415,#3416,#3417,#3418,#3419,#3420,#3421,
#3422,#3423,#3424,#3425,#3426,#3427,#3428,#3429,#3430,#3431,#3432,#3433,
#3434,#3435,#3436,#3437,#3438,#3439,#3440,#3441,#3442,#3443,#3444,#3445,
#3446,#3447,#3448,#3449,#3450,#3451,#3452,#3453,#3454,#3455,#3456,#3457,
#3458,#3459,#3460,#3461,#3462,#3463,#3464,#3465,#3466,#3467,#3468,#3469,
#3470,#3471,#3472,#3473,#3474,#3475,#3476,#3477,#3478,#3479,#3480,#3481,
#3482,#3483,#3484,#3485,#3486,#3487,#3488,#3489,#3490,#3491,#3492,#3493,
#3494,#3495,#3496,#3497,#3498,#3499,#3500,#3501,#3502,#3503,#3504,#3505,
#3506,#3507,#3508,#3509,#3510,#3511,#3512,#3513,#3514,#3515,#3516,#3517,
#3518,#3519,#3520,#3521,#3522,#3523,#3524,#3525,#3526,#3527,#3528,#3529,
#3530,#3531,#3532,#3533,#3534,#3535,#3536,#3537,#3538,#3539,#3540,#3541,
#3542,#3543,#3544,#3545,#3546,#3547,#3548,#3549,#3550,#3551,#3552,#3553,
#3554,#3555,#3556,#3557,#3558,#3559,#3560,#3561,#3562,#3563,#3564,#3565,
#3566,#3567,#3568,#3569,#3570,#3571,#3572,#3573,#3574,#3575,#3576,#3577,
#3578,#3579,#3580,#3581,#3582,#3583,#3584,#3585,#3586,#3587,#3588,#3589,
#3590,#3591,#3592,#3593,#3594,#3595,#3596,#3597,#3598,#3599,#3600,#3601,
#3602,#3603,#3604,#3605,#3606,#3607,#3608,#3609),(#3610,#3611,#3612,#3613,
#3614,#3615,#3616,#3617,#3618,#3619,#3620,#3621,#3622,#3623,#3624,#3625,
#3626,#3627,#3628,#3629,#3630,#3631,#3632,#3633,#3634,#3635,#3636,#3637,
#3638,#3639,#3640,#3641,#3642,#3643,#3644,#3645,#3646,#3647,#3648,#3649,
#3650,#3651,#3652,#3653,#3654,#3655,#3656,#3657,#3658,#3659,#3660,#3661,
#3662,#3663,#3664,#3665,#3666,#3667,#3668,#3669,#3670,#3671,#3672,#3673,
#3674,#3675,#3676,#3677,#3678,#3679,#3680,#3681,#3682,#3683,#3684,#3685,
#3686,#3687,#3688,#3689,#3690,#3691,#3692,#3693,#3694,#3695,#3696,#3697,
#3698,#3699,#3700,#3701,#3702,#3703,#3704,#3705,#3706,#3707,#3708,#3709,
#3710,#3711,#3712,#3713,#3714,#3715,#3716,#3717,#3718,#3719,#3720,#3721,
#3722,#3723,#3724,#3725,#3726,#3727,#3728,#3729,#3730,#3731,#3732,#3733,
#3734,#3735,#3736,#3737,#3738,#3739,#3740,#3741,#3742,#3743,#3744,#3745,
#3746,#3747,#3748,#3749,#3750,#3751,#3752,#3753,#3754,#3755,#3756,#3757,
#3758,#3759,#3760,#3761,#3762,#3763,#3764,#3765,#3766,#3767,#3768,#3769,
#3770,#3771,#3772,#3773,#3774,#3775,#3776,#3777,#3778,#3779,#3780,#3781,
#3782,#3783,#3784,#3785,#3786,#3787,#3788,#3789,#3790,#3791,#3792,#3793,
#3794,#3795,#3796,#3797,#3798,#3799,#3800,#3801,#3802,#3803,#3804,#3805,
#3806,#3807,#3808,#3809,#3810,#3811,#3812,#3813,#3814),(#3815,#3816,#3817,
#3818,#3819,#3820,#3821,#3822,#3823,#3824,#3825,#3826,#3827,#3828,#3829,
#3830,#3831,#3832,#3833,#3834,#3835,#3836,#3837,#3838,#3839,#3840,#3841,
#3842,#3843,#3844,#3845,#3846,#3847,#3848,#3849,#3850,#3851,#3852,#3853,
#3854,#3855,#3856,#3857,#3858,#3859,#3860,#3861,#3862,#3863,#3864,#3865,
#3866,#3867,#3868,#3869,#3870,#3871,#3872,#3873,#3874,#3875,#3876,#3877,
#3878,#3879,#3880,#3881,#3882,#3883,#3884,#3885,#3886,#3887,#3888,#3889,
#3890,#3891,#3892,#3893,#3894,#3895,#3896,#3897,#3898,#3899,#3900,#3901,
#3902,#3903,#3904,#3905,#3906,#3907,#3908,#3909,#3910,#3911,#3912,#3913,
#3914,#3915,#3916,#3917,#3918,#3919,#3920,#3921,#3922,#3923,#3924,#3925,
#3926,#3927,#3928,#3929,#3930,#3931,#3932,#3933,#3934,#3935,#3936,#3937,
#3938,#3939,#3940,#3941,#3942,#3943,#3944,#3945,#3946,#3947,#3948,#3949,
#3950,#3951,#3952,#3953,#3954,#3955,#3956,#3957,#3958,#3959,#3960,#3961,
#3962,#3963,#3964,#3965,#3966,#3967,#3968,#3969,#3970,#3971,#3972,#3973,
#3974,#3975,#3976,#3977,#3978,#3979,#3980,#3981,#3982,#3983,#3984,#3985,
#3986,#3987,#3988,#3989,#3990,#3991,#3992,#3993,#3994,#3995,#3996,#3997,
#3998,#3999,#4000,#4001,#4002,#4003,#4004,#4005,#4006,#4007,#4008,#4009,
#4010,#4011,#4012,#4013,#4014,#4015,#4016,#4017,#4018,#4019),(#4020,#4021,
#4022,#4023,#4024,#4025,#4026,#4027,#4028,#4029,#4030,#4031,#4032,#4033,
#4034,#4035,#4036,#4037,#4038,#4039,#4040,#4041,#4042,#4043,#4044,#4045,
#4046,#4047,#4048,#4049,#4050,#4051,#4052,#4053,#4054,#4055,#4056,#4057,
#4058,#4059,#4060,#4061,#4062,#4063,#4064,#4065,#4066,#4067,#4068,#4069,
#4070,#4071,#4072,#4073,#4074,#4075,#4076,#4077,#4078,#4079,#4080,#4081,
#4082,#4083,#4084,#4085,#4086,#4087,#4088,#4089,#4090,#4091,#4092,#4093,
#4094,#4095,#4096,#4097,#4098,#4099,#4100,#4101,#4102,#4103,#4104,#4105,
#4106,#4107,#4108,#4109,#4110,#4111,#4112,#4113,#4114,#4115,#4116,#4117,
#4118,#4119,#4120,#4121,#4122,#4123,#4124,#4125,#4126,#4127,#4128,#4129,
#4130,#4131,#4132,#4133,#4134,#4135,#4136,#4137,#4138,#4139,#4140,#4141,
#4142,#4143,#4144,#4145,#4146,#4147,#4148,#4149,#4150,#4151,#4152,#4153,
#4154,#4155,#4156,#4157,#4158,#4159,#4160,#4161,#4162,#4163,#4164,#4165,
#4166,#4167,#4168,#4169,#4170,#4171,#4172,#4173,#4174,#4175,#4176,#4177,
#4178,#4179,#4180,#4181,#4182,#4183,#4184,#4185,#4186,#4187,#4188,#4189,
#4190,#4191,#4192,#4193,#4194,#4195,#4196,#4197,#4198,#4199,#4200,#4201,
#4202,#4203,#4204,#4205,#4206,#4207,#4208,#4209,#4210,#4211,#4212,#4213,
#4214,#4215,#4216,#4217,#4218,#4219,#4220,#4221,#4222,#4223,#4224)),
 .UNSPECIFIED.,.F.,.F.,.F.,(4,4),(4,1,1,1,1,1,1,1,1,1,1,1,1,1,1,1,1,1,1,
1,1,1,1,1,1,1,1,1,1,1,1,1,1,1,1,1,1,1,1,1,1,1,1,1,1,1,1,1,1,1,1,1,1,1,1,
1,1,1,1,1,1,1,1,1,1,1,1,1,1,1,1,1,1,1,1,1,1,1,1,1,1,1,1,1,1,1,1,1,1,1,1,
1,1,1,1,1,1,1,1,1,1,1,1,1,1,1,1,1,1,1,1,1,1,1,1,1,1,1,1,1,1,1,1,1,1,1,1,
1,1,1,1,1,1,1,1,1,1,1,1,1,1,1,1,1,1,1,1,1,1,1,1,1,1,1,1,1,1,1,1,1,1,1,1,
1,1,1,1,1,1,1,1,1,1,1,1,1,1,1,1,1,1,1,1,1,1,1,1,1,1,1,1,1,1,1,1,1,1,1,1,
1,1,1,4),(0.,1.50187382958756),(0.,0.497678044133037,0.995356088266073,
1.49303413239911,1.99071217653215,2.48839022066518,2.98606826479822,3.48374630893126,
3.98142435306429,4.47910239719733,4.97678044133036,5.4744584854634,5.97213652959644,
6.46981457372947,6.96749261786251,7.46517066199555,7.96284870612858,8.46052675026162,
8.95820479439466,9.45588283852769,9.95356088266073,10.4512389267938,10.9489169709268,
11.4465950150598,11.9442730591929,12.4419511033259,12.9396291474589,13.437307191592,
13.934985235725,14.4326632798581,14.9303413239911,15.4280193681241,15.9256974122572,
16.4233754563902,16.9210535005232,17.4187315446563,17.9164095887893,18.4140876329224,
18.9117656770554,19.4094437211884,19.9071217653215,20.4047998094545,20.9024778535875,
21.4001558977206,21.8978339418536,22.3955119859866,22.8931900301197,23.3908680742527,
23.8885461183858,24.3862241625188,24.8839022066518,25.3815802507849,25.8792582949179,
26.3769363390509,26.874614383184,27.372292427317,27.86997047145,28.3676485155831,
28.8653265597161,29.3630046038492,29.8606826479822,30.3583606921152,30.8560387362483,
31.3537167803813,31.8513948245143,32.3490728686474,32.8467509127804,33.3444289569134,
33.8421070010465,34.3397850451795,34.8374630893126,35.3351411334456,35.8328191775786,
36.3304972217117,36.8281752658447,37.3258533099777,37.8235313541108,38.3212093982438,
38.8188874423768,39.3165654865099,39.8142435306429,40.311921574776,40.809599618909,
41.307277663042,41.8049557071751,42.3026337513081,42.8003117954411,43.2979898395742,
43.7956678837072,44.2933459278402,44.7910239719733,45.2887020161063,45.7863800602394,
46.2840581043724,46.7817361485054,47.2794141926385,47.7770922367715,48.2747702809045,
48.7724483250376,49.2701263691706,49.7678044133037,50.2654824574367,50.7631605015697,
51.2608385457028,51.7585165898358,52.2561946339688,52.7538726781019,53.2515507222349,
53.7492287663679,54.246906810501,54.744584854634,55.2422628987671,55.7399409429001,
56.2376189870331,56.7352970311662,57.2329750752992,57.7306531194322,58.2283311635653,
58.7260092076983,59.2236872518314,59.7213652959644,60.2190433400974,60.7167213842305,
61.2143994283635,61.7120774724965,62.2097555166296,62.7074335607626,63.2051116048956,
63.7027896490287,64.2004676931617,64.6981457372948,65.1958237814278,65.6935018255608,
66.1911798696939,66.6888579138269,67.1865359579599,67.684214002093,68.181892046226,
68.679570090359,69.1772481344921,69.6749261786251,70.1726042227581,70.6702822668912,
71.1679603110242,71.6656383551573,72.1633163992903,72.6609944434233,73.1586724875564,
73.6563505316894,74.1540285758224,74.6517066199555,75.1493846640885,75.6470627082216,
76.1447407523546,76.6424187964876,77.1400968406207,77.6377748847537,78.1354529288867,
78.6331309730198,79.1308090171528,79.6284870612858,80.1261651054189,80.6238431495519,
81.121521193685,81.619199237818,82.116877281951,82.6145553260841,83.1122333702171,
83.6099114143501,84.1075894584832,84.6052675026162,85.1029455467492,85.6006235908823,
86.0983016350153,86.5959796791484,87.0936577232814,87.5913357674144,88.0890138115475,
88.5866918556805,89.0843698998135,89.5820479439466,90.0797259880796,90.5774040322126,
91.0750820763457,91.5727601204787,92.0704381646118,92.5681162087448,93.0657942528778,
93.5634722970109,94.0611503411439,94.5588283852769,95.05650642941,95.554184473543,
96.0518625176761,96.5495405618091,97.0472186059421,97.5448966500752,98.0425746942082,
98.5402527383412,99.0379307824743,99.5356088266073,100.03328687074,100.530964914873),
 .UNSPECIFIED.);
#17=FACE_BOUND('',#98,.T.);
#18=PLANE('',#821);
#19=PLANE('',#825);
#20=PLANE('',#827);
#21=PLANE('',#828);
#22=PLANE('',#830);
#23=FACE_OUTER_BOUND('',#65,.T.);
#24=FACE_OUTER_BOUND('',#66,.T.);
#25=FACE_OUTER_BOUND('',#67,.T.);
#26=FACE_OUTER_BOUND('',#68,.T.);
#27=FACE_OUTER_BOUND('',#69,.T.);
#28=FACE_OUTER_BOUND('',#70,.T.);
#29=FACE_OUTER_BOUND('',#71,.T.);
#30=FACE_OUTER_BOUND('',#72,.T.);
#31=FACE_OUTER_BOUND('',#73,.T.);
#32=FACE_OUTER_BOUND('',#74,.T.);
#33=FACE_OUTER_BOUND('',#75,.T.);
#34=FACE_OUTER_BOUND('',#76,.T.);
#35=FACE_OUTER_BOUND('',#77,.T.);
#36=FACE_OUTER_BOUND('',#78,.T.);
#37=FACE_OUTER_BOUND('',#79,.T.);
#38=FACE_OUTER_BOUND('',#80,.T.);
#39=FACE_OUTER_BOUND('',#81,.T.);
#40=FACE_OUTER_BOUND('',#82,.T.);
#41=FACE_OUTER_BOUND('',#83,.T.);
#42=FACE_OUTER_BOUND('',#84,.T.);
#43=FACE_OUTER_BOUND('',#85,.T.);
#44=FACE_OUTER_BOUND('',#86,.T.);
#45=FACE_OUTER_BOUND('',#87,.T.);
#46=FACE_OUTER_BOUND('',#88,.T.);
#47=FACE_OUTER_BOUND('',#89,.T.);
#48=FACE_OUTER_BOUND('',#90,.T.);
#49=FACE_OUTER_BOUND('',#91,.T.);
#50=FACE_OUTER_BOUND('',#92,.T.);
#51=FACE_OUTER_BOUND('',#93,.T.);
#52=FACE_OUTER_BOUND('',#94,.T.);
#53=FACE_OUTER_BOUND('',#95,.T.);
#54=FACE_OUTER_BOUND('',#96,.T.);
#55=FACE_OUTER_BOUND('',#97,.T.);
#56=FACE_OUTER_BOUND('',#99,.T.);
#57=FACE_OUTER_BOUND('',#100,.T.);
#58=FACE_OUTER_BOUND('',#101,.T.);
#59=FACE_OUTER_BOUND('',#102,.T.);
#60=FACE_OUTER_BOUND('',#103,.T.);
#61=FACE_OUTER_BOUND('',#104,.T.);
#62=FACE_OUTER_BOUND('',#105,.T.);
#63=FACE_OUTER_BOUND('',#106,.T.);
#64=FACE_OUTER_BOUND('',#107,.T.);
#65=EDGE_LOOP('',(#456,#457,#458));
#66=EDGE_LOOP('',(#459,#460,#461,#462,#463,#464));
#67=EDGE_LOOP('',(#465,#466,#467,#468));
#68=EDGE_LOOP('',(#469,#470,#471,#472));
#69=EDGE_LOOP('',(#473,#474,#475,#476));
#70=EDGE_LOOP('',(#477,#478,#479,#480));
#71=EDGE_LOOP('',(#481,#482,#483,#484));
#72=EDGE_LOOP('',(#485,#486,#487,#488));
#73=EDGE_LOOP('',(#489,#490,#491,#492));
#74=EDGE_LOOP('',(#493,#494,#495,#496));
#75=EDGE_LOOP('',(#497,#498,#499,#500));
#76=EDGE_LOOP('',(#501,#502,#503,#504));
#77=EDGE_LOOP('',(#505,#506,#507,#508));
#78=EDGE_LOOP('',(#509,#510,#511,#512));
#79=EDGE_LOOP('',(#513,#514,#515,#516));
#80=EDGE_LOOP('',(#517,#518,#519,#520,#521,#522,#523,#524));
#81=EDGE_LOOP('',(#525,#526,#527,#528));
#82=EDGE_LOOP('',(#529,#530,#531,#532));
#83=EDGE_LOOP('',(#533,#534,#535,#536));
#84=EDGE_LOOP('',(#537,#538,#539,#540));
#85=EDGE_LOOP('',(#541,#542,#543,#544));
#86=EDGE_LOOP('',(#545,#546,#547,#548));
#87=EDGE_LOOP('',(#549,#550,#551,#552));
#88=EDGE_LOOP('',(#553,#554,#555,#556));
#89=EDGE_LOOP('',(#557,#558,#559,#560));
#90=EDGE_LOOP('',(#561,#562,#563,#564));
#91=EDGE_LOOP('',(#565,#566,#567,#568));
#92=EDGE_LOOP('',(#569,#570,#571,#572));
#93=EDGE_LOOP('',(#573,#574,#575,#576));
#94=EDGE_LOOP('',(#577,#578,#579,#580));
#95=EDGE_LOOP('',(#581,#582,#583,#584));
#96=EDGE_LOOP('',(#585,#586,#587,#588));
#97=EDGE_LOOP('',(#589));
#98=EDGE_LOOP('',(#590));
#99=EDGE_LOOP('',(#591,#592,#593,#594));
#100=EDGE_LOOP('',(#595));
#101=EDGE_LOOP('',(#596,#597,#598,#599,#600,#601,#602,#603,#604,#605,#606,
#607,#608,#609,#610,#611,#612,#613,#614,#615,#616,#617,#618,#619,#620,#621,
#622,#623,#624,#625,#626,#627,#628,#629,#630,#631));
#102=EDGE_LOOP('',(#632,#633,#634,#635));
#103=EDGE_LOOP('',(#636,#637,#638,#639,#640,#641,#642,#643,#644,#645,#646,
#647,#648,#649,#650,#651,#652,#653,#654,#655,#656,#657,#658,#659,#660,#661,
#662,#663,#664,#665,#666,#667,#668,#669,#670,#671));
#104=EDGE_LOOP('',(#672,#673,#674,#675));
#105=EDGE_LOOP('',(#676,#677,#678,#679));
#106=EDGE_LOOP('',(#680,#681,#682,#683));
#107=EDGE_LOOP('',(#684,#685));
#108=CIRCLE('',#787,2.5);
#109=CIRCLE('',#789,2.5);
#110=CIRCLE('',#804,2.5);
#111=CIRCLE('',#822,4.);
#112=CIRCLE('',#824,4.);
#113=B_SPLINE_CURVE_WITH_KNOTS('',3,(#971,#972,#973,#974,#975,#976,#977,
#978,#979,#980,#981,#982,#983),.UNSPECIFIED.,.F.,.F.,(4,3,3,3,4),(-1.5707963267949,
-1.49303413239911,-0.995356088266073,-0.497678044133037,0.),
 .UNSPECIFIED.);
#114=B_SPLINE_CURVE_WITH_KNOTS('',3,(#989,#990,#991,#992,#993,#994,#995,
#996,#997,#998,#999,#1000,#1001,#1002,#1003,#1004,#1005,#1006,#1007,#1008,
#1009,#1010,#1011,#1012,#1013,#1014,#1015,#1016,#1017,#1018,#1019,#1020,
#1021,#1022,#1023,#1024,#1025,#1026,#1027,#1028),.UNSPECIFIED.,.F.,.F.,
(4,3,3,3,3,3,3,3,3,3,3,3,3,4),(-7.85398163397448,-7.46517066199555,-6.96749261786251,
-6.46981457372947,-5.97213652959644,-5.4744584854634,-4.97678044133036,
-4.47910239719733,-3.98142435306429,-3.48374630893126,-2.98606826479822,
-2.48839022066518,-1.99071217653215,-1.5707963267949),.UNSPECIFIED.);
#115=B_SPLINE_CURVE_WITH_KNOTS('',3,(#1032,#1033,#1034,#1035,#1036,#1037,
#1038),.UNSPECIFIED.,.F.,.F.,(4,1,1,1,4),(0.,0.497678044133037,0.995356088266073,
1.49303413239911,1.57079632679482),.UNSPECIFIED.);
#116=B_SPLINE_CURVE_WITH_KNOTS('',3,(#1043,#1044,#1045,#1046,#1047,#1048,
#1049,#1050,#1051,#1052,#1053,#1054,#1055,#1056,#1057,#1058,#1059,#1060,
#1061,#1062,#1063,#1064,#1065,#1066,#1067,#1068,#1069,#1070,#1071,#1072,
#1073,#1074,#1075,#1076,#1077,#1078,#1079,#1080,#1081,#1082,#1083,#1084,
#1085),.UNSPECIFIED.,.F.,.F.,(4,3,3,3,3,3,3,3,3,3,3,3,3,3,4),(-14.1371669411541,
-13.934985235725,-13.437307191592,-12.9396291474589,-12.4419511033259,-11.9442730591929,
-11.4465950150598,-10.9489169709268,-10.4512389267938,-9.95356088266073,
-9.45588283852769,-8.95820479439466,-8.46052675026162,-7.96284870612858,
-7.85398163397448),.UNSPECIFIED.);
#117=B_SPLINE_CURVE_WITH_KNOTS('',3,(#1086,#1087,#1088,#1089,#1090,#1091,
#1092,#1093,#1094,#1095,#1096,#1097,#1098,#1099,#1100,#1101),
 .UNSPECIFIED.,.F.,.F.,(4,1,1,1,1,1,1,1,1,1,1,1,1,4),(1.57079632679482,
1.99071217653215,2.48839022066518,2.98606826479822,3.48374630893126,3.98142435306429,
4.47910239719733,4.97678044133036,5.4744584854634,5.97213652959644,6.46981457372947,
6.96749261786251,7.46517066199555,7.85398163397439),.UNSPECIFIED.);
#118=B_SPLINE_CURVE_WITH_KNOTS('',3,(#1106,#1107,#1108,#1109,#1110,#1111,
#1112,#1113,#1114,#1115,#1116,#1117,#1118,#1119,#1120,#1121,#1122,#1123,
#1124,#1125,#1126,#1127,#1128,#1129,#1130,#1131,#1132,#1133,#1134,#1135,
#1136,#1137,#1138,#1139,#1140,#1141,#1142,#1143,#1144,#1145,#1146,#1147,
#1148),.UNSPECIFIED.,.F.,.F.,(4,3,3,3,3,3,3,3,3,3,3,3,3,3,4),(-20.4203522483337,
-20.4047998094545,-19.9071217653215,-19.4094437211884,-18.9117656770554,
-18.4140876329224,-17.9164095887893,-17.4187315446563,-16.9210535005232,
-16.4233754563902,-15.9256974122572,-15.4280193681241,-14.9303413239911,
-14.4326632798581,-14.1371669411541),.UNSPECIFIED.);
#119=B_SPLINE_CURVE_WITH_KNOTS('',3,(#1149,#1150,#1151,#1152,#1153,#1154,
#1155,#1156,#1157,#1158,#1159,#1160,#1161,#1162,#1163,#1164,#1165),
 .UNSPECIFIED.,.F.,.F.,(4,1,1,1,1,1,1,1,1,1,1,1,1,1,4),(7.85398163397439,
7.96284870612858,8.46052675026162,8.95820479439466,9.45588283852769,9.95356088266073,
10.4512389267938,10.9489169709268,11.4465950150598,11.9442730591929,12.4419511033259,
12.9396291474589,13.437307191592,13.934985235725,14.137166941154),
 .UNSPECIFIED.);
#120=B_SPLINE_CURVE_WITH_KNOTS('',3,(#1170,#1171,#1172,#1173,#1174,#1175,
#1176,#1177,#1178,#1179,#1180,#1181,#1182,#1183,#1184,#1185,#1186,#1187,
#1188,#1189,#1190,#1191,#1192,#1193,#1194,#1195,#1196,#1197,#1198,#1199,
#1200,#1201,#1202,#1203,#1204,#1205,#1206,#1207,#1208,#1209),
 .UNSPECIFIED.,.F.,.F.,(4,3,3,3,3,3,3,3,3,3,3,3,3,4),(-26.7035375555132,
-26.3769363390509,-25.8792582949179,-25.3815802507849,-24.8839022066518,
-24.3862241625188,-23.8885461183858,-23.3908680742527,-22.8931900301197,
-22.3955119859866,-21.8978339418536,-21.4001558977206,-20.9024778535875,
-20.4203522483337),.UNSPECIFIED.);
#121=B_SPLINE_CURVE_WITH_KNOTS('',3,(#1210,#1211,#1212,#1213,#1214,#1215,
#1216,#1217,#1218,#1219,#1220,#1221,#1222,#1223,#1224,#1225,#1226),
 .UNSPECIFIED.,.F.,.F.,(4,1,1,1,1,1,1,1,1,1,1,1,1,1,4),(14.137166941154,
14.4326632798581,14.9303413239911,15.4280193681241,15.9256974122572,16.4233754563902,
16.9210535005232,17.4187315446563,17.9164095887893,18.4140876329224,18.9117656770554,
19.4094437211884,19.9071217653215,20.4047998094545,20.4203522483336),
 .UNSPECIFIED.);
#122=B_SPLINE_CURVE_WITH_KNOTS('',3,(#1231,#1232,#1233,#1234,#1235,#1236,
#1237,#1238,#1239,#1240,#1241,#1242,#1243,#1244,#1245,#1246,#1247,#1248,
#1249,#1250,#1251,#1252,#1253,#1254,#1255,#1256,#1257,#1258,#1259,#1260,
#1261,#1262,#1263,#1264,#1265,#1266,#1267,#1268,#1269,#1270,#1271,#1272,
#1273),.UNSPECIFIED.,.F.,.F.,(4,3,3,3,3,3,3,3,3,3,3,3,3,3,4),(-32.9867228626928,
-32.8467509127804,-32.3490728686474,-31.8513948245143,-31.3537167803813,
-30.8560387362483,-30.3583606921152,-29.8606826479822,-29.3630046038492,
-28.8653265597161,-28.3676485155831,-27.86997047145,-27.372292427317,-26.874614383184,
-26.7035375555132),.UNSPECIFIED.);
#123=B_SPLINE_CURVE_WITH_KNOTS('',3,(#1274,#1275,#1276,#1277,#1278,#1279,
#1280,#1281,#1282,#1283,#1284,#1285,#1286,#1287,#1288,#1289),
 .UNSPECIFIED.,.F.,.F.,(4,1,1,1,1,1,1,1,1,1,1,1,1,4),(20.4203522483336,
20.9024778535875,21.4001558977206,21.8978339418536,22.3955119859866,22.8931900301197,
23.3908680742527,23.8885461183858,24.3862241625188,24.8839022066518,25.3815802507849,
25.8792582949179,26.3769363390509,26.7035375555131),.UNSPECIFIED.);
#124=B_SPLINE_CURVE_WITH_KNOTS('',3,(#1294,#1295,#1296,#1297,#1298,#1299,
#1300,#1301,#1302,#1303,#1304,#1305,#1306,#1307,#1308,#1309,#1310,#1311,
#1312,#1313,#1314,#1315,#1316,#1317,#1318,#1319,#1320,#1321,#1322,#1323,
#1324,#1325,#1326,#1327,#1328,#1329,#1330,#1331,#1332,#1333),
 .UNSPECIFIED.,.F.,.F.,(4,3,3,3,3,3,3,3,3,3,3,3,3,4),(-39.2699081698724,
-38.8188874423768,-38.3212093982438,-37.8235313541108,-37.3258533099777,
-36.8281752658447,-36.3304972217117,-35.8328191775786,-35.3351411334456,
-34.8374630893126,-34.3397850451795,-33.8421070010465,-33.3444289569134,
-32.9867228626928),.UNSPECIFIED.);
#125=B_SPLINE_CURVE_WITH_KNOTS('',3,(#1334,#1335,#1336,#1337,#1338,#1339,
#1340,#1341,#1342,#1343,#1344,#1345,#1346,#1347,#1348,#1349,#1350),
 .UNSPECIFIED.,.F.,.F.,(4,1,1,1,1,1,1,1,1,1,1,1,1,1,4),(26.7035375555131,
26.874614383184,27.372292427317,27.86997047145,28.3676485155831,28.8653265597161,
29.3630046038492,29.8606826479822,30.3583606921152,30.8560387362483,31.3537167803813,
31.8513948245143,32.3490728686474,32.8467509127804,32.9867228626928),
 .UNSPECIFIED.);
#126=B_SPLINE_CURVE_WITH_KNOTS('',3,(#1355,#1356,#1357,#1358,#1359,#1360,
#1361,#1362,#1363,#1364,#1365,#1366,#1367,#1368,#1369,#1370,#1371,#1372,
#1373,#1374,#1375,#1376,#1377,#1378,#1379,#1380,#1381,#1382,#1383,#1384,
#1385,#1386,#1387,#1388,#1389,#1390,#1391,#1392,#1393,#1394,#1395,#1396,
#1397),.UNSPECIFIED.,.F.,.F.,(4,3,3,3,3,3,3,3,3,3,3,3,3,3,4),(-45.553093477052,
-45.2887020161063,-44.7910239719733,-44.2933459278402,-43.7956678837072,
-43.2979898395742,-42.8003117954411,-42.3026337513081,-41.8049557071751,
-41.307277663042,-40.809599618909,-40.311921574776,-39.8142435306429,-39.3165654865099,
-39.2699081698724),.UNSPECIFIED.);
#127=B_SPLINE_CURVE_WITH_KNOTS('',3,(#1398,#1399,#1400,#1401,#1402,#1403,
#1404,#1405,#1406,#1407,#1408,#1409,#1410,#1411,#1412,#1413),
 .UNSPECIFIED.,.F.,.F.,(4,1,1,1,1,1,1,1,1,1,1,1,1,4),(32.9867228626928,
33.3444289569134,33.8421070010465,34.3397850451795,34.8374630893126,35.3351411334456,
35.8328191775786,36.3304972217117,36.8281752658447,37.3258533099777,37.8235313541108,
38.3212093982438,38.8188874423768,39.2699081698723),.UNSPECIFIED.);
#128=B_SPLINE_CURVE_WITH_KNOTS('',3,(#1418,#1419,#1420,#1421,#1422,#1423,
#1424,#1425,#1426,#1427,#1428,#1429,#1430,#1431,#1432,#1433,#1434,#1435,
#1436,#1437,#1438,#1439,#1440,#1441,#1442,#1443,#1444,#1445,#1446,#1447,
#1448,#1449,#1450,#1451,#1452,#1453,#1454,#1455,#1456,#1457,#1458,#1459,
#1460),.UNSPECIFIED.,.F.,.F.,(4,3,3,3,3,3,3,3,3,3,3,3,3,3,4),(-51.8362787842316,
-51.7585165898358,-51.2608385457028,-50.7631605015697,-50.2654824574367,
-49.7678044133037,-49.2701263691706,-48.7724483250376,-48.2747702809045,
-47.7770922367715,-47.2794141926385,-46.7817361485054,-46.2840581043724,
-45.7863800602394,-45.553093477052),.UNSPECIFIED.);
#129=B_SPLINE_CURVE_WITH_KNOTS('',3,(#1461,#1462,#1463,#1464,#1465,#1466,
#1467,#1468,#1469,#1470,#1471,#1472,#1473,#1474,#1475,#1476,#1477),
 .UNSPECIFIED.,.F.,.F.,(4,1,1,1,1,1,1,1,1,1,1,1,1,1,4),(39.2699081698723,
39.3165654865099,39.8142435306429,40.311921574776,40.809599618909,41.307277663042,
41.8049557071751,42.3026337513081,42.8003117954411,43.2979898395742,43.7956678837072,
44.2933459278402,44.7910239719733,45.2887020161063,45.5530934770519),
 .UNSPECIFIED.);
#130=B_SPLINE_CURVE_WITH_KNOTS('',3,(#1482,#1483,#1484,#1485,#1486,#1487,
#1488,#1489,#1490,#1491,#1492,#1493,#1494,#1495,#1496,#1497,#1498,#1499,
#1500,#1501,#1502,#1503,#1504,#1505,#1506,#1507,#1508,#1509,#1510,#1511,
#1512,#1513,#1514,#1515,#1516,#1517,#1518,#1519,#1520,#1521),
 .UNSPECIFIED.,.F.,.F.,(4,3,3,3,3,3,3,3,3,3,3,3,3,4),(-58.1194640914112,
-57.7306531194322,-57.2329750752992,-56.7352970311662,-56.2376189870331,
-55.7399409429001,-55.2422628987671,-54.744584854634,-54.246906810501,-53.7492287663679,
-53.2515507222349,-52.7538726781019,-52.2561946339688,-51.8362787842316),
 .UNSPECIFIED.);
#131=B_SPLINE_CURVE_WITH_KNOTS('',3,(#1522,#1523,#1524,#1525,#1526,#1527,
#1528,#1529,#1530,#1531,#1532,#1533,#1534,#1535,#1536,#1537,#1538),
 .UNSPECIFIED.,.F.,.F.,(4,1,1,1,1,1,1,1,1,1,1,1,1,1,4),(45.5530934770519,
45.7863800602394,46.2840581043724,46.7817361485054,47.2794141926385,47.7770922367715,
48.2747702809045,48.7724483250376,49.2701263691706,49.7678044133037,50.2654824574367,
50.7631605015697,51.2608385457028,51.7585165898358,51.8362787842315),
 .UNSPECIFIED.);
#132=B_SPLINE_CURVE_WITH_KNOTS('',3,(#1543,#1544,#1545,#1546,#1547,#1548,
#1549,#1550,#1551,#1552,#1553,#1554,#1555,#1556,#1557,#1558,#1559,#1560,
#1561,#1562,#1563,#1564,#1565,#1566,#1567,#1568,#1569,#1570,#1571,#1572,
#1573,#1574,#1575,#1576,#1577,#1578,#1579,#1580,#1581,#1582,#1583,#1584,
#1585),.UNSPECIFIED.,.F.,.F.,(4,3,3,3,3,3,3,3,3,3,3,3,3,3,4),(-64.4026493985908,
-64.2004676931617,-63.7027896490287,-63.2051116048956,-62.7074335607626,
-62.2097555166296,-61.7120774724965,-61.2143994283635,-60.7167213842305,
-60.2190433400974,-59.7213652959644,-59.2236872518314,-58.7260092076983,
-58.2283311635653,-58.1194640914112),.UNSPECIFIED.);
#133=B_SPLINE_CURVE_WITH_KNOTS('',3,(#1586,#1587,#1588,#1589,#1590,#1591,
#1592,#1593,#1594,#1595,#1596,#1597,#1598,#1599,#1600,#1601),
 .UNSPECIFIED.,.F.,.F.,(4,1,1,1,1,1,1,1,1,1,1,1,1,4),(51.8362787842315,
52.2561946339688,52.7538726781019,53.2515507222349,53.7492287663679,54.246906810501,
54.744584854634,55.2422628987671,55.7399409429001,56.2376189870331,56.7352970311662,
57.2329750752992,57.7306531194322,58.1194640914111),.UNSPECIFIED.);
#134=B_SPLINE_CURVE_WITH_KNOTS('',3,(#1606,#1607,#1608,#1609,#1610,#1611,
#1612,#1613,#1614,#1615,#1616,#1617,#1618,#1619,#1620,#1621,#1622,#1623,
#1624,#1625,#1626,#1627,#1628,#1629,#1630,#1631,#1632,#1633,#1634,#1635,
#1636,#1637,#1638,#1639,#1640,#1641,#1642,#1643,#1644,#1645,#1646,#1647,
#1648),.UNSPECIFIED.,.F.,.F.,(4,3,3,3,3,3,3,3,3,3,3,3,3,3,4),(-70.6858347057704,
-70.6702822668912,-70.1726042227582,-69.6749261786251,-69.1772481344921,
-68.6795700903591,-68.181892046226,-67.684214002093,-67.1865359579599,-66.6888579138269,
-66.1911798696939,-65.6935018255608,-65.1958237814278,-64.6981457372948,
-64.4026493985908),.UNSPECIFIED.);
#135=B_SPLINE_CURVE_WITH_KNOTS('',3,(#1649,#1650,#1651,#1652,#1653,#1654,
#1655,#1656,#1657,#1658,#1659,#1660,#1661,#1662,#1663,#1664,#1665),
 .UNSPECIFIED.,.F.,.F.,(4,1,1,1,1,1,1,1,1,1,1,1,1,1,4),(58.1194640914111,
58.2283311635653,58.7260092076983,59.2236872518314,59.7213652959644,60.2190433400974,
60.7167213842305,61.2143994283635,61.7120774724965,62.2097555166296,62.7074335607626,
63.2051116048956,63.7027896490287,64.2004676931617,64.4026493985907),
 .UNSPECIFIED.);
#136=B_SPLINE_CURVE_WITH_KNOTS('',3,(#1670,#1671,#1672,#1673,#1674,#1675,
#1676,#1677,#1678,#1679,#1680,#1681,#1682,#1683,#1684,#1685,#1686,#1687,
#1688,#1689,#1690,#1691,#1692,#1693,#1694,#1695,#1696,#1697,#1698,#1699,
#1700,#1701,#1702,#1703,#1704,#1705,#1706,#1707,#1708,#1709),
 .UNSPECIFIED.,.F.,.F.,(4,3,3,3,3,3,3,3,3,3,3,3,3,4),(-76.96902001295,-76.6424187964876,
-76.1447407523546,-75.6470627082216,-75.1493846640885,-74.6517066199555,
-74.1540285758225,-73.6563505316894,-73.1586724875564,-72.6609944434233,
-72.1633163992903,-71.6656383551573,-71.1679603110242,-70.6858347057704),
 .UNSPECIFIED.);
#137=B_SPLINE_CURVE_WITH_KNOTS('',3,(#1710,#1711,#1712,#1713,#1714,#1715,
#1716,#1717,#1718,#1719,#1720,#1721,#1722,#1723,#1724,#1725,#1726),
 .UNSPECIFIED.,.F.,.F.,(4,1,1,1,1,1,1,1,1,1,1,1,1,1,4),(64.4026493985907,
64.6981457372948,65.1958237814278,65.6935018255608,66.1911798696939,66.6888579138269,
67.1865359579599,67.684214002093,68.181892046226,68.679570090359,69.1772481344921,
69.6749261786251,70.1726042227581,70.6702822668912,70.6858347057703),
 .UNSPECIFIED.);
#138=B_SPLINE_CURVE_WITH_KNOTS('',3,(#1731,#1732,#1733,#1734,#1735,#1736,
#1737,#1738,#1739,#1740,#1741,#1742,#1743,#1744,#1745,#1746,#1747,#1748,
#1749,#1750,#1751,#1752,#1753,#1754,#1755,#1756,#1757,#1758,#1759,#1760,
#1761,#1762,#1763,#1764,#1765,#1766,#1767,#1768,#1769,#1770,#1771,#1772,
#1773),.UNSPECIFIED.,.F.,.F.,(4,3,3,3,3,3,3,3,3,3,3,3,3,3,4),(-83.2522053201296,
-83.1122333702171,-82.6145553260841,-82.116877281951,-81.619199237818,-81.121521193685,
-80.6238431495519,-80.1261651054189,-79.6284870612858,-79.1308090171528,
-78.6331309730198,-78.1354529288867,-77.6377748847537,-77.1400968406207,
-76.96902001295),.UNSPECIFIED.);
#139=B_SPLINE_CURVE_WITH_KNOTS('',3,(#1774,#1775,#1776,#1777,#1778,#1779,
#1780,#1781,#1782,#1783,#1784,#1785,#1786,#1787,#1788,#1789),
 .UNSPECIFIED.,.F.,.F.,(4,1,1,1,1,1,1,1,1,1,1,1,1,4),(70.6858347057703,
71.1679603110242,71.6656383551573,72.1633163992903,72.6609944434233,73.1586724875564,
73.6563505316894,74.1540285758224,74.6517066199555,75.1493846640885,75.6470627082216,
76.1447407523546,76.6424187964876,76.9690200129499),.UNSPECIFIED.);
#140=B_SPLINE_CURVE_WITH_KNOTS('',3,(#1794,#1795,#1796,#1797,#1798,#1799,
#1800,#1801,#1802,#1803,#1804,#1805,#1806,#1807,#1808,#1809,#1810,#1811,
#1812,#1813,#1814,#1815,#1816,#1817,#1818,#1819,#1820,#1821,#1822,#1823,
#1824,#1825,#1826,#1827,#1828,#1829,#1830,#1831,#1832,#1833),
 .UNSPECIFIED.,.F.,.F.,(4,3,3,3,3,3,3,3,3,3,3,3,3,4),(-89.5353906273092,
-89.0843698998135,-88.5866918556805,-88.0890138115475,-87.5913357674144,
-87.0936577232814,-86.5959796791483,-86.0983016350153,-85.6006235908823,
-85.1029455467492,-84.6052675026162,-84.1075894584832,-83.6099114143501,
-83.2522053201296),.UNSPECIFIED.);
#141=B_SPLINE_CURVE_WITH_KNOTS('',3,(#1834,#1835,#1836,#1837,#1838,#1839,
#1840,#1841,#1842,#1843,#1844,#1845,#1846,#1847,#1848,#1849,#1850),
 .UNSPECIFIED.,.F.,.F.,(4,1,1,1,1,1,1,1,1,1,1,1,1,1,4),(76.9690200129499,
77.1400968406207,77.6377748847537,78.1354529288867,78.6331309730198,79.1308090171528,
79.6284870612858,80.1261651054189,80.6238431495519,81.121521193685,81.619199237818,
82.116877281951,82.6145553260841,83.1122333702171,83.2522053201295),
 .UNSPECIFIED.);
#142=B_SPLINE_CURVE_WITH_KNOTS('',3,(#1857,#1858,#1859,#1860,#1861,#1862,
#1863,#1864,#1865,#1866,#1867,#1868,#1869),.UNSPECIFIED.,.F.,.F.,(4,1,1,
1,1,1,1,1,1,1,4),(95.8185759344886,96.0518625176761,96.5495405618091,97.0472186059421,
97.5448966500752,98.0425746942082,98.5402527383412,99.0379307824743,99.5356088266073,
100.03328687074,100.530964914873),.UNSPECIFIED.);
#143=B_SPLINE_CURVE_WITH_KNOTS('',3,(#1873,#1874,#1875,#1876,#1877,#1878,
#1879,#1880,#1881,#1882,#1883,#1884,#1885,#1886,#1887,#1888,#1889,#1890,
#1891,#1892,#1893,#1894,#1895,#1896,#1897,#1898,#1899,#1900,#1901,#1902,
#1903),.UNSPECIFIED.,.F.,.F.,(4,3,3,3,3,3,3,3,3,3,4),(-100.530964914873,
-100.03328687074,-99.5356088266073,-99.0379307824742,-98.5402527383412,
-98.0425746942082,-97.5448966500752,-97.0472186059421,-96.5495405618091,
-96.0518625176761,-95.8185759344887),.UNSPECIFIED.);
#144=B_SPLINE_CURVE_WITH_KNOTS('',3,(#1906,#1907,#1908,#1909,#1910,#1911,
#1912,#1913,#1914,#1915,#1916,#1917,#1918,#1919,#1920,#1921,#1922),
 .UNSPECIFIED.,.F.,.F.,(4,1,1,1,1,1,1,1,1,1,1,1,1,1,4),(89.5353906273091,
89.5820479439466,90.0797259880796,90.5774040322126,91.0750820763457,91.5727601204787,
92.0704381646118,92.5681162087448,93.0657942528778,93.5634722970109,94.0611503411439,
94.5588283852769,95.05650642941,95.554184473543,95.8185759344886),
 .UNSPECIFIED.);
#145=B_SPLINE_CURVE_WITH_KNOTS('',3,(#1928,#1929,#1930,#1931,#1932,#1933,
#1934,#1935,#1936,#1937),.UNSPECIFIED.,.F.,.F.,(4,1,1,1,1,1,1,4),(0.,0.497678044133037,
0.995356088266073,1.49303413239911,1.99071217653215,2.48839022066518,2.98606826479822,
3.14159265358972),.UNSPECIFIED.);
#146=B_SPLINE_CURVE_WITH_KNOTS('',3,(#1940,#1941,#1942,#1943,#1944,#1945,
#1946,#1947,#1948,#1949),.UNSPECIFIED.,.F.,.F.,(4,1,1,1,1,1,1,4),(0.,0.497678044133037,
0.995356088266073,1.49303413239911,1.99071217653215,2.48839022066518,2.98606826479822,
3.14159265358973),.UNSPECIFIED.);
#147=B_SPLINE_CURVE_WITH_KNOTS('',3,(#1954,#1955,#1956,#1957,#1958,#1959,
#1960,#1961,#1962,#1963,#1964,#1965,#1966,#1967,#1968,#1969),
 .UNSPECIFIED.,.F.,.F.,(4,1,1,1,1,1,1,1,1,1,1,1,1,4),(3.14159265358972,
3.48374630893126,3.98142435306429,4.47910239719733,4.97678044133036,5.4744584854634,
5.97213652959644,6.46981457372947,6.96749261786251,7.46517066199555,7.96284870612858,
8.46052675026162,8.95820479439466,9.4247779607693),.UNSPECIFIED.);
#148=B_SPLINE_CURVE_WITH_KNOTS('',3,(#1970,#1971,#1972,#1973,#1974,#1975,
#1976,#1977,#1978,#1979,#1980,#1981,#1982,#1983,#1984,#1985),
 .UNSPECIFIED.,.F.,.F.,(4,1,1,1,1,1,1,1,1,1,1,1,1,4),(3.14159265358973,
3.48374630893126,3.98142435306429,4.47910239719733,4.97678044133036,5.4744584854634,
5.97213652959644,6.46981457372947,6.96749261786251,7.46517066199555,7.96284870612858,
8.46052675026162,8.95820479439466,9.42477796076929),.UNSPECIFIED.);
#149=B_SPLINE_CURVE_WITH_KNOTS('',3,(#1990,#1991,#1992,#1993,#1994,#1995,
#1996,#1997,#1998,#1999,#2000,#2001,#2002,#2003,#2004,#2005,#2006),
 .UNSPECIFIED.,.F.,.F.,(4,1,1,1,1,1,1,1,1,1,1,1,1,1,4),(9.4247779607693,
9.45588283852769,9.95356088266073,10.4512389267938,10.9489169709268,11.4465950150598,
11.9442730591929,12.4419511033259,12.9396291474589,13.437307191592,13.934985235725,
14.4326632798581,14.9303413239911,15.4280193681241,15.7079632679489),
 .UNSPECIFIED.);
#150=B_SPLINE_CURVE_WITH_KNOTS('',3,(#2007,#2008,#2009,#2010,#2011,#2012,
#2013,#2014,#2015,#2016,#2017,#2018,#2019,#2020,#2021,#2022,#2023),
 .UNSPECIFIED.,.F.,.F.,(4,1,1,1,1,1,1,1,1,1,1,1,1,1,4),(9.42477796076929,
9.45588283852769,9.95356088266073,10.4512389267938,10.9489169709268,11.4465950150598,
11.9442730591929,12.4419511033259,12.9396291474589,13.437307191592,13.934985235725,
14.4326632798581,14.9303413239911,15.4280193681241,15.7079632679489),
 .UNSPECIFIED.);
#151=B_SPLINE_CURVE_WITH_KNOTS('',3,(#2028,#2029,#2030,#2031,#2032,#2033,
#2034,#2035,#2036,#2037,#2038,#2039,#2040,#2041,#2042,#2043,#2044),
 .UNSPECIFIED.,.F.,.F.,(4,1,1,1,1,1,1,1,1,1,1,1,1,1,4),(15.7079632679489,
15.9256974122572,16.4233754563902,16.9210535005232,17.4187315446563,17.9164095887893,
18.4140876329224,18.9117656770554,19.4094437211884,19.9071217653215,20.4047998094545,
20.9024778535875,21.4001558977206,21.8978339418536,21.9911485751285),
 .UNSPECIFIED.);
#152=B_SPLINE_CURVE_WITH_KNOTS('',3,(#2045,#2046,#2047,#2048,#2049,#2050,
#2051,#2052,#2053,#2054,#2055,#2056,#2057,#2058,#2059,#2060,#2061),
 .UNSPECIFIED.,.F.,.F.,(4,1,1,1,1,1,1,1,1,1,1,1,1,1,4),(15.7079632679489,
15.9256974122572,16.4233754563902,16.9210535005232,17.4187315446563,17.9164095887893,
18.4140876329224,18.9117656770554,19.4094437211884,19.9071217653215,20.4047998094545,
20.9024778535875,21.4001558977206,21.8978339418536,21.9911485751285),
 .UNSPECIFIED.);
#153=B_SPLINE_CURVE_WITH_KNOTS('',3,(#2066,#2067,#2068,#2069,#2070,#2071,
#2072,#2073,#2074,#2075,#2076,#2077,#2078,#2079,#2080,#2081),
 .UNSPECIFIED.,.F.,.F.,(4,1,1,1,1,1,1,1,1,1,1,1,1,4),(21.9911485751285,
22.3955119859866,22.8931900301197,23.3908680742527,23.8885461183858,24.3862241625188,
24.8839022066518,25.3815802507849,25.8792582949179,26.3769363390509,26.874614383184,
27.372292427317,27.86997047145,28.2743338823081),.UNSPECIFIED.);
#154=B_SPLINE_CURVE_WITH_KNOTS('',3,(#2082,#2083,#2084,#2085,#2086,#2087,
#2088,#2089,#2090,#2091,#2092,#2093,#2094,#2095,#2096,#2097),
 .UNSPECIFIED.,.F.,.F.,(4,1,1,1,1,1,1,1,1,1,1,1,1,4),(21.9911485751285,
22.3955119859866,22.8931900301197,23.3908680742527,23.8885461183858,24.3862241625188,
24.8839022066518,25.3815802507849,25.8792582949179,26.3769363390509,26.874614383184,
27.372292427317,27.86997047145,28.2743338823081),.UNSPECIFIED.);
#155=B_SPLINE_CURVE_WITH_KNOTS('',3,(#2102,#2103,#2104,#2105,#2106,#2107,
#2108,#2109,#2110,#2111,#2112,#2113,#2114,#2115,#2116,#2117,#2118),
 .UNSPECIFIED.,.F.,.F.,(4,1,1,1,1,1,1,1,1,1,1,1,1,1,4),(28.2743338823081,
28.3676485155831,28.8653265597161,29.3630046038492,29.8606826479822,30.3583606921152,
30.8560387362483,31.3537167803813,31.8513948245143,32.3490728686474,32.8467509127804,
33.3444289569134,33.8421070010465,34.3397850451795,34.5575191894876),
 .UNSPECIFIED.);
#156=B_SPLINE_CURVE_WITH_KNOTS('',3,(#2119,#2120,#2121,#2122,#2123,#2124,
#2125,#2126,#2127,#2128,#2129,#2130,#2131,#2132,#2133,#2134,#2135),
 .UNSPECIFIED.,.F.,.F.,(4,1,1,1,1,1,1,1,1,1,1,1,1,1,4),(28.2743338823081,
28.3676485155831,28.8653265597161,29.3630046038492,29.8606826479822,30.3583606921152,
30.8560387362483,31.3537167803813,31.8513948245143,32.3490728686474,32.8467509127804,
33.3444289569134,33.8421070010465,34.3397850451795,34.5575191894876),
 .UNSPECIFIED.);
#157=B_SPLINE_CURVE_WITH_KNOTS('',3,(#2140,#2141,#2142,#2143,#2144,#2145,
#2146,#2147,#2148,#2149,#2150,#2151,#2152,#2153,#2154,#2155,#2156),
 .UNSPECIFIED.,.F.,.F.,(4,1,1,1,1,1,1,1,1,1,1,1,1,1,4),(34.5575191894876,
34.8374630893126,35.3351411334456,35.8328191775786,36.3304972217117,36.8281752658447,
37.3258533099777,37.8235313541108,38.3212093982438,38.8188874423768,39.3165654865099,
39.8142435306429,40.311921574776,40.809599618909,40.8407044966672),
 .UNSPECIFIED.);
#158=B_SPLINE_CURVE_WITH_KNOTS('',3,(#2157,#2158,#2159,#2160,#2161,#2162,
#2163,#2164,#2165,#2166,#2167,#2168,#2169,#2170,#2171,#2172,#2173),
 .UNSPECIFIED.,.F.,.F.,(4,1,1,1,1,1,1,1,1,1,1,1,1,1,4),(34.5575191894876,
34.8374630893126,35.3351411334456,35.8328191775786,36.3304972217117,36.8281752658447,
37.3258533099777,37.8235313541108,38.3212093982438,38.8188874423768,39.3165654865099,
39.8142435306429,40.311921574776,40.809599618909,40.8407044966672),
 .UNSPECIFIED.);
#159=B_SPLINE_CURVE_WITH_KNOTS('',3,(#2178,#2179,#2180,#2181,#2182,#2183,
#2184,#2185,#2186,#2187,#2188,#2189,#2190,#2191,#2192,#2193),
 .UNSPECIFIED.,.F.,.F.,(4,1,1,1,1,1,1,1,1,1,1,1,1,4),(40.8407044966672,
41.307277663042,41.8049557071751,42.3026337513081,42.8003117954411,43.2979898395742,
43.7956678837072,44.2933459278402,44.7910239719733,45.2887020161063,45.7863800602394,
46.2840581043724,46.7817361485054,47.1238898038468),.UNSPECIFIED.);
#160=B_SPLINE_CURVE_WITH_KNOTS('',3,(#2194,#2195,#2196,#2197,#2198,#2199,
#2200,#2201,#2202,#2203,#2204,#2205,#2206,#2207,#2208,#2209),
 .UNSPECIFIED.,.F.,.F.,(4,1,1,1,1,1,1,1,1,1,1,1,1,4),(40.8407044966672,
41.307277663042,41.8049557071751,42.3026337513081,42.8003117954411,43.2979898395742,
43.7956678837072,44.2933459278402,44.7910239719733,45.2887020161063,45.7863800602394,
46.2840581043724,46.7817361485054,47.1238898038468),.UNSPECIFIED.);
#161=B_SPLINE_CURVE_WITH_KNOTS('',3,(#2214,#2215,#2216,#2217,#2218,#2219,
#2220,#2221,#2222,#2223,#2224,#2225,#2226,#2227,#2228,#2229,#2230),
 .UNSPECIFIED.,.F.,.F.,(4,1,1,1,1,1,1,1,1,1,1,1,1,1,4),(47.1238898038468,
47.2794141926385,47.7770922367715,48.2747702809045,48.7724483250376,49.2701263691706,
49.7678044133037,50.2654824574367,50.7631605015697,51.2608385457028,51.7585165898358,
52.2561946339688,52.7538726781019,53.2515507222349,53.4070751110264),
 .UNSPECIFIED.);
#162=B_SPLINE_CURVE_WITH_KNOTS('',3,(#2231,#2232,#2233,#2234,#2235,#2236,
#2237,#2238,#2239,#2240,#2241,#2242,#2243,#2244,#2245,#2246,#2247),
 .UNSPECIFIED.,.F.,.F.,(4,1,1,1,1,1,1,1,1,1,1,1,1,1,4),(47.1238898038468,
47.2794141926385,47.7770922367715,48.2747702809045,48.7724483250376,49.2701263691706,
49.7678044133037,50.2654824574367,50.7631605015697,51.2608385457028,51.7585165898358,
52.2561946339688,52.7538726781019,53.2515507222349,53.4070751110264),
 .UNSPECIFIED.);
#163=B_SPLINE_CURVE_WITH_KNOTS('',3,(#2252,#2253,#2254,#2255,#2256,#2257,
#2258,#2259,#2260,#2261,#2262,#2263,#2264,#2265,#2266,#2267),
 .UNSPECIFIED.,.F.,.F.,(4,1,1,1,1,1,1,1,1,1,1,1,1,4),(53.4070751110264,
53.7492287663679,54.246906810501,54.744584854634,55.2422628987671,55.7399409429001,
56.2376189870331,56.7352970311662,57.2329750752992,57.7306531194322,58.2283311635653,
58.7260092076983,59.2236872518314,59.690260418206),.UNSPECIFIED.);
#164=B_SPLINE_CURVE_WITH_KNOTS('',3,(#2268,#2269,#2270,#2271,#2272,#2273,
#2274,#2275,#2276,#2277,#2278,#2279,#2280,#2281,#2282,#2283),
 .UNSPECIFIED.,.F.,.F.,(4,1,1,1,1,1,1,1,1,1,1,1,1,4),(53.4070751110264,
53.7492287663679,54.246906810501,54.744584854634,55.2422628987671,55.7399409429001,
56.2376189870331,56.7352970311662,57.2329750752992,57.7306531194322,58.2283311635653,
58.7260092076983,59.2236872518314,59.690260418206),.UNSPECIFIED.);
#165=B_SPLINE_CURVE_WITH_KNOTS('',3,(#2288,#2289,#2290,#2291,#2292,#2293,
#2294,#2295,#2296,#2297,#2298,#2299,#2300,#2301,#2302,#2303,#2304),
 .UNSPECIFIED.,.F.,.F.,(4,1,1,1,1,1,1,1,1,1,1,1,1,1,4),(59.690260418206,
59.7213652959644,60.2190433400974,60.7167213842305,61.2143994283635,61.7120774724965,
62.2097555166296,62.7074335607626,63.2051116048956,63.7027896490287,64.2004676931617,
64.6981457372948,65.1958237814278,65.6935018255608,65.9734457253856),
 .UNSPECIFIED.);
#166=B_SPLINE_CURVE_WITH_KNOTS('',3,(#2305,#2306,#2307,#2308,#2309,#2310,
#2311,#2312,#2313,#2314,#2315,#2316,#2317,#2318,#2319,#2320,#2321),
 .UNSPECIFIED.,.F.,.F.,(4,1,1,1,1,1,1,1,1,1,1,1,1,1,4),(59.690260418206,
59.7213652959644,60.2190433400974,60.7167213842305,61.2143994283635,61.7120774724965,
62.2097555166296,62.7074335607626,63.2051116048956,63.7027896490287,64.2004676931617,
64.6981457372948,65.1958237814278,65.6935018255608,65.9734457253856),
 .UNSPECIFIED.);
#167=B_SPLINE_CURVE_WITH_KNOTS('',3,(#2326,#2327,#2328,#2329,#2330,#2331,
#2332,#2333,#2334,#2335,#2336,#2337,#2338,#2339,#2340,#2341,#2342),
 .UNSPECIFIED.,.F.,.F.,(4,1,1,1,1,1,1,1,1,1,1,1,1,1,4),(65.9734457253856,
66.1911798696939,66.6888579138269,67.1865359579599,67.684214002093,68.181892046226,
68.679570090359,69.1772481344921,69.6749261786251,70.1726042227581,70.6702822668912,
71.1679603110242,71.6656383551573,72.1633163992903,72.2566310325652),
 .UNSPECIFIED.);
#168=B_SPLINE_CURVE_WITH_KNOTS('',3,(#2343,#2344,#2345,#2346,#2347,#2348,
#2349,#2350,#2351,#2352,#2353,#2354,#2355,#2356,#2357,#2358,#2359),
 .UNSPECIFIED.,.F.,.F.,(4,1,1,1,1,1,1,1,1,1,1,1,1,1,4),(65.9734457253856,
66.1911798696939,66.6888579138269,67.1865359579599,67.684214002093,68.181892046226,
68.679570090359,69.1772481344921,69.6749261786251,70.1726042227581,70.6702822668912,
71.1679603110242,71.6656383551573,72.1633163992903,72.2566310325652),
 .UNSPECIFIED.);
#169=B_SPLINE_CURVE_WITH_KNOTS('',3,(#2364,#2365,#2366,#2367,#2368,#2369,
#2370,#2371,#2372,#2373,#2374,#2375,#2376,#2377,#2378,#2379),
 .UNSPECIFIED.,.F.,.F.,(4,1,1,1,1,1,1,1,1,1,1,1,1,4),(72.2566310325652,
72.6609944434233,73.1586724875564,73.6563505316894,74.1540285758224,74.6517066199555,
75.1493846640885,75.6470627082216,76.1447407523546,76.6424187964876,77.1400968406207,
77.6377748847537,78.1354529288867,78.5398163397448),.UNSPECIFIED.);
#170=B_SPLINE_CURVE_WITH_KNOTS('',3,(#2380,#2381,#2382,#2383,#2384,#2385,
#2386,#2387,#2388,#2389,#2390,#2391,#2392,#2393,#2394,#2395),
 .UNSPECIFIED.,.F.,.F.,(4,1,1,1,1,1,1,1,1,1,1,1,1,4),(72.2566310325652,
72.6609944434233,73.1586724875564,73.6563505316894,74.1540285758224,74.6517066199555,
75.1493846640885,75.6470627082216,76.1447407523546,76.6424187964876,77.1400968406207,
77.6377748847537,78.1354529288867,78.5398163397448),.UNSPECIFIED.);
#171=B_SPLINE_CURVE_WITH_KNOTS('',3,(#2400,#2401,#2402,#2403,#2404,#2405,
#2406,#2407,#2408,#2409,#2410,#2411,#2412,#2413,#2414,#2415,#2416),
 .UNSPECIFIED.,.F.,.F.,(4,1,1,1,1,1,1,1,1,1,1,1,1,1,4),(78.5398163397448,
78.6331309730198,79.1308090171528,79.6284870612858,80.1261651054189,80.6238431495519,
81.121521193685,81.619199237818,82.116877281951,82.6145553260841,83.1122333702171,
83.6099114143501,84.1075894584832,84.6052675026162,84.8230016469244),
 .UNSPECIFIED.);
#172=B_SPLINE_CURVE_WITH_KNOTS('',3,(#2417,#2418,#2419,#2420,#2421,#2422,
#2423,#2424,#2425,#2426,#2427,#2428,#2429,#2430,#2431,#2432,#2433),
 .UNSPECIFIED.,.F.,.F.,(4,1,1,1,1,1,1,1,1,1,1,1,1,1,4),(78.5398163397448,
78.6331309730198,79.1308090171528,79.6284870612858,80.1261651054189,80.6238431495519,
81.121521193685,81.619199237818,82.116877281951,82.6145553260841,83.1122333702171,
83.6099114143501,84.1075894584832,84.6052675026162,84.8230016469244),
 .UNSPECIFIED.);
#173=B_SPLINE_CURVE_WITH_KNOTS('',3,(#2438,#2439,#2440,#2441,#2442,#2443,
#2444,#2445,#2446,#2447,#2448,#2449,#2450,#2451,#2452,#2453,#2454),
 .UNSPECIFIED.,.F.,.F.,(4,1,1,1,1,1,1,1,1,1,1,1,1,1,4),(84.8230016469244,
85.1029455467492,85.6006235908823,86.0983016350153,86.5959796791484,87.0936577232814,
87.5913357674144,88.0890138115475,88.5866918556805,89.0843698998135,89.5820479439466,
90.0797259880796,90.5774040322126,91.0750820763457,91.106186954104),
 .UNSPECIFIED.);
#174=B_SPLINE_CURVE_WITH_KNOTS('',3,(#2455,#2456,#2457,#2458,#2459,#2460,
#2461,#2462,#2463,#2464,#2465,#2466,#2467,#2468,#2469,#2470,#2471),
 .UNSPECIFIED.,.F.,.F.,(4,1,1,1,1,1,1,1,1,1,1,1,1,1,4),(84.8230016469244,
85.1029455467492,85.6006235908823,86.0983016350153,86.5959796791484,87.0936577232814,
87.5913357674144,88.0890138115475,88.5866918556805,89.0843698998135,89.5820479439466,
90.0797259880796,90.5774040322126,91.0750820763457,91.106186954104),
 .UNSPECIFIED.);
#175=B_SPLINE_CURVE_WITH_KNOTS('',3,(#2476,#2477,#2478,#2479,#2480,#2481,
#2482,#2483,#2484,#2485,#2486,#2487,#2488,#2489,#2490,#2491),
 .UNSPECIFIED.,.F.,.F.,(4,1,1,1,1,1,1,1,1,1,1,1,1,4),(91.106186954104,91.5727601204787,
92.0704381646118,92.5681162087448,93.0657942528778,93.5634722970109,94.0611503411439,
94.5588283852769,95.05650642941,95.554184473543,96.0518625176761,96.5495405618091,
97.0472186059421,97.3893722612836),.UNSPECIFIED.);
#176=B_SPLINE_CURVE_WITH_KNOTS('',3,(#2492,#2493,#2494,#2495,#2496,#2497,
#2498,#2499,#2500,#2501,#2502,#2503,#2504,#2505,#2506,#2507),
 .UNSPECIFIED.,.F.,.F.,(4,1,1,1,1,1,1,1,1,1,1,1,1,4),(91.106186954104,91.5727601204787,
92.0704381646118,92.5681162087448,93.0657942528778,93.5634722970109,94.0611503411439,
94.5588283852769,95.05650642941,95.554184473543,96.0518625176761,96.5495405618091,
97.0472186059421,97.3893722612836),.UNSPECIFIED.);
#177=B_SPLINE_CURVE_WITH_KNOTS('',3,(#3337,#3338,#3339,#3340,#3341,#3342,
#3343,#3344,#3345,#3346,#3347,#3348,#3349,#3350,#3351,#3352,#3353,#3354,
#3355,#3356,#3357,#3358,#3359,#3360,#3361,#3362,#3363,#3364,#3365,#3366,
#3367,#3368,#3369,#3370,#3371,#3372,#3373,#3374,#3375,#3376,#3377,#3378,
#3379),.UNSPECIFIED.,.F.,.F.,(4,3,3,3,3,3,3,3,3,3,3,3,3,3,4),(-95.8185759344887,
-95.554184473543,-95.05650642941,-94.558828385277,-94.0611503411439,-93.5634722970109,
-93.0657942528778,-92.5681162087448,-92.0704381646118,-91.5727601204787,
-91.0750820763457,-90.5774040322126,-90.0797259880796,-89.5820479439466,
-89.5353906273092),.UNSPECIFIED.);
#178=B_SPLINE_CURVE_WITH_KNOTS('',3,(#3382,#3383,#3384,#3385,#3386,#3387,
#3388,#3389,#3390,#3391),.UNSPECIFIED.,.F.,.F.,(4,1,1,1,1,1,1,4),(97.3893722612836,
97.5448966500752,98.0425746942082,98.5402527383412,99.0379307824743,99.5356088266073,
100.03328687074,100.530964914873),.UNSPECIFIED.);
#179=B_SPLINE_CURVE_WITH_KNOTS('',3,(#3395,#3396,#3397,#3398,#3399,#3400,
#3401,#3402,#3403,#3404),.UNSPECIFIED.,.F.,.F.,(4,1,1,1,1,1,1,4),(97.3893722612836,
97.5448966500752,98.0425746942082,98.5402527383412,99.0379307824743,99.5356088266073,
100.03328687074,100.530964914873),.UNSPECIFIED.);
#180=B_SPLINE_CURVE_WITH_KNOTS('',3,(#4227,#4228,#4229,#4230,#4231,#4232,
#4233,#4234,#4235,#4236,#4237,#4238,#4239,#4240,#4241,#4242),
 .UNSPECIFIED.,.F.,.F.,(4,1,1,1,1,1,1,1,1,1,1,1,1,4),(83.2522053201295,
83.6099114143501,84.1075894584832,84.6052675026162,85.1029455467492,85.6006235908823,
86.0983016350153,86.5959796791484,87.0936577232814,87.5913357674144,88.0890138115475,
88.5866918556805,89.0843698998135,89.5353906273091),.UNSPECIFIED.);
#181=LINE('',#969,#223);
#182=LINE('',#988,#224);
#183=LINE('',#1031,#225);
#184=LINE('',#1042,#226);
#185=LINE('',#1105,#227);
#186=LINE('',#1169,#228);
#187=LINE('',#1230,#229);
#188=LINE('',#1293,#230);
#189=LINE('',#1354,#231);
#190=LINE('',#1417,#232);
#191=LINE('',#1481,#233);
#192=LINE('',#1542,#234);
#193=LINE('',#1605,#235);
#194=LINE('',#1669,#236);
#195=LINE('',#1730,#237);
#196=LINE('',#1793,#238);
#197=LINE('',#1855,#239);
#198=LINE('',#1871,#240);
#199=LINE('',#1905,#241);
#200=LINE('',#1926,#242);
#201=LINE('',#1939,#243);
#202=LINE('',#1953,#244);
#203=LINE('',#1989,#245);
#204=LINE('',#2027,#246);
#205=LINE('',#2065,#247);
#206=LINE('',#2101,#248);
#207=LINE('',#2139,#249);
#208=LINE('',#2177,#250);
#209=LINE('',#2213,#251);
#210=LINE('',#2251,#252);
#211=LINE('',#2287,#253);
#212=LINE('',#2325,#254);
#213=LINE('',#2363,#255);
#214=LINE('',#2399,#256);
#215=LINE('',#2437,#257);
#216=LINE('',#2475,#258);
#217=LINE('',#2514,#259);
#218=LINE('',#3336,#260);
#219=LINE('',#3381,#261);
#220=LINE('',#3394,#262);
#221=LINE('',#4225,#263);
#222=LINE('',#4226,#264);
#223=VECTOR('',#835,2.5);
#224=VECTOR('',#840,2.5);
#225=VECTOR('',#843,10.);
#226=VECTOR('',#846,2.5);
#227=VECTOR('',#849,2.5);
#228=VECTOR('',#852,2.5);
#229=VECTOR('',#855,2.5);
#230=VECTOR('',#858,2.5);
#231=VECTOR('',#861,2.5);
#232=VECTOR('',#864,2.5);
#233=VECTOR('',#867,2.5);
#234=VECTOR('',#870,2.5);
#235=VECTOR('',#873,2.5);
#236=VECTOR('',#876,2.5);
#237=VECTOR('',#879,2.5);
#238=VECTOR('',#882,2.5);
#239=VECTOR('',#887,2.5);
#240=VECTOR('',#888,10.);
#241=VECTOR('',#889,2.5);
#242=VECTOR('',#892,17.5);
#243=VECTOR('',#893,10.);
#244=VECTOR('',#896,17.5);
#245=VECTOR('',#899,17.5);
#246=VECTOR('',#902,17.5);
#247=VECTOR('',#905,17.5);
#248=VECTOR('',#908,17.5);
#249=VECTOR('',#911,17.5);
#250=VECTOR('',#914,17.5);
#251=VECTOR('',#917,17.5);
#252=VECTOR('',#920,17.5);
#253=VECTOR('',#923,17.5);
#254=VECTOR('',#926,17.5);
#255=VECTOR('',#929,17.5);
#256=VECTOR('',#932,17.5);
#257=VECTOR('',#935,17.5);
#258=VECTOR('',#938,17.5);
#259=VECTOR('',#947,4.);
#260=VECTOR('',#950,10.);
#261=VECTOR('',#951,10.);
#262=VECTOR('',#954,10.);
#263=VECTOR('',#955,10.);
#264=VECTOR('',#956,10.);
#265=VERTEX_POINT('',#967);
#266=VERTEX_POINT('',#968);
#267=VERTEX_POINT('',#970);
#268=VERTEX_POINT('',#986);
#269=VERTEX_POINT('',#987);
#270=VERTEX_POINT('',#1030);
#271=VERTEX_POINT('',#1040);
#272=VERTEX_POINT('',#1041);
#273=VERTEX_POINT('',#1103);
#274=VERTEX_POINT('',#1104);
#275=VERTEX_POINT('',#1167);
#276=VERTEX_POINT('',#1168);
#277=VERTEX_POINT('',#1228);
#278=VERTEX_POINT('',#1229);
#279=VERTEX_POINT('',#1291);
#280=VERTEX_POINT('',#1292);
#281=VERTEX_POINT('',#1352);
#282=VERTEX_POINT('',#1353);
#283=VERTEX_POINT('',#1415);
#284=VERTEX_POINT('',#1416);
#285=VERTEX_POINT('',#1479);
#286=VERTEX_POINT('',#1480);
#287=VERTEX_POINT('',#1540);
#288=VERTEX_POINT('',#1541);
#289=VERTEX_POINT('',#1603);
#290=VERTEX_POINT('',#1604);
#291=VERTEX_POINT('',#1667);
#292=VERTEX_POINT('',#1668);
#293=VERTEX_POINT('',#1728);
#294=VERTEX_POINT('',#1729);
#295=VERTEX_POINT('',#1791);
#296=VERTEX_POINT('',#1792);
#297=VERTEX_POINT('',#1852);
#298=VERTEX_POINT('',#1854);
#299=VERTEX_POINT('',#1856);
#300=VERTEX_POINT('',#1870);
#301=VERTEX_POINT('',#1872);
#302=VERTEX_POINT('',#1904);
#303=VERTEX_POINT('',#1924);
#304=VERTEX_POINT('',#1925);
#305=VERTEX_POINT('',#1927);
#306=VERTEX_POINT('',#1938);
#307=VERTEX_POINT('',#1951);
#308=VERTEX_POINT('',#1952);
#309=VERTEX_POINT('',#1987);
#310=VERTEX_POINT('',#1988);
#311=VERTEX_POINT('',#2025);
#312=VERTEX_POINT('',#2026);
#313=VERTEX_POINT('',#2063);
#314=VERTEX_POINT('',#2064);
#315=VERTEX_POINT('',#2099);
#316=VERTEX_POINT('',#2100);
#317=VERTEX_POINT('',#2137);
#318=VERTEX_POINT('',#2138);
#319=VERTEX_POINT('',#2175);
#320=VERTEX_POINT('',#2176);
#321=VERTEX_POINT('',#2211);
#322=VERTEX_POINT('',#2212);
#323=VERTEX_POINT('',#2249);
#324=VERTEX_POINT('',#2250);
#325=VERTEX_POINT('',#2285);
#326=VERTEX_POINT('',#2286);
#327=VERTEX_POINT('',#2323);
#328=VERTEX_POINT('',#2324);
#329=VERTEX_POINT('',#2361);
#330=VERTEX_POINT('',#2362);
#331=VERTEX_POINT('',#2397);
#332=VERTEX_POINT('',#2398);
#333=VERTEX_POINT('',#2435);
#334=VERTEX_POINT('',#2436);
#335=VERTEX_POINT('',#2473);
#336=VERTEX_POINT('',#2474);
#337=VERTEX_POINT('',#2509);
#338=VERTEX_POINT('',#2512);
#339=VERTEX_POINT('',#3380);
#340=VERTEX_POINT('',#3393);
#341=EDGE_CURVE('',#265,#266,#181,.T.);
#342=EDGE_CURVE('',#265,#267,#113,.T.);
#343=EDGE_CURVE('',#267,#266,#108,.T.);
#344=EDGE_CURVE('',#268,#269,#182,.T.);
#345=EDGE_CURVE('',#268,#265,#114,.T.);
#346=EDGE_CURVE('',#266,#267,#109,.T.);
#347=EDGE_CURVE('',#267,#270,#183,.T.);
#348=EDGE_CURVE('',#270,#269,#115,.T.);
#349=EDGE_CURVE('',#271,#272,#184,.T.);
#350=EDGE_CURVE('',#271,#268,#116,.T.);
#351=EDGE_CURVE('',#269,#272,#117,.T.);
#352=EDGE_CURVE('',#273,#274,#185,.T.);
#353=EDGE_CURVE('',#273,#271,#118,.T.);
#354=EDGE_CURVE('',#272,#274,#119,.T.);
#355=EDGE_CURVE('',#275,#276,#186,.T.);
#356=EDGE_CURVE('',#275,#273,#120,.T.);
#357=EDGE_CURVE('',#274,#276,#121,.T.);
#358=EDGE_CURVE('',#277,#278,#187,.T.);
#359=EDGE_CURVE('',#277,#275,#122,.T.);
#360=EDGE_CURVE('',#276,#278,#123,.T.);
#361=EDGE_CURVE('',#279,#280,#188,.T.);
#362=EDGE_CURVE('',#279,#277,#124,.T.);
#363=EDGE_CURVE('',#278,#280,#125,.T.);
#364=EDGE_CURVE('',#281,#282,#189,.T.);
#365=EDGE_CURVE('',#281,#279,#126,.T.);
#366=EDGE_CURVE('',#280,#282,#127,.T.);
#367=EDGE_CURVE('',#283,#284,#190,.T.);
#368=EDGE_CURVE('',#283,#281,#128,.T.);
#369=EDGE_CURVE('',#282,#284,#129,.T.);
#370=EDGE_CURVE('',#285,#286,#191,.T.);
#371=EDGE_CURVE('',#285,#283,#130,.T.);
#372=EDGE_CURVE('',#284,#286,#131,.T.);
#373=EDGE_CURVE('',#287,#288,#192,.T.);
#374=EDGE_CURVE('',#287,#285,#132,.T.);
#375=EDGE_CURVE('',#286,#288,#133,.T.);
#376=EDGE_CURVE('',#289,#290,#193,.T.);
#377=EDGE_CURVE('',#289,#287,#134,.T.);
#378=EDGE_CURVE('',#288,#290,#135,.T.);
#379=EDGE_CURVE('',#291,#292,#194,.T.);
#380=EDGE_CURVE('',#291,#289,#136,.T.);
#381=EDGE_CURVE('',#290,#292,#137,.T.);
#382=EDGE_CURVE('',#293,#294,#195,.T.);
#383=EDGE_CURVE('',#293,#291,#138,.T.);
#384=EDGE_CURVE('',#292,#294,#139,.T.);
#385=EDGE_CURVE('',#295,#296,#196,.T.);
#386=EDGE_CURVE('',#295,#293,#140,.T.);
#387=EDGE_CURVE('',#294,#296,#141,.T.);
#388=EDGE_CURVE('',#297,#297,#110,.T.);
#389=EDGE_CURVE('',#297,#298,#197,.T.);
#390=EDGE_CURVE('',#298,#299,#142,.T.);
#391=EDGE_CURVE('',#299,#300,#198,.T.);
#392=EDGE_CURVE('',#300,#301,#143,.T.);
#393=EDGE_CURVE('',#301,#302,#199,.T.);
#394=EDGE_CURVE('',#302,#298,#144,.T.);
#395=EDGE_CURVE('',#303,#304,#200,.T.);
#396=EDGE_CURVE('',#305,#303,#145,.T.);
#397=EDGE_CURVE('',#305,#306,#201,.T.);
#398=EDGE_CURVE('',#306,#304,#146,.T.);
#399=EDGE_CURVE('',#307,#308,#202,.T.);
#400=EDGE_CURVE('',#303,#307,#147,.T.);
#401=EDGE_CURVE('',#304,#308,#148,.T.);
#402=EDGE_CURVE('',#309,#310,#203,.T.);
#403=EDGE_CURVE('',#307,#309,#149,.T.);
#404=EDGE_CURVE('',#308,#310,#150,.T.);
#405=EDGE_CURVE('',#311,#312,#204,.T.);
#406=EDGE_CURVE('',#309,#311,#151,.T.);
#407=EDGE_CURVE('',#310,#312,#152,.T.);
#408=EDGE_CURVE('',#313,#314,#205,.T.);
#409=EDGE_CURVE('',#311,#313,#153,.T.);
#410=EDGE_CURVE('',#312,#314,#154,.T.);
#411=EDGE_CURVE('',#315,#316,#206,.T.);
#412=EDGE_CURVE('',#313,#315,#155,.T.);
#413=EDGE_CURVE('',#314,#316,#156,.T.);
#414=EDGE_CURVE('',#317,#318,#207,.T.);
#415=EDGE_CURVE('',#315,#317,#157,.T.);
#416=EDGE_CURVE('',#316,#318,#158,.T.);
#417=EDGE_CURVE('',#319,#320,#208,.T.);
#418=EDGE_CURVE('',#317,#319,#159,.T.);
#419=EDGE_CURVE('',#318,#320,#160,.T.);
#420=EDGE_CURVE('',#321,#322,#209,.T.);
#421=EDGE_CURVE('',#319,#321,#161,.T.);
#422=EDGE_CURVE('',#320,#322,#162,.T.);
#423=EDGE_CURVE('',#323,#324,#210,.T.);
#424=EDGE_CURVE('',#321,#323,#163,.T.);
#425=EDGE_CURVE('',#322,#324,#164,.T.);
#426=EDGE_CURVE('',#325,#326,#211,.T.);
#427=EDGE_CURVE('',#323,#325,#165,.T.);
#428=EDGE_CURVE('',#324,#326,#166,.T.);
#429=EDGE_CURVE('',#327,#328,#212,.T.);
#430=EDGE_CURVE('',#325,#327,#167,.T.);
#431=EDGE_CURVE('',#326,#328,#168,.T.);
#432=EDGE_CURVE('',#329,#330,#213,.T.);
#433=EDGE_CURVE('',#327,#329,#169,.T.);
#434=EDGE_CURVE('',#328,#330,#170,.T.);
#435=EDGE_CURVE('',#331,#332,#214,.T.);
#436=EDGE_CURVE('',#329,#331,#171,.T.);
#437=EDGE_CURVE('',#330,#332,#172,.T.);
#438=EDGE_CURVE('',#333,#334,#215,.T.);
#439=EDGE_CURVE('',#331,#333,#173,.T.);
#440=EDGE_CURVE('',#332,#334,#174,.T.);
#441=EDGE_CURVE('',#335,#336,#216,.T.);
#442=EDGE_CURVE('',#333,#335,#175,.T.);
#443=EDGE_CURVE('',#334,#336,#176,.T.);
#444=EDGE_CURVE('',#337,#337,#111,.T.);
#445=EDGE_CURVE('',#338,#338,#112,.T.);
#446=EDGE_CURVE('',#338,#337,#217,.T.);
#447=EDGE_CURVE('',#306,#267,#218,.T.);
#448=EDGE_CURVE('',#301,#295,#177,.T.);
#449=EDGE_CURVE('',#339,#300,#219,.T.);
#450=EDGE_CURVE('',#336,#339,#178,.T.);
#451=EDGE_CURVE('',#340,#339,#220,.T.);
#452=EDGE_CURVE('',#335,#340,#179,.T.);
#453=EDGE_CURVE('',#270,#305,#221,.T.);
#454=EDGE_CURVE('',#299,#340,#222,.T.);
#455=EDGE_CURVE('',#296,#302,#180,.T.);
#456=ORIENTED_EDGE('',*,*,#341,.F.);
#457=ORIENTED_EDGE('',*,*,#342,.T.);
#458=ORIENTED_EDGE('',*,*,#343,.T.);
#459=ORIENTED_EDGE('',*,*,#344,.F.);
#460=ORIENTED_EDGE('',*,*,#345,.T.);
#461=ORIENTED_EDGE('',*,*,#341,.T.);
#462=ORIENTED_EDGE('',*,*,#346,.T.);
#463=ORIENTED_EDGE('',*,*,#347,.T.);
#464=ORIENTED_EDGE('',*,*,#348,.T.);
#465=ORIENTED_EDGE('',*,*,#349,.F.);
#466=ORIENTED_EDGE('',*,*,#350,.T.);
#467=ORIENTED_EDGE('',*,*,#344,.T.);
#468=ORIENTED_EDGE('',*,*,#351,.T.);
#469=ORIENTED_EDGE('',*,*,#352,.F.);
#470=ORIENTED_EDGE('',*,*,#353,.T.);
#471=ORIENTED_EDGE('',*,*,#349,.T.);
#472=ORIENTED_EDGE('',*,*,#354,.T.);
#473=ORIENTED_EDGE('',*,*,#355,.F.);
#474=ORIENTED_EDGE('',*,*,#356,.T.);
#475=ORIENTED_EDGE('',*,*,#352,.T.);
#476=ORIENTED_EDGE('',*,*,#357,.T.);
#477=ORIENTED_EDGE('',*,*,#358,.F.);
#478=ORIENTED_EDGE('',*,*,#359,.T.);
#479=ORIENTED_EDGE('',*,*,#355,.T.);
#480=ORIENTED_EDGE('',*,*,#360,.T.);
#481=ORIENTED_EDGE('',*,*,#361,.F.);
#482=ORIENTED_EDGE('',*,*,#362,.T.);
#483=ORIENTED_EDGE('',*,*,#358,.T.);
#484=ORIENTED_EDGE('',*,*,#363,.T.);
#485=ORIENTED_EDGE('',*,*,#364,.F.);
#486=ORIENTED_EDGE('',*,*,#365,.T.);
#487=ORIENTED_EDGE('',*,*,#361,.T.);
#488=ORIENTED_EDGE('',*,*,#366,.T.);
#489=ORIENTED_EDGE('',*,*,#367,.F.);
#490=ORIENTED_EDGE('',*,*,#368,.T.);
#491=ORIENTED_EDGE('',*,*,#364,.T.);
#492=ORIENTED_EDGE('',*,*,#369,.T.);
#493=ORIENTED_EDGE('',*,*,#370,.F.);
#494=ORIENTED_EDGE('',*,*,#371,.T.);
#495=ORIENTED_EDGE('',*,*,#367,.T.);
#496=ORIENTED_EDGE('',*,*,#372,.T.);
#497=ORIENTED_EDGE('',*,*,#373,.F.);
#498=ORIENTED_EDGE('',*,*,#374,.T.);
#499=ORIENTED_EDGE('',*,*,#370,.T.);
#500=ORIENTED_EDGE('',*,*,#375,.T.);
#501=ORIENTED_EDGE('',*,*,#376,.F.);
#502=ORIENTED_EDGE('',*,*,#377,.T.);
#503=ORIENTED_EDGE('',*,*,#373,.T.);
#504=ORIENTED_EDGE('',*,*,#378,.T.);
#505=ORIENTED_EDGE('',*,*,#379,.F.);
#506=ORIENTED_EDGE('',*,*,#380,.T.);
#507=ORIENTED_EDGE('',*,*,#376,.T.);
#508=ORIENTED_EDGE('',*,*,#381,.T.);
#509=ORIENTED_EDGE('',*,*,#382,.F.);
#510=ORIENTED_EDGE('',*,*,#383,.T.);
#511=ORIENTED_EDGE('',*,*,#379,.T.);
#512=ORIENTED_EDGE('',*,*,#384,.T.);
#513=ORIENTED_EDGE('',*,*,#385,.F.);
#514=ORIENTED_EDGE('',*,*,#386,.T.);
#515=ORIENTED_EDGE('',*,*,#382,.T.);
#516=ORIENTED_EDGE('',*,*,#387,.T.);
#517=ORIENTED_EDGE('',*,*,#388,.F.);
#518=ORIENTED_EDGE('',*,*,#389,.T.);
#519=ORIENTED_EDGE('',*,*,#390,.T.);
#520=ORIENTED_EDGE('',*,*,#391,.T.);
#521=ORIENTED_EDGE('',*,*,#392,.T.);
#522=ORIENTED_EDGE('',*,*,#393,.T.);
#523=ORIENTED_EDGE('',*,*,#394,.T.);
#524=ORIENTED_EDGE('',*,*,#389,.F.);
#525=ORIENTED_EDGE('',*,*,#395,.F.);
#526=ORIENTED_EDGE('',*,*,#396,.F.);
#527=ORIENTED_EDGE('',*,*,#397,.T.);
#528=ORIENTED_EDGE('',*,*,#398,.T.);
#529=ORIENTED_EDGE('',*,*,#399,.F.);
#530=ORIENTED_EDGE('',*,*,#400,.F.);
#531=ORIENTED_EDGE('',*,*,#395,.T.);
#532=ORIENTED_EDGE('',*,*,#401,.T.);
#533=ORIENTED_EDGE('',*,*,#402,.F.);
#534=ORIENTED_EDGE('',*,*,#403,.F.);
#535=ORIENTED_EDGE('',*,*,#399,.T.);
#536=ORIENTED_EDGE('',*,*,#404,.T.);
#537=ORIENTED_EDGE('',*,*,#405,.F.);
#538=ORIENTED_EDGE('',*,*,#406,.F.);
#539=ORIENTED_EDGE('',*,*,#402,.T.);
#540=ORIENTED_EDGE('',*,*,#407,.T.);
#541=ORIENTED_EDGE('',*,*,#408,.F.);
#542=ORIENTED_EDGE('',*,*,#409,.F.);
#543=ORIENTED_EDGE('',*,*,#405,.T.);
#544=ORIENTED_EDGE('',*,*,#410,.T.);
#545=ORIENTED_EDGE('',*,*,#411,.F.);
#546=ORIENTED_EDGE('',*,*,#412,.F.);
#547=ORIENTED_EDGE('',*,*,#408,.T.);
#548=ORIENTED_EDGE('',*,*,#413,.T.);
#549=ORIENTED_EDGE('',*,*,#414,.F.);
#550=ORIENTED_EDGE('',*,*,#415,.F.);
#551=ORIENTED_EDGE('',*,*,#411,.T.);
#552=ORIENTED_EDGE('',*,*,#416,.T.);
#553=ORIENTED_EDGE('',*,*,#417,.F.);
#554=ORIENTED_EDGE('',*,*,#418,.F.);
#555=ORIENTED_EDGE('',*,*,#414,.T.);
#556=ORIENTED_EDGE('',*,*,#419,.T.);
#557=ORIENTED_EDGE('',*,*,#420,.F.);
#558=ORIENTED_EDGE('',*,*,#421,.F.);
#559=ORIENTED_EDGE('',*,*,#417,.T.);
#560=ORIENTED_EDGE('',*,*,#422,.T.);
#561=ORIENTED_EDGE('',*,*,#423,.F.);
#562=ORIENTED_EDGE('',*,*,#424,.F.);
#563=ORIENTED_EDGE('',*,*,#420,.T.);
#564=ORIENTED_EDGE('',*,*,#425,.T.);
#565=ORIENTED_EDGE('',*,*,#426,.F.);
#566=ORIENTED_EDGE('',*,*,#427,.F.);
#567=ORIENTED_EDGE('',*,*,#423,.T.);
#568=ORIENTED_EDGE('',*,*,#428,.T.);
#569=ORIENTED_EDGE('',*,*,#429,.F.);
#570=ORIENTED_EDGE('',*,*,#430,.F.);
#571=ORIENTED_EDGE('',*,*,#426,.T.);
#572=ORIENTED_EDGE('',*,*,#431,.T.);
#573=ORIENTED_EDGE('',*,*,#432,.F.);
#574=ORIENTED_EDGE('',*,*,#433,.F.);
#575=ORIENTED_EDGE('',*,*,#429,.T.);
#576=ORIENTED_EDGE('',*,*,#434,.T.);
#577=ORIENTED_EDGE('',*,*,#435,.F.);
#578=ORIENTED_EDGE('',*,*,#436,.F.);
#579=ORIENTED_EDGE('',*,*,#432,.T.);
#580=ORIENTED_EDGE('',*,*,#437,.T.);
#581=ORIENTED_EDGE('',*,*,#438,.F.);
#582=ORIENTED_EDGE('',*,*,#439,.F.);
#583=ORIENTED_EDGE('',*,*,#435,.T.);
#584=ORIENTED_EDGE('',*,*,#440,.T.);
#585=ORIENTED_EDGE('',*,*,#441,.F.);
#586=ORIENTED_EDGE('',*,*,#442,.F.);
#587=ORIENTED_EDGE('',*,*,#438,.T.);
#588=ORIENTED_EDGE('',*,*,#443,.T.);
#589=ORIENTED_EDGE('',*,*,#444,.F.);
#590=ORIENTED_EDGE('',*,*,#388,.T.);
#591=ORIENTED_EDGE('',*,*,#445,.F.);
#592=ORIENTED_EDGE('',*,*,#446,.T.);
#593=ORIENTED_EDGE('',*,*,#444,.T.);
#594=ORIENTED_EDGE('',*,*,#446,.F.);
#595=ORIENTED_EDGE('',*,*,#445,.T.);
#596=ORIENTED_EDGE('',*,*,#447,.T.);
#597=ORIENTED_EDGE('',*,*,#342,.F.);
#598=ORIENTED_EDGE('',*,*,#345,.F.);
#599=ORIENTED_EDGE('',*,*,#350,.F.);
#600=ORIENTED_EDGE('',*,*,#353,.F.);
#601=ORIENTED_EDGE('',*,*,#356,.F.);
#602=ORIENTED_EDGE('',*,*,#359,.F.);
#603=ORIENTED_EDGE('',*,*,#362,.F.);
#604=ORIENTED_EDGE('',*,*,#365,.F.);
#605=ORIENTED_EDGE('',*,*,#368,.F.);
#606=ORIENTED_EDGE('',*,*,#371,.F.);
#607=ORIENTED_EDGE('',*,*,#374,.F.);
#608=ORIENTED_EDGE('',*,*,#377,.F.);
#609=ORIENTED_EDGE('',*,*,#380,.F.);
#610=ORIENTED_EDGE('',*,*,#383,.F.);
#611=ORIENTED_EDGE('',*,*,#386,.F.);
#612=ORIENTED_EDGE('',*,*,#448,.F.);
#613=ORIENTED_EDGE('',*,*,#392,.F.);
#614=ORIENTED_EDGE('',*,*,#449,.F.);
#615=ORIENTED_EDGE('',*,*,#450,.F.);
#616=ORIENTED_EDGE('',*,*,#443,.F.);
#617=ORIENTED_EDGE('',*,*,#440,.F.);
#618=ORIENTED_EDGE('',*,*,#437,.F.);
#619=ORIENTED_EDGE('',*,*,#434,.F.);
#620=ORIENTED_EDGE('',*,*,#431,.F.);
#621=ORIENTED_EDGE('',*,*,#428,.F.);
#622=ORIENTED_EDGE('',*,*,#425,.F.);
#623=ORIENTED_EDGE('',*,*,#422,.F.);
#624=ORIENTED_EDGE('',*,*,#419,.F.);
#625=ORIENTED_EDGE('',*,*,#416,.F.);
#626=ORIENTED_EDGE('',*,*,#413,.F.);
#627=ORIENTED_EDGE('',*,*,#410,.F.);
#628=ORIENTED_EDGE('',*,*,#407,.F.);
#629=ORIENTED_EDGE('',*,*,#404,.F.);
#630=ORIENTED_EDGE('',*,*,#401,.F.);
#631=ORIENTED_EDGE('',*,*,#398,.F.);
#632=ORIENTED_EDGE('',*,*,#441,.T.);
#633=ORIENTED_EDGE('',*,*,#450,.T.);
#634=ORIENTED_EDGE('',*,*,#451,.F.);
#635=ORIENTED_EDGE('',*,*,#452,.F.);
#636=ORIENTED_EDGE('',*,*,#453,.T.);
#637=ORIENTED_EDGE('',*,*,#396,.T.);
#638=ORIENTED_EDGE('',*,*,#400,.T.);
#639=ORIENTED_EDGE('',*,*,#403,.T.);
#640=ORIENTED_EDGE('',*,*,#406,.T.);
#641=ORIENTED_EDGE('',*,*,#409,.T.);
#642=ORIENTED_EDGE('',*,*,#412,.T.);
#643=ORIENTED_EDGE('',*,*,#415,.T.);
#644=ORIENTED_EDGE('',*,*,#418,.T.);
#645=ORIENTED_EDGE('',*,*,#421,.T.);
#646=ORIENTED_EDGE('',*,*,#424,.T.);
#647=ORIENTED_EDGE('',*,*,#427,.T.);
#648=ORIENTED_EDGE('',*,*,#430,.T.);
#649=ORIENTED_EDGE('',*,*,#433,.T.);
#650=ORIENTED_EDGE('',*,*,#436,.T.);
#651=ORIENTED_EDGE('',*,*,#439,.T.);
#652=ORIENTED_EDGE('',*,*,#442,.T.);
#653=ORIENTED_EDGE('',*,*,#452,.T.);
#654=ORIENTED_EDGE('',*,*,#454,.F.);
#655=ORIENTED_EDGE('',*,*,#390,.F.);
#656=ORIENTED_EDGE('',*,*,#394,.F.);
#657=ORIENTED_EDGE('',*,*,#455,.F.);
#658=ORIENTED_EDGE('',*,*,#387,.F.);
#659=ORIENTED_EDGE('',*,*,#384,.F.);
#660=ORIENTED_EDGE('',*,*,#381,.F.);
#661=ORIENTED_EDGE('',*,*,#378,.F.);
#662=ORIENTED_EDGE('',*,*,#375,.F.);
#663=ORIENTED_EDGE('',*,*,#372,.F.);
#664=ORIENTED_EDGE('',*,*,#369,.F.);
#665=ORIENTED_EDGE('',*,*,#366,.F.);
#666=ORIENTED_EDGE('',*,*,#363,.F.);
#667=ORIENTED_EDGE('',*,*,#360,.F.);
#668=ORIENTED_EDGE('',*,*,#357,.F.);
#669=ORIENTED_EDGE('',*,*,#354,.F.);
#670=ORIENTED_EDGE('',*,*,#351,.F.);
#671=ORIENTED_EDGE('',*,*,#348,.F.);
#672=ORIENTED_EDGE('',*,*,#391,.F.);
#673=ORIENTED_EDGE('',*,*,#454,.T.);
#674=ORIENTED_EDGE('',*,*,#451,.T.);
#675=ORIENTED_EDGE('',*,*,#449,.T.);
#676=ORIENTED_EDGE('',*,*,#347,.F.);
#677=ORIENTED_EDGE('',*,*,#447,.F.);
#678=ORIENTED_EDGE('',*,*,#397,.F.);
#679=ORIENTED_EDGE('',*,*,#453,.F.);
#680=ORIENTED_EDGE('',*,*,#393,.F.);
#681=ORIENTED_EDGE('',*,*,#448,.T.);
#682=ORIENTED_EDGE('',*,*,#385,.T.);
#683=ORIENTED_EDGE('',*,*,#455,.T.);
#684=ORIENTED_EDGE('',*,*,#343,.F.);
#685=ORIENTED_EDGE('',*,*,#346,.F.);
#686=CYLINDRICAL_SURFACE('',#786,2.5);
#687=CYLINDRICAL_SURFACE('',#788,2.5);
#688=CYLINDRICAL_SURFACE('',#790,2.5);
#689=CYLINDRICAL_SURFACE('',#791,2.5);
#690=CYLINDRICAL_SURFACE('',#792,2.5);
#691=CYLINDRICAL_SURFACE('',#793,2.5);
#692=CYLINDRICAL_SURFACE('',#794,2.5);
#693=CYLINDRICAL_SURFACE('',#795,2.5);
#694=CYLINDRICAL_SURFACE('',#796,2.5);
#695=CYLINDRICAL_SURFACE('',#797,2.5);
#696=CYLINDRICAL_SURFACE('',#798,2.5);
#697=CYLINDRICAL_SURFACE('',#799,2.5);
#698=CYLINDRICAL_SURFACE('',#800,2.5);
#699=CYLINDRICAL_SURFACE('',#801,2.5);
#700=CYLINDRICAL_SURFACE('',#802,2.5);
#701=CYLINDRICAL_SURFACE('',#803,2.5);
#702=CYLINDRICAL_SURFACE('',#805,17.5);
#703=CYLINDRICAL_SURFACE('',#806,17.5);
#704=CYLINDRICAL_SURFACE('',#807,17.5);
#705=CYLINDRICAL_SURFACE('',#808,17.5);
#706=CYLINDRICAL_SURFACE('',#809,17.5);
#707=CYLINDRICAL_SURFACE('',#810,17.5);
#708=CYLINDRICAL_SURFACE('',#811,17.5);
#709=CYLINDRICAL_SURFACE('',#812,17.5);
#710=CYLINDRICAL_SURFACE('',#813,17.5);
#711=CYLINDRICAL_SURFACE('',#814,17.5);
#712=CYLINDRICAL_SURFACE('',#815,17.5);
#713=CYLINDRICAL_SURFACE('',#816,17.5);
#714=CYLINDRICAL_SURFACE('',#817,17.5);
#715=CYLINDRICAL_SURFACE('',#818,17.5);
#716=CYLINDRICAL_SURFACE('',#819,17.5);
#717=CYLINDRICAL_SURFACE('',#820,17.5);
#718=CYLINDRICAL_SURFACE('',#823,4.);
#719=CYLINDRICAL_SURFACE('',#826,17.5);
#720=CYLINDRICAL_SURFACE('',#829,2.5);
#721=ADVANCED_FACE('',(#23),#686,.T.);
#722=ADVANCED_FACE('',(#24),#687,.T.);
#723=ADVANCED_FACE('',(#25),#688,.T.);
#724=ADVANCED_FACE('',(#26),#689,.T.);
#725=ADVANCED_FACE('',(#27),#690,.T.);
#726=ADVANCED_FACE('',(#28),#691,.T.);
#727=ADVANCED_FACE('',(#29),#692,.T.);
#728=ADVANCED_FACE('',(#30),#693,.T.);
#729=ADVANCED_FACE('',(#31),#694,.T.);
#730=ADVANCED_FACE('',(#32),#695,.T.);
#731=ADVANCED_FACE('',(#33),#696,.T.);
#732=ADVANCED_FACE('',(#34),#697,.T.);
#733=ADVANCED_FACE('',(#35),#698,.T.);
#734=ADVANCED_FACE('',(#36),#699,.T.);
#735=ADVANCED_FACE('',(#37),#700,.T.);
#736=ADVANCED_FACE('',(#38),#701,.T.);
#737=ADVANCED_FACE('',(#39),#702,.T.);
#738=ADVANCED_FACE('',(#40),#703,.T.);
#739=ADVANCED_FACE('',(#41),#704,.T.);
#740=ADVANCED_FACE('',(#42),#705,.T.);
#741=ADVANCED_FACE('',(#43),#706,.T.);
#742=ADVANCED_FACE('',(#44),#707,.T.);
#743=ADVANCED_FACE('',(#45),#708,.T.);
#744=ADVANCED_FACE('',(#46),#709,.T.);
#745=ADVANCED_FACE('',(#47),#710,.T.);
#746=ADVANCED_FACE('',(#48),#711,.T.);
#747=ADVANCED_FACE('',(#49),#712,.T.);
#748=ADVANCED_FACE('',(#50),#713,.T.);
#749=ADVANCED_FACE('',(#51),#714,.T.);
#750=ADVANCED_FACE('',(#52),#715,.T.);
#751=ADVANCED_FACE('',(#53),#716,.T.);
#752=ADVANCED_FACE('',(#54),#717,.T.);
#753=ADVANCED_FACE('',(#55,#17),#18,.F.);
#754=ADVANCED_FACE('',(#56),#718,.T.);
#755=ADVANCED_FACE('',(#57),#19,.T.);
#756=ADVANCED_FACE('',(#58),#15,.T.);
#757=ADVANCED_FACE('',(#59),#719,.T.);
#758=ADVANCED_FACE('',(#60),#16,.T.);
#759=ADVANCED_FACE('',(#61),#20,.T.);
#760=ADVANCED_FACE('',(#62),#21,.F.);
#761=ADVANCED_FACE('',(#63),#720,.T.);
#762=ADVANCED_FACE('',(#64),#22,.F.);
#763=CLOSED_SHELL('',(#721,#722,#723,#724,#725,#726,#727,#728,#729,#730,
#731,#732,#733,#734,#735,#736,#737,#738,#739,#740,#741,#742,#743,#744,#745,
#746,#747,#748,#749,#750,#751,#752,#753,#754,#755,#756,#757,#758,#759,#760,
#761,#762));
#764=DERIVED_UNIT_ELEMENT(#767,1.);
#765=DERIVED_UNIT_ELEMENT(#4252,-3.);
#766=DIMENSIONAL_EXPONENTS(0.,1.,0.,0.,0.,0.,0.);
#767=(
CONVERSION_BASED_UNIT('gram',#769)
MASS_UNIT()
NAMED_UNIT(#766)
);
#768=(
MASS_UNIT()
NAMED_UNIT(*)
SI_UNIT(.KILO.,.GRAM.)
);
#769=MASS_MEASURE_WITH_UNIT(MASS_MEASURE(0.001),#768);
#770=DERIVED_UNIT((#764,#765));
#771=MEASURE_REPRESENTATION_ITEM('density measure',
POSITIVE_RATIO_MEASURE(1.4),#770);
#772=PROPERTY_DEFINITION_REPRESENTATION(#777,#774);
#773=PROPERTY_DEFINITION_REPRESENTATION(#778,#775);
#774=REPRESENTATION('material name',(#776),#4249);
#775=REPRESENTATION('density',(#771),#4249);
#776=DESCRIPTIVE_REPRESENTATION_ITEM('PVC-Piping','PVC-Piping');
#777=PROPERTY_DEFINITION('material property','material name',#4259);
#778=PROPERTY_DEFINITION('material property','density of part',#4259);
#779=DATE_TIME_ROLE('creation_date');
#780=APPLIED_DATE_AND_TIME_ASSIGNMENT(#781,#779,(#4259));
#781=DATE_AND_TIME(#782,#783);
#782=CALENDAR_DATE(2026,20,8);
#783=LOCAL_TIME(0,0,0.,#784);
#784=COORDINATED_UNIVERSAL_TIME_OFFSET(0,0,.BEHIND.);
#785=AXIS2_PLACEMENT_3D('',#965,#831,#832);
#786=AXIS2_PLACEMENT_3D('',#966,#833,#834);
#787=AXIS2_PLACEMENT_3D('',#984,#836,#837);
#788=AXIS2_PLACEMENT_3D('',#985,#838,#839);
#789=AXIS2_PLACEMENT_3D('',#1029,#841,#842);
#790=AXIS2_PLACEMENT_3D('',#1039,#844,#845);
#791=AXIS2_PLACEMENT_3D('',#1102,#847,#848);
#792=AXIS2_PLACEMENT_3D('',#1166,#850,#851);
#793=AXIS2_PLACEMENT_3D('',#1227,#853,#854);
#794=AXIS2_PLACEMENT_3D('',#1290,#856,#857);
#795=AXIS2_PLACEMENT_3D('',#1351,#859,#860);
#796=AXIS2_PLACEMENT_3D('',#1414,#862,#863);
#797=AXIS2_PLACEMENT_3D('',#1478,#865,#866);
#798=AXIS2_PLACEMENT_3D('',#1539,#868,#869);
#799=AXIS2_PLACEMENT_3D('',#1602,#871,#872);
#800=AXIS2_PLACEMENT_3D('',#1666,#874,#875);
#801=AXIS2_PLACEMENT_3D('',#1727,#877,#878);
#802=AXIS2_PLACEMENT_3D('',#1790,#880,#881);
#803=AXIS2_PLACEMENT_3D('',#1851,#883,#884);
#804=AXIS2_PLACEMENT_3D('',#1853,#885,#886);
#805=AXIS2_PLACEMENT_3D('',#1923,#890,#891);
#806=AXIS2_PLACEMENT_3D('',#1950,#894,#895);
#807=AXIS2_PLACEMENT_3D('',#1986,#897,#898);
#808=AXIS2_PLACEMENT_3D('',#2024,#900,#901);
#809=AXIS2_PLACEMENT_3D('',#2062,#903,#904);
#810=AXIS2_PLACEMENT_3D('',#2098,#906,#907);
#811=AXIS2_PLACEMENT_3D('',#2136,#909,#910);
#812=AXIS2_PLACEMENT_3D('',#2174,#912,#913);
#813=AXIS2_PLACEMENT_3D('',#2210,#915,#916);
#814=AXIS2_PLACEMENT_3D('',#2248,#918,#919);
#815=AXIS2_PLACEMENT_3D('',#2284,#921,#922);
#816=AXIS2_PLACEMENT_3D('',#2322,#924,#925);
#817=AXIS2_PLACEMENT_3D('',#2360,#927,#928);
#818=AXIS2_PLACEMENT_3D('',#2396,#930,#931);
#819=AXIS2_PLACEMENT_3D('',#2434,#933,#934);
#820=AXIS2_PLACEMENT_3D('',#2472,#936,#937);
#821=AXIS2_PLACEMENT_3D('',#2508,#939,#940);
#822=AXIS2_PLACEMENT_3D('',#2510,#941,#942);
#823=AXIS2_PLACEMENT_3D('',#2511,#943,#944);
#824=AXIS2_PLACEMENT_3D('',#2513,#945,#946);
#825=AXIS2_PLACEMENT_3D('',#2515,#948,#949);
#826=AXIS2_PLACEMENT_3D('',#3392,#952,#953);
#827=AXIS2_PLACEMENT_3D('',#4243,#957,#958);
#828=AXIS2_PLACEMENT_3D('',#4244,#959,#960);
#829=AXIS2_PLACEMENT_3D('',#4245,#961,#962);
#830=AXIS2_PLACEMENT_3D('',#4246,#963,#964);
#831=DIRECTION('axis',(0.,0.,1.));
#832=DIRECTION('refdir',(1.,0.,0.));
#833=DIRECTION('center_axis',(0.,1.,0.));
#834=DIRECTION('ref_axis',(-1.,0.,0.));
#835=DIRECTION('',(0.,-1.,0.));
#836=DIRECTION('center_axis',(0.,1.,0.));
#837=DIRECTION('ref_axis',(-1.,0.,0.));
#838=DIRECTION('center_axis',(0.,1.,0.));
#839=DIRECTION('ref_axis',(-1.,0.,0.));
#840=DIRECTION('',(0.,-1.,0.));
#841=DIRECTION('center_axis',(0.,1.,0.));
#842=DIRECTION('ref_axis',(-1.,0.,0.));
#843=DIRECTION('',(0.,1.,0.));
#844=DIRECTION('center_axis',(0.,1.,0.));
#845=DIRECTION('ref_axis',(-1.,0.,0.));
#846=DIRECTION('',(0.,-1.,0.));
#847=DIRECTION('center_axis',(0.,1.,0.));
#848=DIRECTION('ref_axis',(-1.,0.,0.));
#849=DIRECTION('',(0.,-1.,0.));
#850=DIRECTION('center_axis',(0.,1.,0.));
#851=DIRECTION('ref_axis',(-1.,0.,0.));
#852=DIRECTION('',(0.,-1.,0.));
#853=DIRECTION('center_axis',(0.,1.,0.));
#854=DIRECTION('ref_axis',(-1.,0.,0.));
#855=DIRECTION('',(0.,-1.,0.));
#856=DIRECTION('center_axis',(0.,1.,0.));
#857=DIRECTION('ref_axis',(-1.,0.,0.));
#858=DIRECTION('',(0.,-1.,0.));
#859=DIRECTION('center_axis',(0.,1.,0.));
#860=DIRECTION('ref_axis',(-1.,0.,0.));
#861=DIRECTION('',(0.,-1.,0.));
#862=DIRECTION('center_axis',(0.,1.,0.));
#863=DIRECTION('ref_axis',(-1.,0.,0.));
#864=DIRECTION('',(0.,-1.,0.));
#865=DIRECTION('center_axis',(0.,1.,0.));
#866=DIRECTION('ref_axis',(-1.,0.,0.));
#867=DIRECTION('',(0.,-1.,0.));
#868=DIRECTION('center_axis',(0.,1.,0.));
#869=DIRECTION('ref_axis',(-1.,0.,0.));
#870=DIRECTION('',(0.,-1.,0.));
#871=DIRECTION('center_axis',(0.,1.,0.));
#872=DIRECTION('ref_axis',(-1.,0.,0.));
#873=DIRECTION('',(0.,-1.,0.));
#874=DIRECTION('center_axis',(0.,1.,0.));
#875=DIRECTION('ref_axis',(-1.,0.,0.));
#876=DIRECTION('',(0.,-1.,0.));
#877=DIRECTION('center_axis',(0.,1.,0.));
#878=DIRECTION('ref_axis',(-1.,0.,0.));
#879=DIRECTION('',(0.,-1.,0.));
#880=DIRECTION('center_axis',(0.,1.,0.));
#881=DIRECTION('ref_axis',(-1.,0.,0.));
#882=DIRECTION('',(0.,-1.,0.));
#883=DIRECTION('center_axis',(0.,1.,0.));
#884=DIRECTION('ref_axis',(-1.,0.,0.));
#885=DIRECTION('center_axis',(0.,1.,0.));
#886=DIRECTION('ref_axis',(-1.,0.,0.));
#887=DIRECTION('',(0.,-1.,0.));
#888=DIRECTION('',(0.,-1.,0.));
#889=DIRECTION('',(0.,-1.,0.));
#890=DIRECTION('center_axis',(0.,1.,0.));
#891=DIRECTION('ref_axis',(0.,0.,1.));
#892=DIRECTION('',(-1.49975978266186E-32,-1.,-1.22464679914735E-16));
#893=DIRECTION('',(0.,-1.,0.));
#894=DIRECTION('center_axis',(0.,1.,0.));
#895=DIRECTION('ref_axis',(0.,0.,1.));
#896=DIRECTION('',(-1.49975978266186E-32,-1.,-1.22464679914735E-16));
#897=DIRECTION('center_axis',(0.,1.,0.));
#898=DIRECTION('ref_axis',(0.,0.,1.));
#899=DIRECTION('',(-1.49975978266186E-32,-1.,-1.22464679914735E-16));
#900=DIRECTION('center_axis',(0.,1.,0.));
#901=DIRECTION('ref_axis',(0.,0.,1.));
#902=DIRECTION('',(-1.49975978266186E-32,-1.,-1.22464679914735E-16));
#903=DIRECTION('center_axis',(0.,1.,0.));
#904=DIRECTION('ref_axis',(0.,0.,1.));
#905=DIRECTION('',(-1.49975978266186E-32,-1.,-1.22464679914735E-16));
#906=DIRECTION('center_axis',(0.,1.,0.));
#907=DIRECTION('ref_axis',(0.,0.,1.));
#908=DIRECTION('',(-1.49975978266186E-32,-1.,-1.22464679914735E-16));
#909=DIRECTION('center_axis',(0.,1.,0.));
#910=DIRECTION('ref_axis',(0.,0.,1.));
#911=DIRECTION('',(-1.49975978266186E-32,-1.,-1.22464679914735E-16));
#912=DIRECTION('center_axis',(0.,1.,0.));
#913=DIRECTION('ref_axis',(0.,0.,1.));
#914=DIRECTION('',(-1.49975978266186E-32,-1.,-1.22464679914735E-16));
#915=DIRECTION('center_axis',(0.,1.,0.));
#916=DIRECTION('ref_axis',(0.,0.,1.));
#917=DIRECTION('',(-1.49975978266186E-32,-1.,-1.22464679914735E-16));
#918=DIRECTION('center_axis',(0.,1.,0.));
#919=DIRECTION('ref_axis',(0.,0.,1.));
#920=DIRECTION('',(-1.49975978266186E-32,-1.,-1.22464679914735E-16));
#921=DIRECTION('center_axis',(0.,1.,0.));
#922=DIRECTION('ref_axis',(0.,0.,1.));
#923=DIRECTION('',(-1.49975978266186E-32,-1.,-1.22464679914735E-16));
#924=DIRECTION('center_axis',(0.,1.,0.));
#925=DIRECTION('ref_axis',(0.,0.,1.));
#926=DIRECTION('',(-1.49975978266186E-32,-1.,-1.22464679914735E-16));
#927=DIRECTION('center_axis',(0.,1.,0.));
#928=DIRECTION('ref_axis',(0.,0.,1.));
#929=DIRECTION('',(-1.49975978266186E-32,-1.,-1.22464679914735E-16));
#930=DIRECTION('center_axis',(0.,1.,0.));
#931=DIRECTION('ref_axis',(0.,0.,1.));
#932=DIRECTION('',(-1.49975978266186E-32,-1.,-1.22464679914735E-16));
#933=DIRECTION('center_axis',(0.,1.,0.));
#934=DIRECTION('ref_axis',(0.,0.,1.));
#935=DIRECTION('',(-1.49975978266186E-32,-1.,-1.22464679914735E-16));
#936=DIRECTION('center_axis',(0.,1.,0.));
#937=DIRECTION('ref_axis',(0.,0.,1.));
#938=DIRECTION('',(-1.49975978266186E-32,-1.,-1.22464679914735E-16));
#939=DIRECTION('center_axis',(0.,1.,0.));
#940=DIRECTION('ref_axis',(0.,0.,1.));
#941=DIRECTION('center_axis',(0.,1.,0.));
#942=DIRECTION('ref_axis',(1.,0.,0.));
#943=DIRECTION('center_axis',(0.,1.,0.));
#944=DIRECTION('ref_axis',(1.,0.,0.));
#945=DIRECTION('center_axis',(0.,1.,0.));
#946=DIRECTION('ref_axis',(1.,0.,0.));
#947=DIRECTION('',(0.,-1.,0.));
#948=DIRECTION('center_axis',(0.,1.,0.));
#949=DIRECTION('ref_axis',(0.,0.,1.));
#950=DIRECTION('',(0.,-0.0499376169438922,-0.998752338877845));
#951=DIRECTION('',(3.91398033583259E-15,-0.0499376169438922,-0.998752338877845));
#952=DIRECTION('center_axis',(0.,1.,0.));
#953=DIRECTION('ref_axis',(0.,0.,1.));
#954=DIRECTION('',(0.,-1.,0.));
#955=DIRECTION('',(0.,-0.0499376169438922,0.998752338877845));
#956=DIRECTION('',(-3.91398033583259E-15,-0.0499376169438922,0.998752338877845));
#957=DIRECTION('center_axis',(1.,0.,3.91886975727153E-15));
#958=DIRECTION('ref_axis',(3.91886975727153E-15,0.,-1.));
#959=DIRECTION('center_axis',(1.,0.,0.));
#960=DIRECTION('ref_axis',(0.,0.,-1.));
#961=DIRECTION('center_axis',(0.,1.,0.));
#962=DIRECTION('ref_axis',(-1.,0.,0.));
#963=DIRECTION('center_axis',(0.,1.,0.));
#964=DIRECTION('ref_axis',(0.,0.,1.));
#965=CARTESIAN_POINT('',(0.,0.,0.));
#966=CARTESIAN_POINT('Origin',(0.,0.,0.));
#967=CARTESIAN_POINT('',(2.50008992051798,2.5,6.3567858135132E-5));
#968=CARTESIAN_POINT('',(2.5,0.,-3.06161699786838E-16));
#969=CARTESIAN_POINT('',(2.5,0.,-3.06161699786838E-16));
#970=CARTESIAN_POINT('',(0.,0.,2.5));
#971=CARTESIAN_POINT('Ctrl Pts',(2.50008992051798,2.5,6.3567858135132E-5));
#972=CARTESIAN_POINT('Ctrl Pts',(2.50015251186161,2.45874587458746,0.0648567734474677));
#973=CARTESIAN_POINT('Ctrl Pts',(2.497684651752,2.41749174917492,0.129644862059636));
#974=CARTESIAN_POINT('Ctrl Pts',(2.49265272441749,2.37623762376238,0.194232647712347));
#975=CARTESIAN_POINT('Ctrl Pts',(2.46044838947662,2.11221122112211,0.607594475889705));
#976=CARTESIAN_POINT('Ctrl Pts',(2.3232198610039,1.84818481848185,1.01275189484775));
#977=CARTESIAN_POINT('Ctrl Pts',(2.09757054619714,1.58415841584158,1.36061428363721));
#978=CARTESIAN_POINT('Ctrl Pts',(1.87192123139038,1.32013201320132,1.70847667242668));
#979=CARTESIAN_POINT('Ctrl Pts',(1.55785113024958,1.05610561056106,1.99904403104757));
#980=CARTESIAN_POINT('Ctrl Pts',(1.19355374826303,0.792079207920792,2.1969248629409));
#981=CARTESIAN_POINT('Ctrl Pts',(0.829256366276487,0.528052805280528,2.39480569483423));
#982=CARTESIAN_POINT('Ctrl Pts',(0.414731703444197,0.264026402640264,2.5));
#983=CARTESIAN_POINT('Ctrl Pts',(0.,0.,2.5));
#984=CARTESIAN_POINT('Origin',(0.,0.,0.));
#985=CARTESIAN_POINT('Origin',(0.,0.,0.));
#986=CARTESIAN_POINT('',(2.50001602994971,12.5,-6.36199941206334E-5));
#987=CARTESIAN_POINT('',(2.50008992415076,4.49999999999987,6.35597713883468E-5));
#988=CARTESIAN_POINT('',(2.5,0.,-3.06161699786838E-16));
#989=CARTESIAN_POINT('Ctrl Pts',(2.50001602994971,12.5,-6.36199941206334E-5));
#990=CARTESIAN_POINT('Ctrl Pts',(2.49968390403814,12.2937293729373,0.323933342477188));
#991=CARTESIAN_POINT('Ctrl Pts',(2.4363939295439,12.0874587458746,0.648056273159351));
#992=CARTESIAN_POINT('Ctrl Pts',(2.31359846310073,11.8811881188119,0.947801843429742));
#993=CARTESIAN_POINT('Ctrl Pts',(2.15642026605349,11.6171617161716,1.33147617337584));
#994=CARTESIAN_POINT('Ctrl Pts',(1.90174827099713,11.3531353135314,1.6752106360233));
#995=CARTESIAN_POINT('Ctrl Pts',(1.58047586151627,11.0891089108911,1.93730798584106));
#996=CARTESIAN_POINT('Ctrl Pts',(1.25920345203541,10.8250825082508,2.19940533565883));
#997=CARTESIAN_POINT('Ctrl Pts',(0.871330628130055,10.5610561056106,2.3798655726469));
#998=CARTESIAN_POINT('Ctrl Pts',(0.463908943745532,10.2970297029703,2.45679765219386));
#999=CARTESIAN_POINT('Ctrl Pts',(0.0564872593610108,10.03300330033,2.53372973174082));
#1000=CARTESIAN_POINT('Ctrl Pts',(-0.370483285502678,9.76897689768977,2.50713365384665));
#1001=CARTESIAN_POINT('Ctrl Pts',(-0.765208386821928,9.50495049504951,2.38023575206634));
#1002=CARTESIAN_POINT('Ctrl Pts',(-1.15993348814118,9.24092409240924,2.25333785028604));
#1003=CARTESIAN_POINT('Ctrl Pts',(-1.522413145916,8.97689768976898,2.02613812461958));
#1004=CARTESIAN_POINT('Ctrl Pts',(-1.80867610313595,8.71287128712871,1.72619729356645));
#1005=CARTESIAN_POINT('Ctrl Pts',(-2.0949390603559,8.44884488448845,1.42625646251331));
#1006=CARTESIAN_POINT('Ctrl Pts',(-2.30498531702098,8.18481848184818,1.0535745260735));
#1007=CARTESIAN_POINT('Ctrl Pts',(-2.41333504055774,7.92079207920792,0.653360478579769));
#1008=CARTESIAN_POINT('Ctrl Pts',(-2.52168476409449,7.65676567656766,0.25314643108604));
#1009=CARTESIAN_POINT('Ctrl Pts',(-2.52833795450291,7.39273927392739,-0.174599727461606));
#1010=CARTESIAN_POINT('Ctrl Pts',(-2.43248720606777,7.12871287128713,-0.577989997187524));
#1011=CARTESIAN_POINT('Ctrl Pts',(-2.33663645763263,6.86468646864687,-0.981380266913441));
#1012=CARTESIAN_POINT('Ctrl Pts',(-2.13828177035393,6.6006600660066,-1.36041464781763));
#1013=CARTESIAN_POINT('Ctrl Pts',(-1.86148553757691,6.33663366336634,-1.66911290206659));
#1014=CARTESIAN_POINT('Ctrl Pts',(-1.58468930479988,6.07260726072607,-1.97781115631554));
#1015=CARTESIAN_POINT('Ctrl Pts',(-1.22945152652453,5.80858085808581,-2.21617328390926));
#1016=CARTESIAN_POINT('Ctrl Pts',(-0.838863566390212,5.54455445544555,-2.35528612002029));
#1017=CARTESIAN_POINT('Ctrl Pts',(-0.448275606255896,5.28052805280528,-2.49439895613131));
#1018=CARTESIAN_POINT('Ctrl Pts',(-0.0223374642626177,5.01650165016501,
-2.53426250075964));
#1019=CARTESIAN_POINT('Ctrl Pts',(0.387279100825794,4.75247524752475,-2.47003756849481));
#1020=CARTESIAN_POINT('Ctrl Pts',(0.796895665914206,4.48844884488449,-2.40581263622997));
#1021=CARTESIAN_POINT('Ctrl Pts',(1.19019065409775,4.22442244224423,-2.23749922707198));
#1022=CARTESIAN_POINT('Ctrl Pts',(1.51946009817204,3.96039603960396,-1.98552182871705));
#1023=CARTESIAN_POINT('Ctrl Pts',(1.84872954224632,3.6963696369637,-1.73354443036211));
#1024=CARTESIAN_POINT('Ctrl Pts',(2.11397344221135,3.43234323432343,-1.39790304281023));
#1025=CARTESIAN_POINT('Ctrl Pts',(2.28300532148936,3.16831683168317,-1.01929923033596));
#1026=CARTESIAN_POINT('Ctrl Pts',(2.42562596963018,2.94554455445545,-0.699852263560789));
#1027=CARTESIAN_POINT('Ctrl Pts',(2.49975192726237,2.72277227722772,-0.349819742324262));
#1028=CARTESIAN_POINT('Ctrl Pts',(2.50008992051798,2.5,6.3567858135132E-5));
#1029=CARTESIAN_POINT('Origin',(0.,0.,0.));
#1030=CARTESIAN_POINT('',(0.,2.,2.5));
#1031=CARTESIAN_POINT('',(0.,0.,2.5));
#1032=CARTESIAN_POINT('Ctrl Pts',(0.,2.,2.5));
#1033=CARTESIAN_POINT('Ctrl Pts',(0.414731703444197,2.26402640264026,2.5));
#1034=CARTESIAN_POINT('Ctrl Pts',(1.24378103428426,2.79207920792079,2.28961128479927));
#1035=CARTESIAN_POINT('Ctrl Pts',(2.18599133139616,3.58415841584158,1.41790936156282));
#1036=CARTESIAN_POINT('Ctrl Pts',(2.48189035104152,4.15346534653461,0.544288624589403));
#1037=CARTESIAN_POINT('Ctrl Pts',(2.50015251557234,4.45874587458737,0.0648567654759777));
#1038=CARTESIAN_POINT('Ctrl Pts',(2.50008992415076,4.49999999999987,6.35597713884509E-5));
#1039=CARTESIAN_POINT('Origin',(0.,0.,0.));
#1040=CARTESIAN_POINT('',(2.49981816612675,22.5,3.41487219378177E-5));
#1041=CARTESIAN_POINT('',(2.50001603237327,14.4999999999999,-6.36199937703585E-5));
#1042=CARTESIAN_POINT('',(2.5,0.,-3.06161699786838E-16));
#1043=CARTESIAN_POINT('Ctrl Pts',(2.49981816612675,22.5,3.41487219378177E-5));
#1044=CARTESIAN_POINT('Ctrl Pts',(2.4998998372976,22.3927392739274,0.168550854157501));
#1045=CARTESIAN_POINT('Ctrl Pts',(2.48310984335579,22.2854785478548,0.337051506479734));
#1046=CARTESIAN_POINT('Ctrl Pts',(2.44928590408484,22.1782178217822,0.502060499828435));
#1047=CARTESIAN_POINT('Ctrl Pts',(2.36602697664863,21.9141914191419,0.908236483456008));
#1048=CARTESIAN_POINT('Ctrl Pts',(2.17955645147844,21.6501650165017,1.29325590620254));
#1049=CARTESIAN_POINT('Ctrl Pts',(1.91249443396558,21.3861386138614,1.61041337099731));
#1050=CARTESIAN_POINT('Ctrl Pts',(1.64543241645272,21.1221122112211,1.92757083579208));
#1051=CARTESIAN_POINT('Ctrl Pts',(1.29777890659719,20.8580858085809,2.17686634263508));
#1052=CARTESIAN_POINT('Ctrl Pts',(0.911706569620666,20.5940594059406,2.32805870122387));
#1053=CARTESIAN_POINT('Ctrl Pts',(0.525634232644148,20.3300330033003,2.47925105981267));
#1054=CARTESIAN_POINT('Ctrl Pts',(0.101143068546639,20.0660066006601,2.53234027014724));
#1055=CARTESIAN_POINT('Ctrl Pts',(-0.310273342862378,19.8019801980198,2.48088626062408));
#1056=CARTESIAN_POINT('Ctrl Pts',(-0.721689754271393,19.5379537953795,2.42943225110092));
#1057=CARTESIAN_POINT('Ctrl Pts',(-1.12003141299192,19.2739273927393,2.27343502172001));
#1058=CARTESIAN_POINT('Ctrl Pts',(-1.45697684681558,19.009900990099,2.03181806598437));
#1059=CARTESIAN_POINT('Ctrl Pts',(-1.79392228063924,18.7458745874587,1.79020111024873));
#1060=CARTESIAN_POINT('Ctrl Pts',(-2.06947148956603,18.4818481848185,1.46296442815837));
#1061=CARTESIAN_POINT('Ctrl Pts',(-2.25019853593603,18.2178217821782,1.08980398895464));
#1062=CARTESIAN_POINT('Ctrl Pts',(-2.43092558230602,17.953795379538,0.71664354975092));
#1063=CARTESIAN_POINT('Ctrl Pts',(-2.51683046611921,17.6897689768977,0.297559353433838));
#1064=CARTESIAN_POINT('Ctrl Pts',(-2.4974923580448,17.4257425742574,-0.116610921017551));
#1065=CARTESIAN_POINT('Ctrl Pts',(-2.47815424997039,17.1617161716172,-0.530781195468937));
#1066=CARTESIAN_POINT('Ctrl Pts',(-2.35357315000838,16.8976897689769,-0.940037548054633));
#1067=CARTESIAN_POINT('Ctrl Pts',(-2.13886156772803,16.6336633663366,-1.29473448225824));
#1068=CARTESIAN_POINT('Ctrl Pts',(-1.92414998544768,16.3696369636964,-1.64943141646185));
#1069=CARTESIAN_POINT('Ctrl Pts',(-1.61930792084901,16.1056105610561,-1.94956893228336));
#1070=CARTESIAN_POINT('Ctrl Pts',(-1.26131472845346,15.8415841584158,-2.1587383679684));
#1071=CARTESIAN_POINT('Ctrl Pts',(-0.903321536057908,15.5775577557756,-2.36790780365345));
#1072=CARTESIAN_POINT('Ctrl Pts',(-0.492177215865482,15.3135313531353,-2.48610915920202));
#1073=CARTESIAN_POINT('Ctrl Pts',(-0.0777562871101815,15.049504950495,-2.49900383048437));
#1074=CARTESIAN_POINT('Ctrl Pts',(0.336664641645117,14.7854785478548,-2.51189850176671));
#1075=CARTESIAN_POINT('Ctrl Pts',(0.754362178963291,14.5214521452145,-2.41948648878284));
#1076=CARTESIAN_POINT('Ctrl Pts',(1.12466685617028,14.2574257425743,-2.23297797778547));
#1077=CARTESIAN_POINT('Ctrl Pts',(1.49497153337727,13.993399339934,-2.0464694667881));
#1078=CARTESIAN_POINT('Ctrl Pts',(1.81788335047307,13.7293729372937,-1.76586445777725));
#1079=CARTESIAN_POINT('Ctrl Pts',(2.0542309741302,13.4653465346535,-1.4252021919784));
#1080=CARTESIAN_POINT('Ctrl Pts',(2.29057859778734,13.2013201320132,-1.08453992617955));
#1081=CARTESIAN_POINT('Ctrl Pts',(2.4403620280058,12.9372937293729,-0.683820403592699));
#1082=CARTESIAN_POINT('Ctrl Pts',(2.48541154359596,12.6732673267327,-0.271653543676903));
#1083=CARTESIAN_POINT('Ctrl Pts',(2.49526612513131,12.6155115511551,-0.181492043070323));
#1084=CARTESIAN_POINT('Ctrl Pts',(2.50010902520495,12.5577557755776,-0.0907827694860866));
#1085=CARTESIAN_POINT('Ctrl Pts',(2.50001602994971,12.5,-6.36199941206334E-5));
#1086=CARTESIAN_POINT('Ctrl Pts',(2.50008992415076,4.49999999999987,6.35597713884509E-5));
#1087=CARTESIAN_POINT('Ctrl Pts',(2.49975193047422,4.72277227722764,-0.349819751033811));
#1088=CARTESIAN_POINT('Ctrl Pts',(2.33777298254521,5.20957095709567,-1.11470561034782));
#1089=CARTESIAN_POINT('Ctrl Pts',(1.5834856457294,5.96039603960396,-2.06918582755713));
#1090=CARTESIAN_POINT('Ctrl Pts',(0.403600676901745,6.75247524752475,-2.57412604372404));
#1091=CARTESIAN_POINT('Ctrl Pts',(-0.874213748355074,7.54455445544555,-2.45453541613252));
#1092=CARTESIAN_POINT('Ctrl Pts',(-1.93992708539232,8.33663366336633,-1.73944902919837));
#1093=CARTESIAN_POINT('Ctrl Pts',(-2.53499114711808,9.12871287128713,-0.602345887240396));
#1094=CARTESIAN_POINT('Ctrl Pts',(-2.51503157626604,9.92079207920792,0.680892590638457));
#1095=CARTESIAN_POINT('Ctrl Pts',(-1.88489280543919,10.7128712871287,1.79893840051432));
#1096=CARTESIAN_POINT('Ctrl Pts',(-0.797453831183008,11.5049504950495,2.48053757845396));
#1097=CARTESIAN_POINT('Ctrl Pts',(0.483457804717179,12.2970297029703,2.56032581206621));
#1098=CARTESIAN_POINT('Ctrl Pts',(1.64707627752467,13.0891089108911,2.01894510065483));
#1099=CARTESIAN_POINT('Ctrl Pts',(2.3553827644802,13.8234323432343,1.06293362545201));
#1100=CARTESIAN_POINT('Ctrl Pts',(2.49968390646264,14.2937293729372,0.323933342788977));
#1101=CARTESIAN_POINT('Ctrl Pts',(2.50001603237327,14.4999999999999,-6.3619993770558E-5));
#1102=CARTESIAN_POINT('Origin',(0.,0.,0.));
#1103=CARTESIAN_POINT('',(2.50020710963571,32.5,1.35227474069065E-5));
#1104=CARTESIAN_POINT('',(2.49981816855026,24.4999999999999,3.41487222074027E-5));
#1105=CARTESIAN_POINT('',(2.5,0.,-3.06161699786838E-16));
#1106=CARTESIAN_POINT('Ctrl Pts',(2.50020710963571,32.5,1.35227474069065E-5));
#1107=CARTESIAN_POINT('Ctrl Pts',(2.50021099168509,32.4917491749175,0.0129705366910147));
#1108=CARTESIAN_POINT('Ctrl Pts',(2.50011236396371,32.483498349835,0.0259274913367432));
#1109=CARTESIAN_POINT('Ctrl Pts',(2.49991086035727,32.4752475247525,0.038882845882545));
#1110=CARTESIAN_POINT('Ctrl Pts',(2.49346274495096,32.2112211221122,0.453454191348176));
#1111=CARTESIAN_POINT('Ctrl Pts',(2.38166972323598,31.947194719472,0.866387034488999));
#1112=CARTESIAN_POINT('Ctrl Pts',(2.17809302656921,31.6831683168317,1.22758989611626));
#1113=CARTESIAN_POINT('Ctrl Pts',(1.97451632990243,31.4191419141914,1.58879275774352));
#1114=CARTESIAN_POINT('Ctrl Pts',(1.67915595828385,31.1551155115512,1.89826563785721));
#1115=CARTESIAN_POINT('Ctrl Pts',(1.32784107413994,30.8910891089109,2.11846743360926));
#1116=CARTESIAN_POINT('Ctrl Pts',(0.976526189996033,30.6270627062706,2.33866922936131));
#1117=CARTESIAN_POINT('Ctrl Pts',(0.569256793326787,30.3630363036304,2.46959994075172));
#1118=CARTESIAN_POINT('Ctrl Pts',(0.155437349885777,30.0990099009901,2.49537680835913));
#1119=CARTESIAN_POINT('Ctrl Pts',(-0.258382093555232,29.8349834983498,2.52115367596654));
#1120=CARTESIAN_POINT('Ctrl Pts',(-0.67875158376801,29.5709570957096,2.44177669979096));
#1121=CARTESIAN_POINT('Ctrl Pts',(-1.05467752719284,29.3069306930693,2.26687483092264));
#1122=CARTESIAN_POINT('Ctrl Pts',(-1.43060347061767,29.042904290429,2.09197296205432));
#1123=CARTESIAN_POINT('Ctrl Pts',(-1.76208586725454,28.7788778877888,1.82154620049325));
#1124=CARTESIAN_POINT('Ctrl Pts',(-2.00891371464051,28.5148514851485,1.4883990972066));
#1125=CARTESIAN_POINT('Ctrl Pts',(-2.25574156202647,28.2508250825082,1.15525199391994));
#1126=CARTESIAN_POINT('Ctrl Pts',(-2.41791486016152,27.986798679868,0.759384548907688));
#1127=CARTESIAN_POINT('Ctrl Pts',(-2.4757609176542,27.7227722772277,0.348818095935661));
#1128=CARTESIAN_POINT('Ctrl Pts',(-2.53360697514688,27.4587458745875,-0.0617483570363674));
#1129=CARTESIAN_POINT('Ctrl Pts',(-2.48712579199719,27.1947194719472,-0.487013817968171));
#1130=CARTESIAN_POINT('Ctrl Pts',(-2.3419558424924,26.9306930693069,-0.875390779738884));
#1131=CARTESIAN_POINT('Ctrl Pts',(-2.1967858929876,26.6666666666667,-1.2637677415096));
#1132=CARTESIAN_POINT('Ctrl Pts',(-1.9529271771277,26.4026402640264,-1.61525620411923));
#1133=CARTESIAN_POINT('Ctrl Pts',(-1.63996136658979,26.1386138613861,-1.88721829726427));
#1134=CARTESIAN_POINT('Ctrl Pts',(-1.32699555605189,25.8745874587459,-2.15918039040932));
#1135=CARTESIAN_POINT('Ctrl Pts',(-0.94492265083598,25.6105610561056,-2.3516161140898));
#1136=CARTESIAN_POINT('Ctrl Pts',(-0.540090615988044,25.3465346534653,-2.44118174496653));
#1137=CARTESIAN_POINT('Ctrl Pts',(-0.135258581140107,25.0825082508251,-2.53074737584327));
#1138=CARTESIAN_POINT('Ctrl Pts',(0.292332583339859,24.8184818481848,-2.51744291391626));
#1139=CARTESIAN_POINT('Ctrl Pts',(0.69081324714127,24.5544554455446,-2.40288227822549));
#1140=CARTESIAN_POINT('Ctrl Pts',(1.08929391094268,24.2904290429043,-2.28832164253472));
#1141=CARTESIAN_POINT('Ctrl Pts',(1.45866407406554,24.026402640264,-2.07250483308019));
#1142=CARTESIAN_POINT('Ctrl Pts',(1.75411669791648,23.7623762376238,-1.78161185321804));
#1143=CARTESIAN_POINT('Ctrl Pts',(2.04956932176742,23.4983498349835,-1.49071887335589));
#1144=CARTESIAN_POINT('Ctrl Pts',(2.27110440634644,23.2343234323432,-1.12474972308613));
#1145=CARTESIAN_POINT('Ctrl Pts',(2.39184828378484,22.970297029703,-0.728098875696942));
#1146=CARTESIAN_POINT('Ctrl Pts',(2.4635399610139,22.8135313531353,-0.492587435059613));
#1147=CARTESIAN_POINT('Ctrl Pts',(2.49969880056935,22.6567656765677,-0.246259497683888));
#1148=CARTESIAN_POINT('Ctrl Pts',(2.49981816612675,22.5,3.41487219378177E-5));
#1149=CARTESIAN_POINT('Ctrl Pts',(2.50001603237327,14.4999999999999,-6.3619993770558E-5));
#1150=CARTESIAN_POINT('Ctrl Pts',(2.50010902762825,14.5577557755775,-0.0907827695730363));
#1151=CARTESIAN_POINT('Ctrl Pts',(2.47312715576151,14.8795379537953,-0.596163008600289));
#1152=CARTESIAN_POINT('Ctrl Pts',(2.14079516964631,15.4653465346535,-1.48525945021014));
#1153=CARTESIAN_POINT('Ctrl Pts',(1.17205971741669,16.2574257425743,-2.327074478053));
#1154=CARTESIAN_POINT('Ctrl Pts',(-0.0810328957510597,17.049504950495,-2.60431051727643));
#1155=CARTESIAN_POINT('Ctrl Pts',(-1.31446585752497,17.8415841584158,-2.24970645028538));
#1156=CARTESIAN_POINT('Ctrl Pts',(-2.22899205220715,18.6336633663366,-1.34929390194871));
#1157=CARTESIAN_POINT('Ctrl Pts',(-2.60273535245578,19.4257425742574,-0.121524843000913));
#1158=CARTESIAN_POINT('Ctrl Pts',(-2.34502070076622,20.2178217821782,1.13572774716898));
#1159=CARTESIAN_POINT('Ctrl Pts',(-1.51837307318449,21.009900990099,2.11743779439194));
#1160=CARTESIAN_POINT('Ctrl Pts',(-0.323348095864333,21.8019801980198,2.58542948298831));
#1161=CARTESIAN_POINT('Ctrl Pts',(0.950125397662771,22.5940594059406,2.4261618518302));
#1162=CARTESIAN_POINT('Ctrl Pts',(1.99308592824049,23.3861386138614,1.67827533057612));
#1163=CARTESIAN_POINT('Ctrl Pts',(2.44178062986623,24.0214521452145,0.751822343694177));
#1164=CARTESIAN_POINT('Ctrl Pts',(2.49989983972118,24.3927392739273,0.168550854321065));
#1165=CARTESIAN_POINT('Ctrl Pts',(2.49981816855026,24.4999999999999,3.41487222075068E-5));
#1166=CARTESIAN_POINT('Origin',(0.,0.,0.));
#1167=CARTESIAN_POINT('',(2.49986812189721,42.5,-5.17647574314639E-5));
#1168=CARTESIAN_POINT('',(2.5002071120596,34.4999999999999,1.35227476060927E-5));
#1169=CARTESIAN_POINT('',(2.5,0.,-3.06161699786838E-16));
#1170=CARTESIAN_POINT('Ctrl Pts',(2.49986812189721,42.5,-5.17647574314639E-5));
#1171=CARTESIAN_POINT('Ctrl Pts',(2.49966271530296,42.3267326732673,0.272151945054705));
#1172=CARTESIAN_POINT('Ctrl Pts',(2.45534273036229,42.1534653465347,0.544420923878834));
#1173=CARTESIAN_POINT('Ctrl Pts',(2.36804752966217,41.980198019802,0.802132833573742));
#1174=CARTESIAN_POINT('Ctrl Pts',(2.23502627145246,41.7161716171617,1.19483669596598));
#1175=CARTESIAN_POINT('Ctrl Pts',(2.00221675714826,41.4521452145215,1.55373910985863));
#1176=CARTESIAN_POINT('Ctrl Pts',(1.69786031735435,41.1881188118812,1.83530284372621));
#1177=CARTESIAN_POINT('Ctrl Pts',(1.39350387756044,40.9240924092409,2.11686657759379));
#1178=CARTESIAN_POINT('Ctrl Pts',(1.01760051227681,40.6600660066007,2.32109163143629));
#1179=CARTESIAN_POINT('Ctrl Pts',(0.61574978063727,40.3960396039604,2.42320415835754));
#1180=CARTESIAN_POINT('Ctrl Pts',(0.213899048997728,40.1320132013201,2.52531668527879));
#1181=CARTESIAN_POINT('Ctrl Pts',(-0.213899048997731,39.8679867986799,2.52531668527879));
#1182=CARTESIAN_POINT('Ctrl Pts',(-0.615749780637275,39.6039603960396,2.42320415835754));
#1183=CARTESIAN_POINT('Ctrl Pts',(-1.01760051227682,39.3399339933993,2.32109163143629));
#1184=CARTESIAN_POINT('Ctrl Pts',(-1.39350387756044,39.0759075907591,2.11686657759378));
#1185=CARTESIAN_POINT('Ctrl Pts',(-1.69786031735435,38.8118811881188,1.83530284372621));
#1186=CARTESIAN_POINT('Ctrl Pts',(-2.00221675714827,38.5478547854785,1.55373910985863));
#1187=CARTESIAN_POINT('Ctrl Pts',(-2.23502627145246,38.2838283828383,1.19483669596598));
#1188=CARTESIAN_POINT('Ctrl Pts',(-2.36804752966217,38.019801980198,0.802132833573738));
#1189=CARTESIAN_POINT('Ctrl Pts',(-2.50106878787187,37.7557755775578,0.409428971181493));
#1190=CARTESIAN_POINT('Ctrl Pts',(-2.53430178998708,37.4917491749175,-0.017076339710345));
#1191=CARTESIAN_POINT('Ctrl Pts',(-2.46371515351669,37.2277227722772,-0.42564518999788));
#1192=CARTESIAN_POINT('Ctrl Pts',(-2.39312851704632,36.963696369637,-0.834214040285415));
#1193=CARTESIAN_POINT('Ctrl Pts',(-2.21872224199035,36.6996699669967,-1.22484642996865));
#1194=CARTESIAN_POINT('Ctrl Pts',(-1.96165296057718,36.4356435643564,-1.55015607204401));
#1195=CARTESIAN_POINT('Ctrl Pts',(-1.70458367916402,36.1716171617162,-1.87546571411936));
#1196=CARTESIAN_POINT('Ctrl Pts',(-1.36485139139367,35.9075907590759,-2.13545260858685));
#1197=CARTESIAN_POINT('Ctrl Pts',(-0.983667865972037,35.6435643564356,-2.29857862925986));
#1198=CARTESIAN_POINT('Ctrl Pts',(-0.6024843405504,35.3795379537954,-2.46170464993288));
#1199=CARTESIAN_POINT('Ctrl Pts',(-0.179849577477488,35.1155115511551,-2.52796979681142));
#1200=CARTESIAN_POINT('Ctrl Pts',(0.232968037138474,34.8514851485149,-2.48933567023573));
#1201=CARTESIAN_POINT('Ctrl Pts',(0.64578565175443,34.5874587458746,-2.45070154366004));
#1202=CARTESIAN_POINT('Ctrl Pts',(1.04878611791344,34.3234323432343,-2.30716814363012));
#1203=CARTESIAN_POINT('Ctrl Pts',(1.39308281930734,34.059405940594,-2.0761470188758));
#1204=CARTESIAN_POINT('Ctrl Pts',(1.73737952070124,33.7953795379538,-1.84512589412146));
#1205=CARTESIAN_POINT('Ctrl Pts',(2.02297245733004,33.5313531353135,-1.52661704464272));
#1206=CARTESIAN_POINT('Ctrl Pts',(2.21521732109562,33.2673267326733,-1.15925769600813));
#1207=CARTESIAN_POINT('Ctrl Pts',(2.40145453286853,33.0115511551155,-0.803378327018366));
#1208=CARTESIAN_POINT('Ctrl Pts',(2.50008676610476,32.7557755775578,-0.401653909504412));
#1209=CARTESIAN_POINT('Ctrl Pts',(2.50020710963571,32.5,1.35227474069065E-5));
#1210=CARTESIAN_POINT('Ctrl Pts',(2.49981816855026,24.4999999999999,3.41487222075068E-5));
#1211=CARTESIAN_POINT('Ctrl Pts',(2.49969880299277,24.6567656765676,-0.246259497922472));
#1212=CARTESIAN_POINT('Ctrl Pts',(2.40264086514457,25.0775577557755,-0.907455540993146));
#1213=CARTESIAN_POINT('Ctrl Pts',(1.82803423896063,25.7623762376238,-1.85668802542566));
#1214=CARTESIAN_POINT('Ctrl Pts',(0.719923748517772,26.5544554455446,-2.50413845441695));
#1215=CARTESIAN_POINT('Ctrl Pts',(-0.56284974616574,27.3465346534653,-2.54405184023666));
#1216=CARTESIAN_POINT('Ctrl Pts',(-1.7090684629247,28.1386138613861,-1.96674466863555));
#1217=CARTESIAN_POINT('Ctrl Pts',(-2.44064461121365,28.9306930693069,-0.912279279784408));
#1218=CARTESIAN_POINT('Ctrl Pts',(-2.5800881607979,29.7227722772277,0.363517104247858));
#1219=CARTESIAN_POINT('Ctrl Pts',(-2.09356826592108,30.5148514851485,1.55111944043596));
#1220=CARTESIAN_POINT('Ctrl Pts',(-1.09912107504636,31.3069306930693,2.36239972590566));
#1221=CARTESIAN_POINT('Ctrl Pts',(0.161987396814586,32.0990099009901,2.60053065466328));
#1222=CARTESIAN_POINT('Ctrl Pts',(1.38379558800683,32.8910891089108,2.20773852011125));
#1223=CARTESIAN_POINT('Ctrl Pts',(2.26987670372159,33.6831683168317,1.27931987887009));
#1224=CARTESIAN_POINT('Ctrl Pts',(2.49695627930027,34.2194719471947,0.440550040427189));
#1225=CARTESIAN_POINT('Ctrl Pts',(2.50021099410898,34.4917491749174,0.0129705367037133));
#1226=CARTESIAN_POINT('Ctrl Pts',(2.50020711205959,34.4999999999999,1.3522747606097E-5));
#1227=CARTESIAN_POINT('Origin',(0.,0.,0.));
#1228=CARTESIAN_POINT('',(2.49993662633578,52.5,6.21912428474738E-5));
#1229=CARTESIAN_POINT('',(2.49986812432076,44.4999999999998,-5.17647572496893E-5));
#1230=CARTESIAN_POINT('',(2.5,0.,-3.06161699786838E-16));
#1231=CARTESIAN_POINT('Ctrl Pts',(2.49993662633578,52.5,6.21912428474738E-5));
#1232=CARTESIAN_POINT('Ctrl Pts',(2.50004687724771,52.4257425742574,0.116711751642094));
#1233=CARTESIAN_POINT('Ctrl Pts',(2.49203012132401,52.3514851485149,0.233346281037293));
#1234=CARTESIAN_POINT('Ctrl Pts',(2.4757609176542,52.2772277227723,0.348818095935673));
#1235=CARTESIAN_POINT('Ctrl Pts',(2.41791486016151,52.013201320132,0.759384548907701));
#1236=CARTESIAN_POINT('Ctrl Pts',(2.25574156202646,51.7491749174917,1.15525199391996));
#1237=CARTESIAN_POINT('Ctrl Pts',(2.00891371464049,51.4851485148515,1.48839909720661));
#1238=CARTESIAN_POINT('Ctrl Pts',(1.76208586725453,51.2211221122112,1.82154620049327));
#1239=CARTESIAN_POINT('Ctrl Pts',(1.43060347061766,50.957095709571,2.09197296205432));
#1240=CARTESIAN_POINT('Ctrl Pts',(1.05467752719283,50.6930693069307,2.26687483092264));
#1241=CARTESIAN_POINT('Ctrl Pts',(0.678751583768002,50.4290429042905,2.44177669979096));
#1242=CARTESIAN_POINT('Ctrl Pts',(0.258382093555222,50.1650165016502,2.52115367596655));
#1243=CARTESIAN_POINT('Ctrl Pts',(-0.155437349885791,49.9009900990099,2.49537680835913));
#1244=CARTESIAN_POINT('Ctrl Pts',(-0.569256793326801,49.6369636963696,2.46959994075172));
#1245=CARTESIAN_POINT('Ctrl Pts',(-0.976526189996054,49.3729372937294,2.3386692293613));
#1246=CARTESIAN_POINT('Ctrl Pts',(-1.32784107413996,49.1089108910891,2.11846743360925));
#1247=CARTESIAN_POINT('Ctrl Pts',(-1.67915595828387,48.8448844884488,1.8982656378572));
#1248=CARTESIAN_POINT('Ctrl Pts',(-1.97451632990244,48.5808580858086,1.58879275774351));
#1249=CARTESIAN_POINT('Ctrl Pts',(-2.17809302656921,48.3168316831683,1.22758989611625));
#1250=CARTESIAN_POINT('Ctrl Pts',(-2.38166972323599,48.0528052805281,0.866387034488986));
#1251=CARTESIAN_POINT('Ctrl Pts',(-2.49346274495096,47.7887788778878,0.453454191348163));
#1252=CARTESIAN_POINT('Ctrl Pts',(-2.49991086035727,47.5247524752475,0.0388828458825312));
#1253=CARTESIAN_POINT('Ctrl Pts',(-2.50635897576357,47.2607260726073,-0.375688499583101));
#1254=CARTESIAN_POINT('Ctrl Pts',(-2.4074621848612,46.996699669967,-0.791898347373542));
#1255=CARTESIAN_POINT('Ctrl Pts',(-2.21521732109562,46.7326732673267,-1.15925769600813));
#1256=CARTESIAN_POINT('Ctrl Pts',(-2.02297245733003,46.4686468646865,-1.52661704464273));
#1257=CARTESIAN_POINT('Ctrl Pts',(-1.73737952070124,46.2046204620462,-1.84512589412147));
#1258=CARTESIAN_POINT('Ctrl Pts',(-1.39308281930734,45.9405940594059,-2.0761470188758));
#1259=CARTESIAN_POINT('Ctrl Pts',(-1.04878611791343,45.6765676567657,-2.30716814363012));
#1260=CARTESIAN_POINT('Ctrl Pts',(-0.645785651754426,45.4125412541254,-2.45070154366004));
#1261=CARTESIAN_POINT('Ctrl Pts',(-0.232968037138469,45.1485148514851,-2.48933567023573));
#1262=CARTESIAN_POINT('Ctrl Pts',(0.179849577477491,44.8844884488449,-2.52796979681142));
#1263=CARTESIAN_POINT('Ctrl Pts',(0.6024843405504,44.6204620462046,-2.46170464993288));
#1264=CARTESIAN_POINT('Ctrl Pts',(0.983667865972033,44.3564356435644,-2.29857862925986));
#1265=CARTESIAN_POINT('Ctrl Pts',(1.36485139139367,44.0924092409241,-2.13545260858685));
#1266=CARTESIAN_POINT('Ctrl Pts',(1.70458367916403,43.8283828382838,-1.87546571411936));
#1267=CARTESIAN_POINT('Ctrl Pts',(1.9616529605772,43.5643564356436,-1.55015607204399));
#1268=CARTESIAN_POINT('Ctrl Pts',(2.21872224199036,43.3003300330033,-1.22484642996863));
#1269=CARTESIAN_POINT('Ctrl Pts',(2.39312851704632,43.0363036303631,-0.834214040285398));
#1270=CARTESIAN_POINT('Ctrl Pts',(2.4637151535167,42.7722772277228,-0.425645189997866));
#1271=CARTESIAN_POINT('Ctrl Pts',(2.48797930980339,42.6815181518152,-0.285199647711527));
#1272=CARTESIAN_POINT('Ctrl Pts',(2.49997571582753,42.5907590759076,-0.142634660373313));
#1273=CARTESIAN_POINT('Ctrl Pts',(2.49986812189721,42.5,-5.17647574314639E-5));
#1274=CARTESIAN_POINT('Ctrl Pts',(2.50020711205959,34.4999999999999,1.3522747606097E-5));
#1275=CARTESIAN_POINT('Ctrl Pts',(2.50008676852857,34.7557755775577,-0.401653909893682));
#1276=CARTESIAN_POINT('Ctrl Pts',(2.29964061691867,35.2755775577557,-1.21806159789102));
#1277=CARTESIAN_POINT('Ctrl Pts',(1.45178658547992,36.0594059405941,-2.16363474569779));
#1278=CARTESIAN_POINT('Ctrl Pts',(0.242785185830795,36.8514851485148,-2.59423494620501));
#1279=CARTESIAN_POINT('Ctrl Pts',(-1.02511910461714,37.6435643564357,-2.39543950537665));
#1280=CARTESIAN_POINT('Ctrl Pts',(-2.04431596891629,38.4356435643564,-1.61547882121804));
#1281=CARTESIAN_POINT('Ctrl Pts',(-2.56753479459144,39.2277227722773,-0.44358165103222));
#1282=CARTESIAN_POINT('Ctrl Pts',(-2.46783578814917,40.019801980198,0.835934282883743));
#1283=CARTESIAN_POINT('Ctrl Pts',(-1.76940724455946,40.8118811881188,1.91264152560554));
#1284=CARTESIAN_POINT('Ctrl Pts',(-0.641697147615297,41.6039603960396,2.52531668772702));
#1285=CARTESIAN_POINT('Ctrl Pts',(0.641697147615291,42.3960396039604,2.52531668772702));
#1286=CARTESIAN_POINT('Ctrl Pts',(1.76940724455946,43.1881188118812,1.91264152560554));
#1287=CARTESIAN_POINT('Ctrl Pts',(2.38780751752947,43.8894389438943,0.959306987779021));
#1288=CARTESIAN_POINT('Ctrl Pts',(2.49966271772629,44.3267326732672,0.272151945318704));
#1289=CARTESIAN_POINT('Ctrl Pts',(2.49986812432076,44.4999999999999,-5.17647572494291E-5));
#1290=CARTESIAN_POINT('Origin',(0.,0.,0.));
#1291=CARTESIAN_POINT('',(2.50016482575051,62.5,-3.78539709681642E-5));
#1292=CARTESIAN_POINT('',(2.4999366287594,54.4999999999999,6.21912430856519E-5));
#1293=CARTESIAN_POINT('',(2.5,0.,-3.06161699786838E-16));
#1294=CARTESIAN_POINT('Ctrl Pts',(2.50016482575051,62.5,-3.78539709681642E-5));
#1295=CARTESIAN_POINT('Ctrl Pts',(2.49988990250634,62.2607260726073,0.375734013491683));
#1296=CARTESIAN_POINT('Ctrl Pts',(2.41398242170843,62.0214521452146,0.751627340925725));
#1297=CARTESIAN_POINT('Ctrl Pts',(2.25019853593141,61.7821782178218,1.0898039889486));
#1298=CARTESIAN_POINT('Ctrl Pts',(2.06947148955678,61.5181518151815,1.46296442814625));
#1299=CARTESIAN_POINT('Ctrl Pts',(1.79392228063922,61.2541254125412,1.79020111024873));
#1300=CARTESIAN_POINT('Ctrl Pts',(1.45697684681787,60.990099009901,2.0318180659874));
#1301=CARTESIAN_POINT('Ctrl Pts',(1.12003141299653,60.7260726072607,2.27343502172607));
#1302=CARTESIAN_POINT('Ctrl Pts',(0.721689754271391,60.4620462046205,2.42943225110092));
#1303=CARTESIAN_POINT('Ctrl Pts',(0.310273342861223,60.1980198019802,2.48088626062257));
#1304=CARTESIAN_POINT('Ctrl Pts',(-0.101143068548952,59.93399339934,2.53234027014422));
#1305=CARTESIAN_POINT('Ctrl Pts',(-0.525634232644157,59.6699669966996,2.47925105981266));
#1306=CARTESIAN_POINT('Ctrl Pts',(-0.911706569620101,59.4059405940594,2.32805870122462));
#1307=CARTESIAN_POINT('Ctrl Pts',(-1.29777890659604,59.1419141914191,2.17686634263659));
#1308=CARTESIAN_POINT('Ctrl Pts',(-1.64543241645273,58.8778877887789,1.92757083579208));
#1309=CARTESIAN_POINT('Ctrl Pts',(-1.91249443396587,58.6138613861387,1.61041337099693));
#1310=CARTESIAN_POINT('Ctrl Pts',(-2.17955645147902,58.3498349834984,1.29325590620178));
#1311=CARTESIAN_POINT('Ctrl Pts',(-2.36602697664864,58.0858085808581,0.908236483456001));
#1312=CARTESIAN_POINT('Ctrl Pts',(-2.44928590408469,57.8217821782178,0.502060499828617));
#1313=CARTESIAN_POINT('Ctrl Pts',(-2.53254483152075,57.5577557755776,0.0958845162012275));
#1314=CARTESIAN_POINT('Ctrl Pts',(-2.51259216122325,57.2937293729373,-0.331448028307766));
#1315=CARTESIAN_POINT('Ctrl Pts',(-2.39184828378491,57.029702970297,-0.728098875697049));
#1316=CARTESIAN_POINT('Ctrl Pts',(-2.27110440634658,56.7656765676568,-1.12474972308633));
#1317=CARTESIAN_POINT('Ctrl Pts',(-2.04956932176741,56.5016501650165,-1.4907188733559));
#1318=CARTESIAN_POINT('Ctrl Pts',(-1.75411669791643,56.2376237623763,-1.781611853218));
#1319=CARTESIAN_POINT('Ctrl Pts',(-1.45866407406546,55.973597359736,-2.0725048330801));
#1320=CARTESIAN_POINT('Ctrl Pts',(-1.08929391094267,55.7095709570957,-2.28832164253473));
#1321=CARTESIAN_POINT('Ctrl Pts',(-0.690813247141282,55.4455445544555,-2.40288227822552));
#1322=CARTESIAN_POINT('Ctrl Pts',(-0.292332583339891,55.1815181518152,-2.51744291391631));
#1323=CARTESIAN_POINT('Ctrl Pts',(0.135258581140105,54.9174917491749,-2.53074737584326));
#1324=CARTESIAN_POINT('Ctrl Pts',(0.540090615988048,54.6534653465346,-2.44118174496652));
#1325=CARTESIAN_POINT('Ctrl Pts',(0.944922650835995,54.3894389438944,-2.35161611408977));
#1326=CARTESIAN_POINT('Ctrl Pts',(1.32699555605189,54.1254125412541,-2.15918039040932));
#1327=CARTESIAN_POINT('Ctrl Pts',(1.63996136658979,53.8613861386139,-1.88721829726428));
#1328=CARTESIAN_POINT('Ctrl Pts',(1.95292717712769,53.5973597359736,-1.61525620411923));
#1329=CARTESIAN_POINT('Ctrl Pts',(2.19678589298761,53.3333333333333,-1.2637677415096));
#1330=CARTESIAN_POINT('Ctrl Pts',(2.3419558424924,53.0693069306931,-0.875390779738876));
#1331=CARTESIAN_POINT('Ctrl Pts',(2.44629674369898,52.8795379537954,-0.596244838466168));
#1332=CARTESIAN_POINT('Ctrl Pts',(2.4996548740053,52.6897689768977,-0.298042240888568));
#1333=CARTESIAN_POINT('Ctrl Pts',(2.49993662633578,52.5,6.21912428474738E-5));
#1334=CARTESIAN_POINT('Ctrl Pts',(2.49986812432076,44.4999999999999,-5.17647572494291E-5));
#1335=CARTESIAN_POINT('Ctrl Pts',(2.4999757182512,44.5907590759075,-0.142634660511438));
#1336=CARTESIAN_POINT('Ctrl Pts',(2.45308067647504,44.9455445544554,-0.699934157010283));
#1337=CARTESIAN_POINT('Ctrl Pts',(2.0443159689163,45.5643564356436,-1.61547882121803));
#1338=CARTESIAN_POINT('Ctrl Pts',(1.02511910461715,46.3564356435643,-2.39543950537665));
#1339=CARTESIAN_POINT('Ctrl Pts',(-0.242785185830782,47.1485148514852,-2.59423494620501));
#1340=CARTESIAN_POINT('Ctrl Pts',(-1.45178658547992,47.9405940594059,-2.1636347456978));
#1341=CARTESIAN_POINT('Ctrl Pts',(-2.30856539619692,48.7326732673267,-1.20810819633522));
#1342=CARTESIAN_POINT('Ctrl Pts',(-2.60525576919167,49.5247524752476,0.0405213482466247));
#1343=CARTESIAN_POINT('Ctrl Pts',(-2.2698767037216,50.3168316831683,1.27931987887008));
#1344=CARTESIAN_POINT('Ctrl Pts',(-1.38379558800684,51.1089108910892,2.20773852011125));
#1345=CARTESIAN_POINT('Ctrl Pts',(-0.161987396814596,51.9009900990099,2.60053065466328));
#1346=CARTESIAN_POINT('Ctrl Pts',(1.09912107504634,52.6930693069307,2.36239972590567));
#1347=CARTESIAN_POINT('Ctrl Pts',(2.09356826592107,53.4851485148514,1.55111944043598));
#1348=CARTESIAN_POINT('Ctrl Pts',(2.46352610265029,54.0874587458746,0.648046830626329));
#1349=CARTESIAN_POINT('Ctrl Pts',(2.50004687967143,54.4257425742574,0.116711751755361));
#1350=CARTESIAN_POINT('Ctrl Pts',(2.4999366287594,54.4999999999999,6.21912430855652E-5));
#1351=CARTESIAN_POINT('Origin',(0.,0.,0.));
#1352=CARTESIAN_POINT('',(2.49979189770895,72.5,-1.19131951732341E-5));
#1353=CARTESIAN_POINT('',(2.50016482817436,64.4999999999999,-3.78539707737713E-5));
#1354=CARTESIAN_POINT('',(2.5,0.,-3.06161699786838E-16));
#1355=CARTESIAN_POINT('Ctrl Pts',(2.49979189770895,72.5,-1.19131951732341E-5));
#1356=CARTESIAN_POINT('Ctrl Pts',(2.49975512350702,72.3597359735974,0.220362713733571));
#1357=CARTESIAN_POINT('Ctrl Pts',(2.47089584919887,72.2194719471947,0.440746789455082));
#1358=CARTESIAN_POINT('Ctrl Pts',(2.41333507916817,72.0792079207921,0.653360529181621));
#1359=CARTESIAN_POINT('Ctrl Pts',(2.30498539440451,71.8151815181518,1.05357462749038));
#1360=CARTESIAN_POINT('Ctrl Pts',(2.0949390604371,71.5511551155115,1.42625646261973));
#1361=CARTESIAN_POINT('Ctrl Pts',(1.80867608386113,71.2871287128713,1.72619726830537));
#1362=CARTESIAN_POINT('Ctrl Pts',(1.52241310728516,71.023102310231,2.026138073991));
#1363=CARTESIAN_POINT('Ctrl Pts',(1.15993348810064,70.7590759075907,2.25333785023291));
#1364=CARTESIAN_POINT('Ctrl Pts',(0.765208396444152,70.4950495049505,2.380235764677));
#1365=CARTESIAN_POINT('Ctrl Pts',(0.370483304787659,70.2310231023102,2.50713367912109));
#1366=CARTESIAN_POINT('Ctrl Pts',(-0.0564872593407991,69.96699669967,2.53372973176734));
#1367=CARTESIAN_POINT('Ctrl Pts',(-0.463908948549104,69.7029702970297,2.45679764589846));
#1368=CARTESIAN_POINT('Ctrl Pts',(-0.871330637757398,69.4389438943894,2.37986556002958));
#1369=CARTESIAN_POINT('Ctrl Pts',(-1.25920345204554,69.1749174917492,2.19940533564557));
#1370=CARTESIAN_POINT('Ctrl Pts',(-1.5804758591183,68.9108910891089,1.93730798898379));
#1371=CARTESIAN_POINT('Ctrl Pts',(-1.90174826619107,68.6468646864686,1.675210642322));
#1372=CARTESIAN_POINT('Ctrl Pts',(-2.15642026604846,68.3828382838284,1.33147617338243));
#1373=CARTESIAN_POINT('Ctrl Pts',(-2.31359846429785,68.1188118811881,0.947801841860819));
#1374=CARTESIAN_POINT('Ctrl Pts',(-2.47077666254724,67.8547854785479,0.56412751033922));
#1375=CARTESIAN_POINT('Ctrl Pts',(-2.53046105918864,67.5907590759076,0.140513316235583));
#1376=CARTESIAN_POINT('Ctrl Pts',(-2.48541154299835,67.3267326732673,-0.271653542893691));
#1377=CARTESIAN_POINT('Ctrl Pts',(-2.44036202680806,67.0627062706271,-0.683820402022977));
#1378=CARTESIAN_POINT('Ctrl Pts',(-2.29057859778608,66.7986798679868,-1.0845399261779));
#1379=CARTESIAN_POINT('Ctrl Pts',(-2.05423097442854,66.5346534653465,-1.42520219236939));
#1380=CARTESIAN_POINT('Ctrl Pts',(-1.81788335107099,66.2706270627063,-1.76586445856088));
#1381=CARTESIAN_POINT('Ctrl Pts',(-1.49497153337789,66.006600660066,-2.04646946678893));
#1382=CARTESIAN_POINT('Ctrl Pts',(-1.12466685602134,65.7425742574257,-2.23297797759029));
#1383=CARTESIAN_POINT('Ctrl Pts',(-0.754362178664789,65.4785478547855,-2.41948648839164));
#1384=CARTESIAN_POINT('Ctrl Pts',(-0.336664641644796,65.2145214521452,-2.5118985017663));
#1385=CARTESIAN_POINT('Ctrl Pts',(0.0777562870358375,64.9504950495049,-2.4990038305818));
#1386=CARTESIAN_POINT('Ctrl Pts',(0.492177215716476,64.6864686468647,-2.48610915939731));
#1387=CARTESIAN_POINT('Ctrl Pts',(0.903321536057758,64.4224422442244,-2.36790780365365));
#1388=CARTESIAN_POINT('Ctrl Pts',(1.26131472849058,64.1584158415842,-2.15873836791976));
#1389=CARTESIAN_POINT('Ctrl Pts',(1.6193079209234,63.8943894389439,-1.94956893218587));
#1390=CARTESIAN_POINT('Ctrl Pts',(1.92414998544777,63.6303630363036,-1.64943141646173));
#1391=CARTESIAN_POINT('Ctrl Pts',(2.13886156770951,63.3663366336634,-1.29473448228251));
#1392=CARTESIAN_POINT('Ctrl Pts',(2.35357314997124,63.1023102310231,-0.940037548103291));
#1393=CARTESIAN_POINT('Ctrl Pts',(2.47815424997035,62.8382838283828,-0.530781195468981));
#1394=CARTESIAN_POINT('Ctrl Pts',(2.49749235805405,62.5742574257426,-0.116610921005424));
#1395=CARTESIAN_POINT('Ctrl Pts',(2.4993053056869,62.549504950495,-0.0777824577744712));
#1396=CARTESIAN_POINT('Ctrl Pts',(2.50019326608612,62.5247524752475,-0.038910805777442));
#1397=CARTESIAN_POINT('Ctrl Pts',(2.50016482575051,62.5,-3.78539709681642E-5));
#1398=CARTESIAN_POINT('Ctrl Pts',(2.4999366287594,54.4999999999999,6.21912430855652E-5));
#1399=CARTESIAN_POINT('Ctrl Pts',(2.49965487642867,54.6897689768976,-0.298042241177393));
#1400=CARTESIAN_POINT('Ctrl Pts',(2.3720593473116,55.1435643564356,-1.01113540998914));
#1401=CARTESIAN_POINT('Ctrl Pts',(1.70906846292468,55.8613861386139,-1.96674466863558));
#1402=CARTESIAN_POINT('Ctrl Pts',(0.562849746165777,56.6534653465346,-2.54405184023661));
#1403=CARTESIAN_POINT('Ctrl Pts',(-0.719923748517836,57.4455445544555,-2.50413845441705));
#1404=CARTESIAN_POINT('Ctrl Pts',(-1.82803423896048,58.2376237623762,-1.85668802542548));
#1405=CARTESIAN_POINT('Ctrl Pts',(-2.49263949334229,59.029702970297,-0.758780573552376));
#1406=CARTESIAN_POINT('Ctrl Pts',(-2.55249750429283,59.8217821782178,0.523217061217461));
#1407=CARTESIAN_POINT('Ctrl Pts',(-1.99308592824165,60.6138613861386,1.67827533057461));
#1408=CARTESIAN_POINT('Ctrl Pts',(-0.950125397660485,61.4059405940594,2.4261618518332));
#1409=CARTESIAN_POINT('Ctrl Pts',(0.323348095859726,62.1980198019802,2.58542948298229));
#1410=CARTESIAN_POINT('Ctrl Pts',(1.5183730731937,62.990099009901,2.11743779440401));
#1411=CARTESIAN_POINT('Ctrl Pts',(2.31918796238666,63.7574257425742,1.16640618612173));
#1412=CARTESIAN_POINT('Ctrl Pts',(2.49988990492988,64.2607260726072,0.375734013856102));
#1413=CARTESIAN_POINT('Ctrl Pts',(2.50016482817436,64.4999999999999,-3.78539707740055E-5));
#1414=CARTESIAN_POINT('Origin',(0.,0.,0.));
#1415=CARTESIAN_POINT('',(2.50009624244645,82.5000000000001,5.53043745105856E-5));
#1416=CARTESIAN_POINT('',(2.49979190013243,74.4999999999999,-1.19131949709306E-5));
#1417=CARTESIAN_POINT('',(2.5,0.,-3.06161699786838E-16));
#1418=CARTESIAN_POINT('Ctrl Pts',(2.50009624244645,82.5000000000001,5.53043745105856E-5));
#1419=CARTESIAN_POINT('Ctrl Pts',(2.50015869321374,82.4587458745875,0.0648487009175273));
#1420=CARTESIAN_POINT('Ctrl Pts',(2.49769041075342,82.4174917491749,0.129637351270032));
#1421=CARTESIAN_POINT('Ctrl Pts',(2.49265769319241,82.3762376237624,0.194226182593442));
#1422=CARTESIAN_POINT('Ctrl Pts',(2.46044830080195,82.1122112211221,0.607594703063158));
#1423=CARTESIAN_POINT('Ctrl Pts',(2.32319964668701,81.8481848184819,1.0127786361012));
#1424=CARTESIAN_POINT('Ctrl Pts',(2.09756089841921,81.5841584158416,1.3606264964563));
#1425=CARTESIAN_POINT('Ctrl Pts',(1.87192215015141,81.3201320132013,1.7084743568114));
#1426=CARTESIAN_POINT('Ctrl Pts',(1.55789330773077,81.0561056105611,1.99898614448357));
#1427=CARTESIAN_POINT('Ctrl Pts',(1.1935681423021,80.7920792079208,2.19692086227922));
#1428=CARTESIAN_POINT('Ctrl Pts',(0.829242976873415,80.5280528052805,2.39485558007487));
#1429=CARTESIAN_POINT('Ctrl Pts',(0.414621488436715,80.2640264026403,2.50021322799399));
#1430=CARTESIAN_POINT('Ctrl Pts',(-4.61436444609831E-15,80.,2.50021322799399));
#1431=CARTESIAN_POINT('Ctrl Pts',(-0.414621488436717,79.7359735973598,2.50021322799399));
#1432=CARTESIAN_POINT('Ctrl Pts',(-0.829242976873447,79.4719471947195,2.39485558007486));
#1433=CARTESIAN_POINT('Ctrl Pts',(-1.19356814230212,79.2079207920792,2.1969208622792));
#1434=CARTESIAN_POINT('Ctrl Pts',(-1.5578933077308,78.9438943894389,1.99898614448355));
#1435=CARTESIAN_POINT('Ctrl Pts',(-1.87192215015144,78.6798679867987,1.70847435681137));
#1436=CARTESIAN_POINT('Ctrl Pts',(-2.09756089841923,78.4158415841584,1.36062649645626));
#1437=CARTESIAN_POINT('Ctrl Pts',(-2.32319964668701,78.1518151815181,1.01277863610116));
#1438=CARTESIAN_POINT('Ctrl Pts',(-2.46044830080195,77.8877887788779,0.607594703063137));
#1439=CARTESIAN_POINT('Ctrl Pts',(-2.49265769319241,77.6237623762376,0.194226182593433));
#1440=CARTESIAN_POINT('Ctrl Pts',(-2.52486708558287,77.3597359735974,-0.219142337876272));
#1441=CARTESIAN_POINT('Ctrl Pts',(-2.45203721624884,77.0957095709571,-0.640695445777655));
#1442=CARTESIAN_POINT('Ctrl Pts',(-2.28300282901046,76.8316831683169,-1.01929596691361));
#1443=CARTESIAN_POINT('Ctrl Pts',(-2.11396844177208,76.5676567656766,-1.39789648804958));
#1444=CARTESIAN_POINT('Ctrl Pts',(-1.84872953662933,76.3036303630363,-1.73354442242012));
#1445=CARTESIAN_POINT('Ctrl Pts',(-1.51946134332649,76.039603960396,-1.98552346034304));
#1446=CARTESIAN_POINT('Ctrl Pts',(-1.19019315002365,75.7755775577558,-2.23750249826596));
#1447=CARTESIAN_POINT('Ctrl Pts',(-0.796895668560699,75.5115511551155,-2.40581263974126));
#1448=CARTESIAN_POINT('Ctrl Pts',(-0.387278479163445,75.2475247524753,-2.47003675377776));
#1449=CARTESIAN_POINT('Ctrl Pts',(0.022338710233809,74.983498349835,-2.53426086781426));
#1450=CARTESIAN_POINT('Ctrl Pts',(0.448275607565374,74.7194719471947,-2.49439895441197));
#1451=CARTESIAN_POINT('Ctrl Pts',(0.838863256043688,74.4554455445544,-2.35528652675124));
#1452=CARTESIAN_POINT('Ctrl Pts',(1.229450904522,74.1914191419142,-2.21617409909051));
#1453=CARTESIAN_POINT('Ctrl Pts',(1.58468930414707,73.9273927392739,-1.97781115717136));
#1454=CARTESIAN_POINT('Ctrl Pts',(1.86148569250619,73.6633663366336,-1.66911269902032));
#1455=CARTESIAN_POINT('Ctrl Pts',(2.13828208086531,73.3993399339934,-1.36041424086928));
#1456=CARTESIAN_POINT('Ctrl Pts',(2.33663645795848,73.1353135313531,-0.981380266486366));
#1457=CARTESIAN_POINT('Ctrl Pts',(2.43248712872511,72.8712871287129,-0.577990098550822));
#1458=CARTESIAN_POINT('Ctrl Pts',(2.47741713064696,72.7475247524753,-0.388900957331058));
#1459=CARTESIAN_POINT('Ctrl Pts',(2.49982434553418,72.6237623762377,-0.194460113426388));
#1460=CARTESIAN_POINT('Ctrl Pts',(2.49979189770895,72.5,-1.19131951732341E-5));
#1461=CARTESIAN_POINT('Ctrl Pts',(2.50016482817436,64.4999999999999,-3.78539707740055E-5));
#1462=CARTESIAN_POINT('Ctrl Pts',(2.50019326850999,64.5247524752474,-0.0389108058150112));
#1463=CARTESIAN_POINT('Ctrl Pts',(2.48983373050912,64.8135313531353,-0.492413412886827));
#1464=CARTESIAN_POINT('Ctrl Pts',(2.22899205213308,65.3663366336633,-1.34929390204571));
#1465=CARTESIAN_POINT('Ctrl Pts',(1.31446585767338,66.1584158415842,-2.24970645009103));
#1466=CARTESIAN_POINT('Ctrl Pts',(0.0810328954537615,66.9504950495049,-2.60431051766577));
#1467=CARTESIAN_POINT('Ctrl Pts',(-1.17205971682107,67.7425742574257,-2.32707447727302));
#1468=CARTESIAN_POINT('Ctrl Pts',(-2.14079517083954,68.5346534653466,-1.48525945177275));
#1469=CARTESIAN_POINT('Ctrl Pts',(-2.59014545834112,69.3267326732672,-0.283100878142517));
#1470=CARTESIAN_POINT('Ctrl Pts',(-2.41109226824333,70.1188118811882,0.987741705400463));
#1471=CARTESIAN_POINT('Ctrl Pts',(-1.64707626793047,70.9108910891088,2.01894511321889));
#1472=CARTESIAN_POINT('Ctrl Pts',(-0.483457823937941,71.7029702970298,2.56032578689576));
#1473=CARTESIAN_POINT('Ctrl Pts',(0.797453869689229,72.4950495049504,2.48053762887965));
#1474=CARTESIAN_POINT('Ctrl Pts',(1.88489272829703,73.2871287128713,1.79893829949311));
#1475=CARTESIAN_POINT('Ctrl Pts',(2.41657251166747,73.9554455445544,0.85558740340744));
#1476=CARTESIAN_POINT('Ctrl Pts',(2.49975512593045,74.3597359735973,0.22036271394735));
#1477=CARTESIAN_POINT('Ctrl Pts',(2.49979190013243,74.4999999999999,-1.19131949708785E-5));
#1478=CARTESIAN_POINT('Origin',(0.,0.,0.));
#1479=CARTESIAN_POINT('',(2.50001602994737,92.5000000000001,-6.36199911048466E-5));
#1480=CARTESIAN_POINT('',(2.50009624487022,84.4999999999999,5.53043747591672E-5));
#1481=CARTESIAN_POINT('',(2.5,0.,-3.06161699786838E-16));
#1482=CARTESIAN_POINT('Ctrl Pts',(2.50001602994737,92.5000000000001,-6.36199911048466E-5));
#1483=CARTESIAN_POINT('Ctrl Pts',(2.49968390491703,92.2937293729373,0.323933341325322));
#1484=CARTESIAN_POINT('Ctrl Pts',(2.43639393168019,92.0874587458746,0.648056270359586));
#1485=CARTESIAN_POINT('Ctrl Pts',(2.31359846429783,91.8811881188119,0.947801841860861));
#1486=CARTESIAN_POINT('Ctrl Pts',(2.15642026604843,91.6171617161717,1.33147617338247));
#1487=CARTESIAN_POINT('Ctrl Pts',(1.90174826619103,91.3531353135313,1.67521064232204));
#1488=CARTESIAN_POINT('Ctrl Pts',(1.58047585911825,91.089108910891,1.93730798898383));
#1489=CARTESIAN_POINT('Ctrl Pts',(1.25920345204548,90.8250825082508,2.1994053356456));
#1490=CARTESIAN_POINT('Ctrl Pts',(0.871330637757348,90.5610561056106,2.37986556002959));
#1491=CARTESIAN_POINT('Ctrl Pts',(0.463908948549061,90.2970297029703,2.45679764589846));
#1492=CARTESIAN_POINT('Ctrl Pts',(0.0564872593407668,90.0330033003301,2.53372973176733));
#1493=CARTESIAN_POINT('Ctrl Pts',(-0.37048330478768,89.7689768976898,2.50713367912108));
#1494=CARTESIAN_POINT('Ctrl Pts',(-0.765208396444161,89.5049504950495,2.380235764677));
#1495=CARTESIAN_POINT('Ctrl Pts',(-1.15993348810065,89.2409240924092,2.25333785023291));
#1496=CARTESIAN_POINT('Ctrl Pts',(-1.52241310728517,88.976897689769,2.02613807399099));
#1497=CARTESIAN_POINT('Ctrl Pts',(-1.80867608386113,88.7128712871287,1.72619726830536));
#1498=CARTESIAN_POINT('Ctrl Pts',(-2.0949390604371,88.4488448844884,1.42625646261972));
#1499=CARTESIAN_POINT('Ctrl Pts',(-2.30498539440451,88.1848184818482,1.05357462749037));
#1500=CARTESIAN_POINT('Ctrl Pts',(-2.41333507916817,87.9207920792079,0.653360529181612));
#1501=CARTESIAN_POINT('Ctrl Pts',(-2.52168476393183,87.6567656765677,0.253146430872851));
#1502=CARTESIAN_POINT('Ctrl Pts',(-2.52833779949174,87.3927392739274,-0.174599930615323));
#1503=CARTESIAN_POINT('Ctrl Pts',(-2.4324871287251,87.1287128712871,-0.577990098550866));
#1504=CARTESIAN_POINT('Ctrl Pts',(-2.33663645795846,86.8646864686469,-0.981380266486408));
#1505=CARTESIAN_POINT('Ctrl Pts',(-2.13828208086528,86.6006600660066,-1.36041424086932));
#1506=CARTESIAN_POINT('Ctrl Pts',(-1.86148569250616,86.3366336633663,-1.66911269902035));
#1507=CARTESIAN_POINT('Ctrl Pts',(-1.58468930414704,86.072607260726,-1.97781115717138));
#1508=CARTESIAN_POINT('Ctrl Pts',(-1.22945090452198,85.8085808580858,-2.21617409909052));
#1509=CARTESIAN_POINT('Ctrl Pts',(-0.838863256043679,85.5445544554456,-2.35528652675124));
#1510=CARTESIAN_POINT('Ctrl Pts',(-0.448275607565365,85.2805280528053,-2.49439895441197));
#1511=CARTESIAN_POINT('Ctrl Pts',(-0.0223387102338005,85.016501650165,-2.53426086781426));
#1512=CARTESIAN_POINT('Ctrl Pts',(0.387278479163453,84.7524752475248,-2.47003675377776));
#1513=CARTESIAN_POINT('Ctrl Pts',(0.796895668560708,84.4884488448845,-2.40581263974126));
#1514=CARTESIAN_POINT('Ctrl Pts',(1.19019315002365,84.2244224422442,-2.23750249826595));
#1515=CARTESIAN_POINT('Ctrl Pts',(1.5194613433265,83.960396039604,-1.98552346034303));
#1516=CARTESIAN_POINT('Ctrl Pts',(1.84872953662935,83.6963696369637,-1.7335444224201));
#1517=CARTESIAN_POINT('Ctrl Pts',(2.11396844177208,83.4323432343234,-1.39789648804957));
#1518=CARTESIAN_POINT('Ctrl Pts',(2.28300282901047,83.1683168316832,-1.0192959669136));
#1519=CARTESIAN_POINT('Ctrl Pts',(2.42562559324284,82.9455445544555,-0.699851777205162));
#1520=CARTESIAN_POINT('Ctrl Pts',(2.49975900830308,82.7227722772277,-0.349829036957649));
#1521=CARTESIAN_POINT('Ctrl Pts',(2.50009624244645,82.5000000000001,5.53043745105856E-5));
#1522=CARTESIAN_POINT('Ctrl Pts',(2.49979190013243,74.4999999999999,-1.19131949708785E-5));
#1523=CARTESIAN_POINT('Ctrl Pts',(2.49982434795771,74.6237623762375,-0.194460113614776));
#1524=CARTESIAN_POINT('Ctrl Pts',(2.42961507457638,75.0115511551155,-0.803708091773509));
#1525=CARTESIAN_POINT('Ctrl Pts',(1.93992770565283,75.6633663366337,-1.73944821693855));
#1526=CARTESIAN_POINT('Ctrl Pts',(0.874212505744465,76.4554455445544,-2.45453704338928));
#1527=CARTESIAN_POINT('Ctrl Pts',(-0.403598187489033,77.2475247524753,-2.57412278371211));
#1528=CARTESIAN_POINT('Ctrl Pts',(-1.58349063302174,78.0396039603961,-2.06919235879668));
#1529=CARTESIAN_POINT('Ctrl Pts',(-2.3792073492214,78.8316831683167,-1.06224855470887));
#1530=CARTESIAN_POINT('Ctrl Pts',(-2.59769695743529,79.6237623762377,0.202410770221344));
#1531=CARTESIAN_POINT('Ctrl Pts',(-2.1859509946913,80.4158415841583,1.41796257051387));
#1532=CARTESIAN_POINT('Ctrl Pts',(-1.24386446651606,81.2079207920792,2.28949793437534));
#1533=CARTESIAN_POINT('Ctrl Pts',(-1.06642247648105E-14,81.9999999999999,
2.60557087843915));
#1534=CARTESIAN_POINT('Ctrl Pts',(1.24386446651603,82.7920792079209,2.28949793437534));
#1535=CARTESIAN_POINT('Ctrl Pts',(2.18595099469129,83.5841584158415,1.41796257051389));
#1536=CARTESIAN_POINT('Ctrl Pts',(2.48189340541353,84.1534653465346,0.544284714053676));
#1537=CARTESIAN_POINT('Ctrl Pts',(2.50015869563757,84.4587458745874,0.0648487009805263));
#1538=CARTESIAN_POINT('Ctrl Pts',(2.50009624487022,84.4999999999999,5.53043747591932E-5));
#1539=CARTESIAN_POINT('Origin',(0.,0.,0.));
#1540=CARTESIAN_POINT('',(2.4998181661266,102.5,3.41487220393389E-5));
#1541=CARTESIAN_POINT('',(2.50001603237107,94.4999999999999,-6.36199909535839E-5));
#1542=CARTESIAN_POINT('',(2.5,0.,-3.06161699786838E-16));
#1543=CARTESIAN_POINT('Ctrl Pts',(2.4998181661266,102.5,3.41487220393389E-5));
#1544=CARTESIAN_POINT('Ctrl Pts',(2.49989983729742,102.392739273927,0.168550854157688));
#1545=CARTESIAN_POINT('Ctrl Pts',(2.4831098433556,102.285478547855,0.33705150647997));
#1546=CARTESIAN_POINT('Ctrl Pts',(2.44928590408469,102.178217821782,0.502060499828627));
#1547=CARTESIAN_POINT('Ctrl Pts',(2.36602697664863,101.914191419142,0.908236483456015));
#1548=CARTESIAN_POINT('Ctrl Pts',(2.17955645147901,101.650165016502,1.2932559062018));
#1549=CARTESIAN_POINT('Ctrl Pts',(1.91249443396586,101.386138613861,1.61041337099695));
#1550=CARTESIAN_POINT('Ctrl Pts',(1.6454324164527,101.122112211221,1.92757083579209));
#1551=CARTESIAN_POINT('Ctrl Pts',(1.29777890659602,100.858085808581,2.1768663426366));
#1552=CARTESIAN_POINT('Ctrl Pts',(0.911706569620074,100.594059405941,2.32805870122463));
#1553=CARTESIAN_POINT('Ctrl Pts',(0.525634232644128,100.3300330033,2.47925105981267));
#1554=CARTESIAN_POINT('Ctrl Pts',(0.101143068548923,100.06600660066,2.53234027014422));
#1555=CARTESIAN_POINT('Ctrl Pts',(-0.31027334286125,99.8019801980198,2.48088626062257));
#1556=CARTESIAN_POINT('Ctrl Pts',(-0.721689754271417,99.5379537953796,2.42943225110092));
#1557=CARTESIAN_POINT('Ctrl Pts',(-1.12003141299655,99.2739273927393,2.27343502172605));
#1558=CARTESIAN_POINT('Ctrl Pts',(-1.4569768468179,99.009900990099,2.03181806598738));
#1559=CARTESIAN_POINT('Ctrl Pts',(-1.79392228063924,98.7458745874587,1.79020111024871));
#1560=CARTESIAN_POINT('Ctrl Pts',(-2.06947148955678,98.4818481848185,1.46296442814623));
#1561=CARTESIAN_POINT('Ctrl Pts',(-2.25019853593141,98.2178217821782,1.08980398894859));
#1562=CARTESIAN_POINT('Ctrl Pts',(-2.43092558230604,97.953795379538,0.71664354975094));
#1563=CARTESIAN_POINT('Ctrl Pts',(-2.51683046613775,97.6897689768977,0.297559353458129));
#1564=CARTESIAN_POINT('Ctrl Pts',(-2.49749235805405,97.4257425742574,-0.116610921005434));
#1565=CARTESIAN_POINT('Ctrl Pts',(-2.47815424997035,97.1617161716172,-0.530781195468997));
#1566=CARTESIAN_POINT('Ctrl Pts',(-2.35357314997124,96.8976897689769,-0.940037548103312));
#1567=CARTESIAN_POINT('Ctrl Pts',(-2.13886156770949,96.6336633663366,-1.29473448228253));
#1568=CARTESIAN_POINT('Ctrl Pts',(-1.92414998544775,96.3696369636964,-1.64943141646175));
#1569=CARTESIAN_POINT('Ctrl Pts',(-1.61930792092338,96.1056105610561,-1.94956893218588));
#1570=CARTESIAN_POINT('Ctrl Pts',(-1.26131472849056,95.8415841584159,-2.15873836791977));
#1571=CARTESIAN_POINT('Ctrl Pts',(-0.903321536057738,95.5775577557756,-2.36790780365366));
#1572=CARTESIAN_POINT('Ctrl Pts',(-0.492177215716461,95.3135313531354,-2.48610915939731));
#1573=CARTESIAN_POINT('Ctrl Pts',(-0.0777562870358276,95.0495049504951,
-2.49900383058181));
#1574=CARTESIAN_POINT('Ctrl Pts',(0.336664641644806,94.7854785478549,-2.5118985017663));
#1575=CARTESIAN_POINT('Ctrl Pts',(0.754362178664798,94.5214521452145,-2.41948648839164));
#1576=CARTESIAN_POINT('Ctrl Pts',(1.12466685602134,94.2574257425743,-2.23297797759028));
#1577=CARTESIAN_POINT('Ctrl Pts',(1.4949715333779,93.993399339934,-2.04646946678893));
#1578=CARTESIAN_POINT('Ctrl Pts',(1.817883351071,93.7293729372937,-1.76586445856087));
#1579=CARTESIAN_POINT('Ctrl Pts',(2.05423097442854,93.4653465346535,-1.42520219236938));
#1580=CARTESIAN_POINT('Ctrl Pts',(2.29057859778609,93.2013201320132,-1.08453992617789));
#1581=CARTESIAN_POINT('Ctrl Pts',(2.44036202680806,92.9372937293729,-0.683820402022967));
#1582=CARTESIAN_POINT('Ctrl Pts',(2.48541154299835,92.6732673267327,-0.271653542893681));
#1583=CARTESIAN_POINT('Ctrl Pts',(2.49526612466497,92.6155115511551,-0.181492042459171));
#1584=CARTESIAN_POINT('Ctrl Pts',(2.50010902495587,92.5577557755776,-0.090782769159677));
#1585=CARTESIAN_POINT('Ctrl Pts',(2.50001602994737,92.5000000000001,-6.36199911048466E-5));
#1586=CARTESIAN_POINT('Ctrl Pts',(2.50009624487022,84.4999999999999,5.53043747591932E-5));
#1587=CARTESIAN_POINT('Ctrl Pts',(2.49975901072656,84.7227722772277,-0.349829037296676));
#1588=CARTESIAN_POINT('Ctrl Pts',(2.3377637702527,85.2095709570956,-1.11469354450506));
#1589=CARTESIAN_POINT('Ctrl Pts',(1.58349063302175,85.960396039604,-2.06919235879668));
#1590=CARTESIAN_POINT('Ctrl Pts',(0.403598187489047,86.7524752475247,-2.5741227837121));
#1591=CARTESIAN_POINT('Ctrl Pts',(-0.874212505744436,87.5445544554456,-2.45453704338928));
#1592=CARTESIAN_POINT('Ctrl Pts',(-1.93992770565281,88.3366336633662,-1.73944821693858));
#1593=CARTESIAN_POINT('Ctrl Pts',(-2.53499083750925,89.1287128712871,-0.602346292687456));
#1594=CARTESIAN_POINT('Ctrl Pts',(-2.51503173081019,89.9207920792079,0.680892793021131));
#1595=CARTESIAN_POINT('Ctrl Pts',(-1.88489272829704,90.7128712871288,1.7989382994931));
#1596=CARTESIAN_POINT('Ctrl Pts',(-0.797453869689244,91.5049504950493,2.48053762887964));
#1597=CARTESIAN_POINT('Ctrl Pts',(0.483457823937914,92.2970297029705,2.56032578689576));
#1598=CARTESIAN_POINT('Ctrl Pts',(1.64707626793044,93.0891089108909,2.01894511321891));
#1599=CARTESIAN_POINT('Ctrl Pts',(2.35538276822048,93.8234323432344,1.06293362055396));
#1600=CARTESIAN_POINT('Ctrl Pts',(2.49968390734038,94.2937293729372,0.32393334163951));
#1601=CARTESIAN_POINT('Ctrl Pts',(2.50001603237107,94.4999999999999,-6.3619990953636E-5));
#1602=CARTESIAN_POINT('Origin',(0.,0.,0.));
#1603=CARTESIAN_POINT('',(2.50020710963571,112.5,1.35227473671633E-5));
#1604=CARTESIAN_POINT('',(2.49981816855011,104.5,3.41487222860898E-5));
#1605=CARTESIAN_POINT('',(2.5,0.,-3.06161699786838E-16));
#1606=CARTESIAN_POINT('Ctrl Pts',(2.50020710963571,112.5,1.35227473671633E-5));
#1607=CARTESIAN_POINT('Ctrl Pts',(2.5002109916851,112.491749174918,0.0129705366909957));
#1608=CARTESIAN_POINT('Ctrl Pts',(2.50011236396371,112.483498349835,0.0259274913367448));
#1609=CARTESIAN_POINT('Ctrl Pts',(2.49991086035727,112.475247524752,0.0388828458825673));
#1610=CARTESIAN_POINT('Ctrl Pts',(2.49346274495096,112.211221122112,0.453454191348202));
#1611=CARTESIAN_POINT('Ctrl Pts',(2.38166972323597,111.947194719472,0.866387034489028));
#1612=CARTESIAN_POINT('Ctrl Pts',(2.17809302656919,111.683168316832,1.22758989611629));
#1613=CARTESIAN_POINT('Ctrl Pts',(1.97451632990241,111.419141914191,1.58879275774354));
#1614=CARTESIAN_POINT('Ctrl Pts',(1.67915595828383,111.155115511551,1.89826563785724));
#1615=CARTESIAN_POINT('Ctrl Pts',(1.32784107413991,110.891089108911,2.11846743360928));
#1616=CARTESIAN_POINT('Ctrl Pts',(0.976526189996002,110.627062706271,2.33866922936132));
#1617=CARTESIAN_POINT('Ctrl Pts',(0.569256793326763,110.36303630363,2.46959994075172));
#1618=CARTESIAN_POINT('Ctrl Pts',(0.155437349885763,110.09900990099,2.49537680835913));
#1619=CARTESIAN_POINT('Ctrl Pts',(-0.25838209355525,109.83498349835,2.52115367596654));
#1620=CARTESIAN_POINT('Ctrl Pts',(-0.67875158376803,109.57095709571,2.44177669979096));
#1621=CARTESIAN_POINT('Ctrl Pts',(-1.05467752719286,109.306930693069,2.26687483092263));
#1622=CARTESIAN_POINT('Ctrl Pts',(-1.43060347061767,109.042904290429,2.09197296205431));
#1623=CARTESIAN_POINT('Ctrl Pts',(-1.76208586725454,108.778877887789,1.82154620049325));
#1624=CARTESIAN_POINT('Ctrl Pts',(-2.0089137146405,108.514851485149,1.48839909720661));
#1625=CARTESIAN_POINT('Ctrl Pts',(-2.25574156202647,108.250825082508,1.15525199391994));
#1626=CARTESIAN_POINT('Ctrl Pts',(-2.41791486016152,107.986798679868,0.759384548907667));
#1627=CARTESIAN_POINT('Ctrl Pts',(-2.4757609176542,107.722772277228,0.348818095935628));
#1628=CARTESIAN_POINT('Ctrl Pts',(-2.53360697514688,107.458745874587,-0.0617483570363981));
#1629=CARTESIAN_POINT('Ctrl Pts',(-2.4871257919972,107.194719471947,-0.487013817968168));
#1630=CARTESIAN_POINT('Ctrl Pts',(-2.3419558424924,106.930693069307,-0.875390779738885));
#1631=CARTESIAN_POINT('Ctrl Pts',(-2.1967858929876,106.666666666667,-1.2637677415096));
#1632=CARTESIAN_POINT('Ctrl Pts',(-1.95292717712768,106.402640264026,-1.61525620411924));
#1633=CARTESIAN_POINT('Ctrl Pts',(-1.63996136658978,106.138613861386,-1.88721829726428));
#1634=CARTESIAN_POINT('Ctrl Pts',(-1.32699555605188,105.874587458746,-2.15918039040933));
#1635=CARTESIAN_POINT('Ctrl Pts',(-0.944922650835986,105.610561056106,-2.35161611408978));
#1636=CARTESIAN_POINT('Ctrl Pts',(-0.540090615988039,105.346534653465,-2.44118174496652));
#1637=CARTESIAN_POINT('Ctrl Pts',(-0.135258581140093,105.082508250825,-2.53074737584327));
#1638=CARTESIAN_POINT('Ctrl Pts',(0.292332583339915,104.818481848185,-2.51744291391631));
#1639=CARTESIAN_POINT('Ctrl Pts',(0.690813247141309,104.554455445545,-2.40288227822551));
#1640=CARTESIAN_POINT('Ctrl Pts',(1.0892939109427,104.290429042904,-2.28832164253471));
#1641=CARTESIAN_POINT('Ctrl Pts',(1.45866407406549,104.026402640264,-2.07250483308008));
#1642=CARTESIAN_POINT('Ctrl Pts',(1.75411669791646,103.762376237624,-1.78161185321797));
#1643=CARTESIAN_POINT('Ctrl Pts',(2.04956932176743,103.498349834984,-1.49071887335588));
#1644=CARTESIAN_POINT('Ctrl Pts',(2.27110440634658,103.234323432343,-1.12474972308631));
#1645=CARTESIAN_POINT('Ctrl Pts',(2.39184828378491,102.970297029703,-0.728098875697039));
#1646=CARTESIAN_POINT('Ctrl Pts',(2.46353996101392,102.813531353135,-0.492587435059683));
#1647=CARTESIAN_POINT('Ctrl Pts',(2.49969880056926,102.656765676568,-0.246259497683834));
#1648=CARTESIAN_POINT('Ctrl Pts',(2.4998181661266,102.5,3.41487220393389E-5));
#1649=CARTESIAN_POINT('Ctrl Pts',(2.50001603237107,94.4999999999999,-6.3619990953636E-5));
#1650=CARTESIAN_POINT('Ctrl Pts',(2.50010902737966,94.5577557755774,-0.0907827692475469));
#1651=CARTESIAN_POINT('Ctrl Pts',(2.47312715430427,94.8795379537953,-0.596163006691995));
#1652=CARTESIAN_POINT('Ctrl Pts',(2.14079517083955,95.4653465346535,-1.48525945177274));
#1653=CARTESIAN_POINT('Ctrl Pts',(1.17205971682108,96.2574257425742,-2.32707447727302));
#1654=CARTESIAN_POINT('Ctrl Pts',(-0.0810328954537456,97.049504950495,-2.60431051766577));
#1655=CARTESIAN_POINT('Ctrl Pts',(-1.31446585767336,97.8415841584158,-2.24970645009104));
#1656=CARTESIAN_POINT('Ctrl Pts',(-2.22899205213307,98.6336633663366,-1.34929390204573));
#1657=CARTESIAN_POINT('Ctrl Pts',(-2.60273535249275,99.4257425742575,-0.121524842952504));
#1658=CARTESIAN_POINT('Ctrl Pts',(-2.34502070074777,100.217821782178,1.1357277471448));
#1659=CARTESIAN_POINT('Ctrl Pts',(-1.51837307319372,101.009900990099,2.117437794404));
#1660=CARTESIAN_POINT('Ctrl Pts',(-0.323348095859746,101.80198019802,2.58542948298229));
#1661=CARTESIAN_POINT('Ctrl Pts',(0.950125397660462,102.594059405941,2.42616185183321));
#1662=CARTESIAN_POINT('Ctrl Pts',(1.99308592824163,103.386138613861,1.67827533057463));
#1663=CARTESIAN_POINT('Ctrl Pts',(2.44178062986602,104.021452145215,0.751822343694451));
#1664=CARTESIAN_POINT('Ctrl Pts',(2.499899839721,104.392739273927,0.168550854321236));
#1665=CARTESIAN_POINT('Ctrl Pts',(2.49981816855011,104.5,3.41487222859337E-5));
#1666=CARTESIAN_POINT('Origin',(0.,0.,0.));
#1667=CARTESIAN_POINT('',(2.49986812189721,122.5,-5.17647575580633E-5));
#1668=CARTESIAN_POINT('',(2.5002071120596,114.5,1.35227475935723E-5));
#1669=CARTESIAN_POINT('',(2.5,0.,-3.06161699786838E-16));
#1670=CARTESIAN_POINT('Ctrl Pts',(2.49986812189721,122.5,-5.17647575580633E-5));
#1671=CARTESIAN_POINT('Ctrl Pts',(2.49966271530297,122.326732673267,0.272151945054629));
#1672=CARTESIAN_POINT('Ctrl Pts',(2.4553427303623,122.153465346535,0.544420923878808));
#1673=CARTESIAN_POINT('Ctrl Pts',(2.36804752966216,121.980198019802,0.802132833573764));
#1674=CARTESIAN_POINT('Ctrl Pts',(2.23502627145245,121.716171617162,1.19483669596601));
#1675=CARTESIAN_POINT('Ctrl Pts',(2.00221675714825,121.452145214521,1.55373910985866));
#1676=CARTESIAN_POINT('Ctrl Pts',(1.69786031735433,121.188118811881,1.83530284372623));
#1677=CARTESIAN_POINT('Ctrl Pts',(1.39350387756042,120.924092409241,2.1168665775938));
#1678=CARTESIAN_POINT('Ctrl Pts',(1.0176005122768,120.660066006601,2.32109163143629));
#1679=CARTESIAN_POINT('Ctrl Pts',(0.615749780637265,120.39603960396,2.42320415835754));
#1680=CARTESIAN_POINT('Ctrl Pts',(0.21389904899772,120.13201320132,2.5253166852788));
#1681=CARTESIAN_POINT('Ctrl Pts',(-0.213899048997735,119.86798679868,2.52531668527879));
#1682=CARTESIAN_POINT('Ctrl Pts',(-0.615749780637279,119.60396039604,2.42320415835754));
#1683=CARTESIAN_POINT('Ctrl Pts',(-1.01760051227681,119.339933993399,2.32109163143629));
#1684=CARTESIAN_POINT('Ctrl Pts',(-1.39350387756043,119.075907590759,2.11686657759379));
#1685=CARTESIAN_POINT('Ctrl Pts',(-1.69786031735434,118.811881188119,1.83530284372622));
#1686=CARTESIAN_POINT('Ctrl Pts',(-2.00221675714825,118.547854785479,1.55373910985864));
#1687=CARTESIAN_POINT('Ctrl Pts',(-2.23502627145248,118.283828382838,1.19483669596596));
#1688=CARTESIAN_POINT('Ctrl Pts',(-2.36804752966218,118.019801980198,0.802132833573716));
#1689=CARTESIAN_POINT('Ctrl Pts',(-2.50106878787188,117.755775577558,0.409428971181459));
#1690=CARTESIAN_POINT('Ctrl Pts',(-2.53430178998708,117.491749174918,-0.0170763397103908));
#1691=CARTESIAN_POINT('Ctrl Pts',(-2.46371515351669,117.227722772277,-0.425645189997937));
#1692=CARTESIAN_POINT('Ctrl Pts',(-2.3931285170463,116.963696369637,-0.834214040285449));
#1693=CARTESIAN_POINT('Ctrl Pts',(-2.21872224199034,116.699669966997,-1.22484642996865));
#1694=CARTESIAN_POINT('Ctrl Pts',(-1.96165296057719,116.435643564356,-1.550156072044));
#1695=CARTESIAN_POINT('Ctrl Pts',(-1.70458367916403,116.171617161716,-1.87546571411936));
#1696=CARTESIAN_POINT('Ctrl Pts',(-1.36485139139367,115.907590759076,-2.13545260858685));
#1697=CARTESIAN_POINT('Ctrl Pts',(-0.983667865972032,115.643564356436,-2.29857862925986));
#1698=CARTESIAN_POINT('Ctrl Pts',(-0.602484340550395,115.379537953795,-2.46170464993288));
#1699=CARTESIAN_POINT('Ctrl Pts',(-0.179849577477485,115.115511551155,-2.52796979681142));
#1700=CARTESIAN_POINT('Ctrl Pts',(0.232968037138478,114.851485148515,-2.48933567023573));
#1701=CARTESIAN_POINT('Ctrl Pts',(0.645785651754442,114.587458745875,-2.45070154366004));
#1702=CARTESIAN_POINT('Ctrl Pts',(1.04878611791345,114.323432343234,-2.30716814363012));
#1703=CARTESIAN_POINT('Ctrl Pts',(1.39308281930736,114.059405940594,-2.07614701887578));
#1704=CARTESIAN_POINT('Ctrl Pts',(1.73737952070126,113.795379537954,-1.84512589412145));
#1705=CARTESIAN_POINT('Ctrl Pts',(2.02297245733005,113.531353135314,-1.52661704464271));
#1706=CARTESIAN_POINT('Ctrl Pts',(2.21521732109563,113.267326732673,-1.15925769600811));
#1707=CARTESIAN_POINT('Ctrl Pts',(2.40145453286853,113.011551155116,-0.803378327018364));
#1708=CARTESIAN_POINT('Ctrl Pts',(2.50008676610476,112.755775577558,-0.401653909504432));
#1709=CARTESIAN_POINT('Ctrl Pts',(2.50020710963571,112.5,1.35227473671633E-5));
#1710=CARTESIAN_POINT('Ctrl Pts',(2.49981816855011,104.5,3.41487222859337E-5));
#1711=CARTESIAN_POINT('Ctrl Pts',(2.49969880299267,104.656765676568,-0.246259497922434));
#1712=CARTESIAN_POINT('Ctrl Pts',(2.40264086514478,105.077557755775,-0.90745554099347));
#1713=CARTESIAN_POINT('Ctrl Pts',(1.8280342389605,105.762376237624,-1.85668802542546));
#1714=CARTESIAN_POINT('Ctrl Pts',(0.719923748517866,106.554455445544,-2.50413845441704));
#1715=CARTESIAN_POINT('Ctrl Pts',(-0.562849746165763,107.346534653465,-2.54405184023662));
#1716=CARTESIAN_POINT('Ctrl Pts',(-1.70906846292467,108.138613861386,-1.96674466863558));
#1717=CARTESIAN_POINT('Ctrl Pts',(-2.44064461121366,108.930693069307,-0.9122792797844));
#1718=CARTESIAN_POINT('Ctrl Pts',(-2.58008816079789,109.722772277228,0.363517104247857));
#1719=CARTESIAN_POINT('Ctrl Pts',(-2.09356826592108,110.514851485149,1.55111944043596));
#1720=CARTESIAN_POINT('Ctrl Pts',(-1.09912107504637,111.306930693069,2.36239972590565));
#1721=CARTESIAN_POINT('Ctrl Pts',(0.161987396814571,112.09900990099,2.60053065466328));
#1722=CARTESIAN_POINT('Ctrl Pts',(1.38379558800682,112.891089108911,2.20773852011126));
#1723=CARTESIAN_POINT('Ctrl Pts',(2.26987670372158,113.683168316832,1.27931987887011));
#1724=CARTESIAN_POINT('Ctrl Pts',(2.49695627930027,114.219471947195,0.440550040427203));
#1725=CARTESIAN_POINT('Ctrl Pts',(2.50021099410898,114.491749174917,0.0129705367037126));
#1726=CARTESIAN_POINT('Ctrl Pts',(2.5002071120596,114.5,1.35227475935636E-5));
#1727=CARTESIAN_POINT('Origin',(0.,0.,0.));
#1728=CARTESIAN_POINT('',(2.49993662633577,132.5,6.21912426915064E-5));
#1729=CARTESIAN_POINT('',(2.49986812432077,124.5,-5.17647573954061E-5));
#1730=CARTESIAN_POINT('',(2.5,0.,-3.06161699786838E-16));
#1731=CARTESIAN_POINT('Ctrl Pts',(2.49993662633577,132.5,6.21912426915064E-5));
#1732=CARTESIAN_POINT('Ctrl Pts',(2.50004687724771,132.425742574257,0.116711751641992));
#1733=CARTESIAN_POINT('Ctrl Pts',(2.49203012132402,132.351485148515,0.233346281037246));
#1734=CARTESIAN_POINT('Ctrl Pts',(2.4757609176542,132.277227722772,0.34881809593568));
#1735=CARTESIAN_POINT('Ctrl Pts',(2.41791486016151,132.013201320132,0.759384548907709));
#1736=CARTESIAN_POINT('Ctrl Pts',(2.25574156202646,131.749174917492,1.15525199391996));
#1737=CARTESIAN_POINT('Ctrl Pts',(2.00891371464049,131.485148514852,1.48839909720662));
#1738=CARTESIAN_POINT('Ctrl Pts',(1.76208586725452,131.221122112211,1.82154620049327));
#1739=CARTESIAN_POINT('Ctrl Pts',(1.43060347061764,130.957095709571,2.09197296205433));
#1740=CARTESIAN_POINT('Ctrl Pts',(1.05467752719281,130.693069306931,2.26687483092265));
#1741=CARTESIAN_POINT('Ctrl Pts',(0.678751583767979,130.42904290429,2.44177669979097));
#1742=CARTESIAN_POINT('Ctrl Pts',(0.258382093555198,130.16501650165,2.52115367596655));
#1743=CARTESIAN_POINT('Ctrl Pts',(-0.155437349885813,129.90099009901,2.49537680835913));
#1744=CARTESIAN_POINT('Ctrl Pts',(-0.569256793326815,129.63696369637,2.46959994075171));
#1745=CARTESIAN_POINT('Ctrl Pts',(-0.976526189996048,129.372937293729,2.3386692293613));
#1746=CARTESIAN_POINT('Ctrl Pts',(-1.32784107413995,129.108910891089,2.11846743360926));
#1747=CARTESIAN_POINT('Ctrl Pts',(-1.67915595828386,128.844884488449,1.8982656378572));
#1748=CARTESIAN_POINT('Ctrl Pts',(-1.97451632990244,128.580858085809,1.5887927577435));
#1749=CARTESIAN_POINT('Ctrl Pts',(-2.17809302656922,128.316831683168,1.22758989611624));
#1750=CARTESIAN_POINT('Ctrl Pts',(-2.38166972323599,128.052805280528,0.866387034488979));
#1751=CARTESIAN_POINT('Ctrl Pts',(-2.49346274495097,127.788778877888,0.453454191348152));
#1752=CARTESIAN_POINT('Ctrl Pts',(-2.49991086035727,127.524752475248,0.0388828458825172));
#1753=CARTESIAN_POINT('Ctrl Pts',(-2.50635897576357,127.260726072607,-0.375688499583118));
#1754=CARTESIAN_POINT('Ctrl Pts',(-2.40746218486119,126.996699669967,-0.79189834737356));
#1755=CARTESIAN_POINT('Ctrl Pts',(-2.21521732109561,126.732673267327,-1.15925769600815));
#1756=CARTESIAN_POINT('Ctrl Pts',(-2.02297245733003,126.468646864686,-1.52661704464273));
#1757=CARTESIAN_POINT('Ctrl Pts',(-1.73737952070124,126.204620462046,-1.84512589412146));
#1758=CARTESIAN_POINT('Ctrl Pts',(-1.39308281930735,125.940594059406,-2.07614701887579));
#1759=CARTESIAN_POINT('Ctrl Pts',(-1.04878611791344,125.676567656766,-2.30716814363012));
#1760=CARTESIAN_POINT('Ctrl Pts',(-0.645785651754427,125.412541254125,-2.45070154366004));
#1761=CARTESIAN_POINT('Ctrl Pts',(-0.232968037138464,125.148514851485,-2.48933567023573));
#1762=CARTESIAN_POINT('Ctrl Pts',(0.179849577477498,124.884488448845,-2.52796979681142));
#1763=CARTESIAN_POINT('Ctrl Pts',(0.60248434055041,124.620462046205,-2.46170464993288));
#1764=CARTESIAN_POINT('Ctrl Pts',(0.983667865972045,124.356435643564,-2.29857862925986));
#1765=CARTESIAN_POINT('Ctrl Pts',(1.36485139139368,124.092409240924,-2.13545260858684));
#1766=CARTESIAN_POINT('Ctrl Pts',(1.70458367916404,123.828382838284,-1.87546571411935));
#1767=CARTESIAN_POINT('Ctrl Pts',(1.9616529605772,123.564356435644,-1.55015607204399));
#1768=CARTESIAN_POINT('Ctrl Pts',(2.21872224199036,123.300330033003,-1.22484642996862));
#1769=CARTESIAN_POINT('Ctrl Pts',(2.39312851704632,123.036303630363,-0.834214040285388));
#1770=CARTESIAN_POINT('Ctrl Pts',(2.4637151535167,122.772277227723,-0.425645189997853));
#1771=CARTESIAN_POINT('Ctrl Pts',(2.48797930980338,122.681518151815,-0.285199647711559));
#1772=CARTESIAN_POINT('Ctrl Pts',(2.49997571582752,122.590759075908,-0.142634660373392));
#1773=CARTESIAN_POINT('Ctrl Pts',(2.49986812189721,122.5,-5.17647575580633E-5));
#1774=CARTESIAN_POINT('Ctrl Pts',(2.5002071120596,114.5,1.35227475935636E-5));
#1775=CARTESIAN_POINT('Ctrl Pts',(2.50008676852857,114.755775577558,-0.401653909893682));
#1776=CARTESIAN_POINT('Ctrl Pts',(2.29964061691867,115.275577557756,-1.21806159789101));
#1777=CARTESIAN_POINT('Ctrl Pts',(1.45178658547994,116.059405940594,-2.16363474569778));
#1778=CARTESIAN_POINT('Ctrl Pts',(0.242785185830803,116.851485148515,-2.59423494620501));
#1779=CARTESIAN_POINT('Ctrl Pts',(-1.02511910461714,117.643564356436,-2.39543950537665));
#1780=CARTESIAN_POINT('Ctrl Pts',(-2.04431596891629,118.435643564356,-1.61547882121804));
#1781=CARTESIAN_POINT('Ctrl Pts',(-2.56753479459144,119.227722772277,-0.443581651032234));
#1782=CARTESIAN_POINT('Ctrl Pts',(-2.46783578814918,120.019801980198,0.835934282883723));
#1783=CARTESIAN_POINT('Ctrl Pts',(-1.76940724455947,120.811881188119,1.91264152560553));
#1784=CARTESIAN_POINT('Ctrl Pts',(-0.641697147615304,121.60396039604,2.52531668772702));
#1785=CARTESIAN_POINT('Ctrl Pts',(0.641697147615277,122.39603960396,2.52531668772702));
#1786=CARTESIAN_POINT('Ctrl Pts',(1.76940724455944,123.188118811881,1.91264152560556));
#1787=CARTESIAN_POINT('Ctrl Pts',(2.38780751752949,123.889438943894,0.959306987778997));
#1788=CARTESIAN_POINT('Ctrl Pts',(2.49966271772631,124.326732673267,0.272151945318614));
#1789=CARTESIAN_POINT('Ctrl Pts',(2.49986812432077,124.5,-5.17647573956316E-5));
#1790=CARTESIAN_POINT('Origin',(0.,0.,0.));
#1791=CARTESIAN_POINT('',(2.50016482573935,142.5,-3.78539856994534E-5));
#1792=CARTESIAN_POINT('',(2.4999366287594,134.5,6.21912429654009E-5));
#1793=CARTESIAN_POINT('',(2.5,0.,-3.06161699786838E-16));
#1794=CARTESIAN_POINT('Ctrl Pts',(2.50016482573935,142.5,-3.78539856994534E-5));
#1795=CARTESIAN_POINT('Ctrl Pts',(2.49988990249117,142.260726072607,0.375734013471712));
#1796=CARTESIAN_POINT('Ctrl Pts',(2.41398242170885,142.021452145215,0.751627340926241));
#1797=CARTESIAN_POINT('Ctrl Pts',(2.25019853593602,141.782178217822,1.08980398895465));
#1798=CARTESIAN_POINT('Ctrl Pts',(2.06947148956603,141.518151815182,1.46296442815838));
#1799=CARTESIAN_POINT('Ctrl Pts',(1.79392228063923,141.254125412541,1.79020111024874));
#1800=CARTESIAN_POINT('Ctrl Pts',(1.45697684681557,140.990099009901,2.03181806598438));
#1801=CARTESIAN_POINT('Ctrl Pts',(1.1200314129919,140.726072607261,2.27343502172002));
#1802=CARTESIAN_POINT('Ctrl Pts',(0.72168975427137,140.46204620462,2.42943225110092));
#1803=CARTESIAN_POINT('Ctrl Pts',(0.310273342862351,140.19801980198,2.48088626062408));
#1804=CARTESIAN_POINT('Ctrl Pts',(-0.101143068546667,139.93399339934,2.53234027014724));
#1805=CARTESIAN_POINT('Ctrl Pts',(-0.525634232644176,139.6699669967,2.47925105981266));
#1806=CARTESIAN_POINT('Ctrl Pts',(-0.911706569620695,139.405940594059,2.32805870122386));
#1807=CARTESIAN_POINT('Ctrl Pts',(-1.29777890659721,139.141914191419,2.17686634263507));
#1808=CARTESIAN_POINT('Ctrl Pts',(-1.64543241645274,138.877887788779,1.92757083579206));
#1809=CARTESIAN_POINT('Ctrl Pts',(-1.9124944339656,138.613861386139,1.61041337099728));
#1810=CARTESIAN_POINT('Ctrl Pts',(-2.17955645147846,138.349834983498,1.29325590620251));
#1811=CARTESIAN_POINT('Ctrl Pts',(-2.36602697664865,138.085808580858,0.908236483455968));
#1812=CARTESIAN_POINT('Ctrl Pts',(-2.44928590408484,137.821782178218,0.50206049982839));
#1813=CARTESIAN_POINT('Ctrl Pts',(-2.53254483152104,137.557755775578,0.0958845162008333));
#1814=CARTESIAN_POINT('Ctrl Pts',(-2.51259216122325,137.293729372937,-0.331448028307757));
#1815=CARTESIAN_POINT('Ctrl Pts',(-2.39184828378485,137.029702970297,-0.728098875696925));
#1816=CARTESIAN_POINT('Ctrl Pts',(-2.27110440634645,136.765676567657,-1.12474972308612));
#1817=CARTESIAN_POINT('Ctrl Pts',(-2.04956932176743,136.501650165017,-1.49071887335588));
#1818=CARTESIAN_POINT('Ctrl Pts',(-1.75411669791649,136.237623762376,-1.78161185321803));
#1819=CARTESIAN_POINT('Ctrl Pts',(-1.45866407406554,135.973597359736,-2.07250483308019));
#1820=CARTESIAN_POINT('Ctrl Pts',(-1.08929391094267,135.709570957096,-2.28832164253473));
#1821=CARTESIAN_POINT('Ctrl Pts',(-0.690813247141243,135.445544554455,-2.4028822782255));
#1822=CARTESIAN_POINT('Ctrl Pts',(-0.292332583339816,135.181518151815,-2.51744291391627));
#1823=CARTESIAN_POINT('Ctrl Pts',(0.135258581140164,134.917491749175,-2.53074737584327));
#1824=CARTESIAN_POINT('Ctrl Pts',(0.540090615988112,134.653465346535,-2.44118174496652));
#1825=CARTESIAN_POINT('Ctrl Pts',(0.944922650836026,134.389438943894,-2.35161611408977));
#1826=CARTESIAN_POINT('Ctrl Pts',(1.32699555605191,134.125412541254,-2.15918039040931));
#1827=CARTESIAN_POINT('Ctrl Pts',(1.6399613665898,133.861386138614,-1.88721829726427));
#1828=CARTESIAN_POINT('Ctrl Pts',(1.95292717712771,133.597359735974,-1.61525620411922));
#1829=CARTESIAN_POINT('Ctrl Pts',(2.19678589298761,133.333333333333,-1.26376774150959));
#1830=CARTESIAN_POINT('Ctrl Pts',(2.3419558424924,133.069306930693,-0.875390779738876));
#1831=CARTESIAN_POINT('Ctrl Pts',(2.44629674369896,132.879537953795,-0.596244838466219));
#1832=CARTESIAN_POINT('Ctrl Pts',(2.49965487400527,132.689768976898,-0.298042240888672));
#1833=CARTESIAN_POINT('Ctrl Pts',(2.49993662633577,132.5,6.21912426915064E-5));
#1834=CARTESIAN_POINT('Ctrl Pts',(2.49986812432077,124.5,-5.17647573956316E-5));
#1835=CARTESIAN_POINT('Ctrl Pts',(2.4999757182512,124.590759075908,-0.142634660511531));
#1836=CARTESIAN_POINT('Ctrl Pts',(2.45308067647502,124.945544554455,-0.699934157010322));
#1837=CARTESIAN_POINT('Ctrl Pts',(2.04431596891631,125.564356435644,-1.61547882121802));
#1838=CARTESIAN_POINT('Ctrl Pts',(1.02511910461715,126.356435643564,-2.39543950537665));
#1839=CARTESIAN_POINT('Ctrl Pts',(-0.242785185830787,127.148514851485,-2.59423494620501));
#1840=CARTESIAN_POINT('Ctrl Pts',(-1.45178658547991,127.940594059406,-2.16363474569779));
#1841=CARTESIAN_POINT('Ctrl Pts',(-2.30856539619692,128.732673267327,-1.20810819633522));
#1842=CARTESIAN_POINT('Ctrl Pts',(-2.60525576919167,129.524752475248,0.0405213482466109));
#1843=CARTESIAN_POINT('Ctrl Pts',(-2.2698767037216,130.316831683168,1.27931987887007));
#1844=CARTESIAN_POINT('Ctrl Pts',(-1.38379558800684,131.108910891089,2.20773852011125));
#1845=CARTESIAN_POINT('Ctrl Pts',(-0.161987396814598,131.90099009901,2.60053065466327));
#1846=CARTESIAN_POINT('Ctrl Pts',(1.09912107504634,132.693069306931,2.36239972590567));
#1847=CARTESIAN_POINT('Ctrl Pts',(2.09356826592106,133.485148514852,1.55111944043598));
#1848=CARTESIAN_POINT('Ctrl Pts',(2.46352610265031,134.087458745875,0.648046830626297));
#1849=CARTESIAN_POINT('Ctrl Pts',(2.50004687967143,134.425742574257,0.116711751755283));
#1850=CARTESIAN_POINT('Ctrl Pts',(2.4999366287594,134.5,6.21912429654009E-5));
#1851=CARTESIAN_POINT('Origin',(0.,0.,0.));
#1852=CARTESIAN_POINT('',(2.5,166.,-3.06161699786838E-16));
#1853=CARTESIAN_POINT('Origin',(0.,166.,0.));
#1854=CARTESIAN_POINT('',(2.49979196927947,154.5,-1.18226438050595E-5));
#1855=CARTESIAN_POINT('',(2.5,0.,-3.06161699786838E-16));
#1856=CARTESIAN_POINT('',(-9.79717439317883E-15,162.,2.5));
#1857=CARTESIAN_POINT('Ctrl Pts',(2.49979196927947,154.5,-1.1822643805233E-5));
#1858=CARTESIAN_POINT('Ctrl Pts',(2.49982444694704,154.623762376238,-0.194459983983725));
#1859=CARTESIAN_POINT('Ctrl Pts',(2.42961521952083,155.011551155116,-0.803707901962079));
#1860=CARTESIAN_POINT('Ctrl Pts',(1.93992708539233,155.663366336634,-1.73944902919836));
#1861=CARTESIAN_POINT('Ctrl Pts',(0.874213748355093,156.455445544555,-2.45453541613252));
#1862=CARTESIAN_POINT('Ctrl Pts',(-0.403600676901721,157.247524752475,-2.57412604372404));
#1863=CARTESIAN_POINT('Ctrl Pts',(-1.58348564572937,158.039603960396,-2.06918582755714));
#1864=CARTESIAN_POINT('Ctrl Pts',(-2.37921734171086,158.831683168317,-1.06226164236937));
#1865=CARTESIAN_POINT('Ctrl Pts',(-2.59767692394626,159.623762376238,0.202437031860557));
#1866=CARTESIAN_POINT('Ctrl Pts',(-2.18599133139617,160.415841584158,1.4179093615628));
#1867=CARTESIAN_POINT('Ctrl Pts',(-1.24378103428428,161.207920792079,2.28961128479927));
#1868=CARTESIAN_POINT('Ctrl Pts',(-0.414731703444209,161.73597359736,2.5));
#1869=CARTESIAN_POINT('Ctrl Pts',(-9.79717439317883E-15,162.,2.5));
#1870=CARTESIAN_POINT('',(-9.79717439317881E-15,160.,2.5));
#1871=CARTESIAN_POINT('',(-9.79717439317883E-15,0.,2.5));
#1872=CARTESIAN_POINT('',(2.49979196690637,152.5,-1.18225068596468E-5));
#1873=CARTESIAN_POINT('Ctrl Pts',(-9.99200722162642E-15,160.,2.5));
#1874=CARTESIAN_POINT('Ctrl Pts',(-0.414731703444211,159.73597359736,2.5));
#1875=CARTESIAN_POINT('Ctrl Pts',(-0.829256366276498,159.471947194719,2.39480569483422));
#1876=CARTESIAN_POINT('Ctrl Pts',(-1.19355374826305,159.207920792079,2.19692486294089));
#1877=CARTESIAN_POINT('Ctrl Pts',(-1.55785113024959,158.943894389439,1.99904403104756));
#1878=CARTESIAN_POINT('Ctrl Pts',(-1.87192123139039,158.679867986799,1.70847667242667));
#1879=CARTESIAN_POINT('Ctrl Pts',(-2.09757054619715,158.415841584158,1.36061428363719));
#1880=CARTESIAN_POINT('Ctrl Pts',(-2.32321986100391,158.151815181518,1.01275189484772));
#1881=CARTESIAN_POINT('Ctrl Pts',(-2.46044838947664,157.887788778878,0.607594475889643));
#1882=CARTESIAN_POINT('Ctrl Pts',(-2.49265272441749,157.623762376238,0.194232647712283));
#1883=CARTESIAN_POINT('Ctrl Pts',(-2.52485705935835,157.359735973597,-0.219129180465066));
#1884=CARTESIAN_POINT('Ctrl Pts',(-2.45203720076735,157.095709570957,-0.640695417861722));
#1885=CARTESIAN_POINT('Ctrl Pts',(-2.28300532148934,156.831683168317,-1.01929923033599));
#1886=CARTESIAN_POINT('Ctrl Pts',(-2.11397344221133,156.567656765677,-1.39790304281027));
#1887=CARTESIAN_POINT('Ctrl Pts',(-1.8487295422463,156.303630363036,-1.73354443036214));
#1888=CARTESIAN_POINT('Ctrl Pts',(-1.51946009817201,156.039603960396,-1.98552182871707));
#1889=CARTESIAN_POINT('Ctrl Pts',(-1.19019065409772,155.775577557756,-2.237499227072));
#1890=CARTESIAN_POINT('Ctrl Pts',(-0.796895665914186,155.511551155116,-2.40581263622998));
#1891=CARTESIAN_POINT('Ctrl Pts',(-0.387279100825782,155.247524752475,-2.47003756849481));
#1892=CARTESIAN_POINT('Ctrl Pts',(0.0223374642626236,154.983498349835,-2.53426250075963));
#1893=CARTESIAN_POINT('Ctrl Pts',(0.448275606255921,154.719471947195,-2.4943989561313));
#1894=CARTESIAN_POINT('Ctrl Pts',(0.83886356639023,154.455445544554,-2.35528612002028));
#1895=CARTESIAN_POINT('Ctrl Pts',(1.22945152652455,154.191419141914,-2.21617328390925));
#1896=CARTESIAN_POINT('Ctrl Pts',(1.5846893047999,153.927392739274,-1.97781115631553));
#1897=CARTESIAN_POINT('Ctrl Pts',(1.86148553757693,153.663366336634,-1.66911290206657));
#1898=CARTESIAN_POINT('Ctrl Pts',(2.13828177035394,153.399339933993,-1.36041464781762));
#1899=CARTESIAN_POINT('Ctrl Pts',(2.33663645763264,153.135313531353,-0.981380266913437));
#1900=CARTESIAN_POINT('Ctrl Pts',(2.43248720606777,152.871287128713,-0.577989997187526));
#1901=CARTESIAN_POINT('Ctrl Pts',(2.47741724439674,152.747524752475,-0.388900808253533));
#1902=CARTESIAN_POINT('Ctrl Pts',(2.4998244446009,152.623762376238,-0.194459983592115));
#1903=CARTESIAN_POINT('Ctrl Pts',(2.49979196690637,152.5,-1.18225068596468E-5));
#1904=CARTESIAN_POINT('',(2.50016482816322,144.5,-3.78539854797855E-5));
#1905=CARTESIAN_POINT('',(2.5,0.,-3.06161699786838E-16));
#1906=CARTESIAN_POINT('Ctrl Pts',(2.50016482816322,144.5,-3.78539854798549E-5));
#1907=CARTESIAN_POINT('Ctrl Pts',(2.50019326849927,144.524752475248,-0.0389108058291313));
#1908=CARTESIAN_POINT('Ctrl Pts',(2.48983373050568,144.813531353135,-0.492413412891359));
#1909=CARTESIAN_POINT('Ctrl Pts',(2.22899205220716,145.366336633663,-1.3492939019487));
#1910=CARTESIAN_POINT('Ctrl Pts',(1.31446585752498,146.158415841584,-2.24970645028536));
#1911=CARTESIAN_POINT('Ctrl Pts',(0.081032895751087,146.950495049505,-2.60431051727644));
#1912=CARTESIAN_POINT('Ctrl Pts',(-1.17205971741668,147.742574257426,-2.32707447805302));
#1913=CARTESIAN_POINT('Ctrl Pts',(-2.1407951696463,148.534653465346,-1.48525945021015));
#1914=CARTESIAN_POINT('Ctrl Pts',(-2.59014546073161,149.326732673267,-0.283100881272991));
#1915=CARTESIAN_POINT('Ctrl Pts',(-2.41109226345429,150.118811881188,0.987741711671923));
#1916=CARTESIAN_POINT('Ctrl Pts',(-1.64707627752469,150.910891089109,2.01894510065482));
#1917=CARTESIAN_POINT('Ctrl Pts',(-0.483457804717201,151.70297029703,2.56032581206621));
#1918=CARTESIAN_POINT('Ctrl Pts',(0.797453831182994,152.495049504951,2.48053757845397));
#1919=CARTESIAN_POINT('Ctrl Pts',(1.88489280543919,153.287128712871,1.79893840051432));
#1920=CARTESIAN_POINT('Ctrl Pts',(2.41657239332433,153.955445544554,0.855587248431599));
#1921=CARTESIAN_POINT('Ctrl Pts',(2.49975516125622,154.359735973597,0.220362760208023));
#1922=CARTESIAN_POINT('Ctrl Pts',(2.49979196927947,154.5,-1.1822643805233E-5));
#1923=CARTESIAN_POINT('Origin',(0.,1.25,0.));
#1924=CARTESIAN_POINT('',(0.000411289617028759,6.24999999999988,-17.4993101706499));
#1925=CARTESIAN_POINT('',(0.0004112920466115,5.74999999999989,-17.4993101622298));
#1926=CARTESIAN_POINT('',(-2.14313189850787E-15,1.25,-17.5));
#1927=CARTESIAN_POINT('',(0.,1.25,17.5));
#1928=CARTESIAN_POINT('Ctrl Pts',(0.,1.25,17.5));
#1929=CARTESIAN_POINT('Ctrl Pts',(2.90312192410938,1.51402640264026,17.5));
#1930=CARTESIAN_POINT('Ctrl Pts',(8.70646723998984,2.04207920792079,16.0272789935949));
#1931=CARTESIAN_POINT('Ctrl Pts',(15.3019393197731,2.83415841584158,9.92536553093974));
#1932=CARTESIAN_POINT('Ctrl Pts',(18.1837384676238,3.62623762376238,1.4170592230241));
#1933=CARTESIAN_POINT('Ctrl Pts',(16.6545213919761,4.41831683168317,-7.43583149658536));
#1934=CARTESIAN_POINT('Ctrl Pts',(11.0843995201058,5.21039603960396,-14.4843007928999));
#1935=CARTESIAN_POINT('Ctrl Pts',(4.71793687580699,5.82095709570953,-17.2088740426337));
#1936=CARTESIAN_POINT('Ctrl Pts',(0.907723903566485,6.16749174917484,-17.500092833107));
#1937=CARTESIAN_POINT('Ctrl Pts',(0.000411289617028437,6.24999999999988,
-17.4993101706499));
#1938=CARTESIAN_POINT('',(0.,0.75,17.5));
#1939=CARTESIAN_POINT('',(0.,1.25,17.5));
#1940=CARTESIAN_POINT('Ctrl Pts',(0.,0.75,17.5));
#1941=CARTESIAN_POINT('Ctrl Pts',(2.90312192410938,1.01402640264026,17.5));
#1942=CARTESIAN_POINT('Ctrl Pts',(8.70646720376144,1.54207920792079,16.0272797276792));
#1943=CARTESIAN_POINT('Ctrl Pts',(15.3019393277183,2.33415841584158,9.92536519664051));
#1944=CARTESIAN_POINT('Ctrl Pts',(18.1837384256454,3.12623762376238,1.41705939852163));
#1945=CARTESIAN_POINT('Ctrl Pts',(16.6545213952346,3.91831683168316,-7.43583158680846));
#1946=CARTESIAN_POINT('Ctrl Pts',(11.0843994959691,4.71039603960396,-14.484300725398));
#1947=CARTESIAN_POINT('Ctrl Pts',(4.7179368747483,5.32095709570954,-17.2088740361427));
#1948=CARTESIAN_POINT('Ctrl Pts',(0.907723905557224,5.66749174917485,-17.500092825871));
#1949=CARTESIAN_POINT('Ctrl Pts',(0.000411292046611014,5.74999999999989,
-17.4993101622298));
#1950=CARTESIAN_POINT('Origin',(0.,1.25,0.));
#1951=CARTESIAN_POINT('',(-0.000184349812089342,16.2499999999999,-17.5013318055067));
#1952=CARTESIAN_POINT('',(-0.000184349812556439,15.7499999999999,-17.5013317885381));
#1953=CARTESIAN_POINT('',(-2.14313189850787E-15,1.25,-17.5));
#1954=CARTESIAN_POINT('Ctrl Pts',(0.000411289617028437,6.24999999999988,
-17.4993101706499));
#1955=CARTESIAN_POINT('Ctrl Pts',(-1.99567646107317,6.4315181518151,-17.4975883132442));
#1956=CARTESIAN_POINT('Ctrl Pts',(-6.8965788800748,6.87706270627059,-16.6603307557884));
#1957=CARTESIAN_POINT('Ctrl Pts',(-13.5794895977462,7.58663366336634,-12.1761432043886));
#1958=CARTESIAN_POINT('Ctrl Pts',(-17.7449380298266,8.37871287128712,-4.21642121068278));
#1959=CARTESIAN_POINT('Ctrl Pts',(-17.6052210338623,9.17079207920792,4.7662481344692));
#1960=CARTESIAN_POINT('Ctrl Pts',(-13.1942496380744,9.96287128712871,12.5925688036002));
#1961=CARTESIAN_POINT('Ctrl Pts',(-5.58217681828106,10.7549504950495,17.3637630491777));
#1962=CARTESIAN_POINT('Ctrl Pts',(3.38420463302025,11.5470297029703,17.9222806844635));
#1963=CARTESIAN_POINT('Ctrl Pts',(11.5295339426727,12.3391089108911,14.1326157045838));
#1964=CARTESIAN_POINT('Ctrl Pts',(16.87764584418,13.1311881188119,6.91419198170363));
#1965=CARTESIAN_POINT('Ctrl Pts',(18.1310182251213,13.9232673267327,-1.98170616891083));
#1966=CARTESIAN_POINT('Ctrl Pts',(14.9855661875242,14.7153465346535,-10.396816151471));
#1967=CARTESIAN_POINT('Ctrl Pts',(8.345691942034,15.4909240924092,-16.1667566548103));
#1968=CARTESIAN_POINT('Ctrl Pts',(2.72084194078889,16.0024752475247,-17.4998560668533));
#1969=CARTESIAN_POINT('Ctrl Pts',(-0.000184349812088896,16.2499999999999,
-17.5013318055067));
#1970=CARTESIAN_POINT('Ctrl Pts',(0.000411292046611014,5.74999999999989,
-17.4993101622298));
#1971=CARTESIAN_POINT('Ctrl Pts',(-1.99567645767799,5.93151815181511,-17.4975883022192));
#1972=CARTESIAN_POINT('Ctrl Pts',(-6.89657887772123,6.37706270627059,-16.6603307264099));
#1973=CARTESIAN_POINT('Ctrl Pts',(-13.5794895815267,7.08663366336633,-12.1761432010528));
#1974=CARTESIAN_POINT('Ctrl Pts',(-17.7449380143793,7.87871287128714,-4.21642120206475));
#1975=CARTESIAN_POINT('Ctrl Pts',(-17.6052210158025,8.67079207920792,4.76624812743579));
#1976=CARTESIAN_POINT('Ctrl Pts',(-13.1942496258357,9.46287128712871,12.5925687926719));
#1977=CARTESIAN_POINT('Ctrl Pts',(-5.58217681256458,10.2549504950495,17.3637630316674));
#1978=CARTESIAN_POINT('Ctrl Pts',(3.38420462957289,11.0470297029703,17.9222806674448));
#1979=CARTESIAN_POINT('Ctrl Pts',(11.5295339315854,11.8391089108911,14.1326156906952));
#1980=CARTESIAN_POINT('Ctrl Pts',(16.8776458277689,12.6311881188119,6.91419197509872));
#1981=CARTESIAN_POINT('Ctrl Pts',(18.1310182075698,13.4232673267327,-1.98170616704099));
#1982=CARTESIAN_POINT('Ctrl Pts',(14.9855661729821,14.2153465346535,-10.3968161413647));
#1983=CARTESIAN_POINT('Ctrl Pts',(8.34569193395005,14.9909240924092,-16.1667566391501));
#1984=CARTESIAN_POINT('Ctrl Pts',(2.72084193815154,15.5024752475247,-17.4998560498883));
#1985=CARTESIAN_POINT('Ctrl Pts',(-0.000184349812556127,15.7499999999999,
-17.5013317885381));
#1986=CARTESIAN_POINT('Origin',(0.,1.25,0.));
#1987=CARTESIAN_POINT('',(-0.000163983965011224,26.2499999999999,-17.4986129624058));
#1988=CARTESIAN_POINT('',(-0.000163983964852621,25.7499999999999,-17.4986129454414));
#1989=CARTESIAN_POINT('',(-2.14313189850787E-15,1.25,-17.5));
#1990=CARTESIAN_POINT('Ctrl Pts',(-0.000184349812088896,16.2499999999999,
-17.5013318055067));
#1991=CARTESIAN_POINT('Ctrl Pts',(-0.181586102519275,16.2665016501649,-17.5014301880835));
#1992=CARTESIAN_POINT('Ctrl Pts',(-3.26536487413741,16.5470297029703,-17.4544772243922));
#1993=CARTESIAN_POINT('Ctrl Pts',(-9.20126100267476,17.0915841584159,-15.7479451519976));
#1994=CARTESIAN_POINT('Ctrl Pts',(-15.6029443654501,17.8836633663366,-9.44505731364099));
#1995=CARTESIAN_POINT('Ctrl Pts',(-18.2191474671904,18.6757425742574,-0.850673901006393));
#1996=CARTESIAN_POINT('Ctrl Pts',(-16.4151449053636,19.4678217821782,7.95009423018287));
#1997=CARTESIAN_POINT('Ctrl Pts',(-10.6286115122914,20.259900990099,14.8220645607436));
#1998=CARTESIAN_POINT('Ctrl Pts',(-2.26343667105033,21.0519801980198,18.0980063809182));
#1999=CARTESIAN_POINT('Ctrl Pts',(6.65087778363939,21.8440594059406,16.9831329628114));
#2000=CARTESIAN_POINT('Ctrl Pts',(13.9516014976835,22.6361386138614,11.7479273140328));
#2001=CARTESIAN_POINT('Ctrl Pts',(17.8674825300538,23.4282178217822,3.66251942851706));
#2002=CARTESIAN_POINT('Ctrl Pts',(17.4484764533941,24.2202970297029,-5.31146401486393));
#2003=CARTESIAN_POINT('Ctrl Pts',(12.7962396727244,25.0123762376238,-12.9968161779796));
#2004=CARTESIAN_POINT('Ctrl Pts',(6.17066236528522,25.6889438943894,-16.8680302013232));
#2005=CARTESIAN_POINT('Ctrl Pts',(1.63318229364974,26.1014851485148,-17.4980743669975));
#2006=CARTESIAN_POINT('Ctrl Pts',(-0.000163983965010966,26.2499999999999,
-17.4986129624058));
#2007=CARTESIAN_POINT('Ctrl Pts',(-0.000184349812556127,15.7499999999999,
-17.5013317885381));
#2008=CARTESIAN_POINT('Ctrl Pts',(-0.181586102344016,15.7665016501649,-17.5014301711147));
#2009=CARTESIAN_POINT('Ctrl Pts',(-3.2653648709737,16.0470297029703,-17.4544772074668));
#2010=CARTESIAN_POINT('Ctrl Pts',(-9.20126099375232,16.5915841584158,-15.7479451367342));
#2011=CARTESIAN_POINT('Ctrl Pts',(-15.6029443503245,17.3836633663366,-9.44505730448229));
#2012=CARTESIAN_POINT('Ctrl Pts',(-18.2191474495269,18.1757425742574,-0.850673900182698));
#2013=CARTESIAN_POINT('Ctrl Pts',(-16.4151448894498,18.9678217821782,7.95009422247598));
#2014=CARTESIAN_POINT('Ctrl Pts',(-10.6286115019871,19.759900990099,14.8220645463737));
#2015=CARTESIAN_POINT('Ctrl Pts',(-2.26343666885607,20.5519801980198,18.0980063633728));
#2016=CARTESIAN_POINT('Ctrl Pts',(6.65087777719157,21.3440594059405,16.9831329463466));
#2017=CARTESIAN_POINT('Ctrl Pts',(13.9516014841577,22.1361386138614,11.7479273026436));
#2018=CARTESIAN_POINT('Ctrl Pts',(17.8674825127318,22.9282178217821,3.66251942496632));
#2019=CARTESIAN_POINT('Ctrl Pts',(17.4484764364782,23.720297029703,-5.3114640097146));
#2020=CARTESIAN_POINT('Ctrl Pts',(12.7962396603188,24.5123762376237,-12.9968161653795));
#2021=CARTESIAN_POINT('Ctrl Pts',(6.17066235930293,25.1889438943894,-16.8680301849701));
#2022=CARTESIAN_POINT('Ctrl Pts',(1.63318229206642,25.6014851485148,-17.4980743500335));
#2023=CARTESIAN_POINT('Ctrl Pts',(-0.000163983964851927,25.7499999999999,
-17.4986129454414));
#2024=CARTESIAN_POINT('Origin',(0.,1.25,0.));
#2025=CARTESIAN_POINT('',(0.000424741297821561,36.2499999999999,-17.5003973277625));
#2026=CARTESIAN_POINT('',(0.000424741297347098,35.7499999999999,-17.5003973107963));
#2027=CARTESIAN_POINT('',(-2.14313189850787E-15,1.25,-17.5));
#2028=CARTESIAN_POINT('Ctrl Pts',(-0.000163983965010966,26.2499999999999,
-17.4986129624058));
#2029=CARTESIAN_POINT('Ctrl Pts',(-1.27054442211063,26.365511551155,-17.4990318699457));
#2030=CARTESIAN_POINT('Ctrl Pts',(-5.44436028890589,26.7450495049505,-17.0506472189304));
#2031=CARTESIAN_POINT('Ctrl Pts',(-11.9634792404729,27.3886138613861,-13.7672126804489));
#2032=CARTESIAN_POINT('Ctrl Pts',(-17.0845122784955,28.1806930693069,-6.38595495849085));
#2033=CARTESIAN_POINT('Ctrl Pts',(-18.0606171255853,28.9727722772278,2.544619729735));
#2034=CARTESIAN_POINT('Ctrl Pts',(-14.6549778614476,29.7648514851485,10.8578360830518));
#2035=CARTESIAN_POINT('Ctrl Pts',(-7.69384752532452,30.5569306930693,16.5367980813396));
#2036=CARTESIAN_POINT('Ctrl Pts',(1.1339117777021,31.3490099009901,18.2037145826429));
#2037=CARTESIAN_POINT('Ctrl Pts',(9.68656911604781,32.1410891089108,15.4541696407788));
#2038=CARTESIAN_POINT('Ctrl Pts',(15.8891369260512,32.9331683168317,8.95523915209064));
#2039=CARTESIAN_POINT('Ctrl Pts',(18.2367903843417,33.7252475247525,0.283649437726443));
#2040=CARTESIAN_POINT('Ctrl Pts',(16.1599577733785,34.5173267326732,-8.45675737434643));
#2041=CARTESIAN_POINT('Ctrl Pts',(10.1625060983595,35.3094059405941,-15.1454432198845));
#2042=CARTESIAN_POINT('Ctrl Pts',(3.99156145431748,35.8869636963696,-17.3432984099733));
#2043=CARTESIAN_POINT('Ctrl Pts',(0.544714083253314,36.2004950495049,-17.5009492353014));
#2044=CARTESIAN_POINT('Ctrl Pts',(0.000424741297821024,36.2499999999999,
-17.5003973277625));
#2045=CARTESIAN_POINT('Ctrl Pts',(-0.000163983964851927,25.7499999999999,
-17.4986129454414));
#2046=CARTESIAN_POINT('Ctrl Pts',(-1.27054442087887,25.865511551155,-17.4990318529808));
#2047=CARTESIAN_POINT('Ctrl Pts',(-5.44436028362773,26.2450495049505,-17.0506472024002));
#2048=CARTESIAN_POINT('Ctrl Pts',(-11.9634792288746,26.8886138613861,-13.7672126671019));
#2049=CARTESIAN_POINT('Ctrl Pts',(-17.0845122619325,27.6806930693069,-6.38595495229984));
#2050=CARTESIAN_POINT('Ctrl Pts',(-18.060617108076,28.4727722772277,2.54461972726806));
#2051=CARTESIAN_POINT('Ctrl Pts',(-14.6549778472399,29.2648514851485,10.8578360725253));
#2052=CARTESIAN_POINT('Ctrl Pts',(-7.69384751786553,30.0569306930693,16.5367980653076));
#2053=CARTESIAN_POINT('Ctrl Pts',(1.13391177660281,30.8490099009901,18.2037145649949));
#2054=CARTESIAN_POINT('Ctrl Pts',(9.68656910665692,31.6410891089109,15.4541696257963));
#2055=CARTESIAN_POINT('Ctrl Pts',(15.8891369106471,32.4331683168317,8.95523914340876));
#2056=CARTESIAN_POINT('Ctrl Pts',(18.2367903666616,33.2252475247525,0.283649437451457));
#2057=CARTESIAN_POINT('Ctrl Pts',(16.1599577577118,34.0173267326733,-8.45675736614783));
#2058=CARTESIAN_POINT('Ctrl Pts',(10.1625060885072,34.8094059405941,-15.1454432052014));
#2059=CARTESIAN_POINT('Ctrl Pts',(3.99156145044774,35.3869636963696,-17.3432983931594));
#2060=CARTESIAN_POINT('Ctrl Pts',(0.544714082725186,35.7004950495049,-17.5009492183346));
#2061=CARTESIAN_POINT('Ctrl Pts',(0.000424741297346543,35.7499999999999,
-17.5003973107963));
#2062=CARTESIAN_POINT('Origin',(0.,1.25,0.));
#2063=CARTESIAN_POINT('',(-0.00042474129511547,46.2499999999999,-17.5003973277625));
#2064=CARTESIAN_POINT('',(-0.000424741294641207,45.7499999999999,-17.5003973107963));
#2065=CARTESIAN_POINT('',(-2.14313189850787E-15,1.25,-17.5));
#2066=CARTESIAN_POINT('Ctrl Pts',(0.000424741297821024,36.2499999999999,
-17.5003973277625));
#2067=CARTESIAN_POINT('Ctrl Pts',(-2.35816240717836,36.4645214521451,-17.4980057284275));
#2068=CARTESIAN_POINT('Ctrl Pts',(-7.62173236045047,36.9430693069307,-16.4268437383175));
#2069=CARTESIAN_POINT('Ctrl Pts',(-14.3102117824141,37.6856435643564,-11.3083517485263));
#2070=CARTESIAN_POINT('Ctrl Pts',(-17.9727435621401,38.4777227722772,-3.10507155722554));
#2071=CARTESIAN_POINT('Ctrl Pts',(-17.2748505170442,39.269801980198,5.8515399801862));
#2072=CARTESIAN_POINT('Ctrl Pts',(-12.3858507119162,40.0618811881188,13.3884906792388));
#2073=CARTESIAN_POINT('Ctrl Pts',(-4.49188003330707,40.8539603960396,17.6772168140892));
#2074=CARTESIAN_POINT('Ctrl Pts',(4.49188003330703,41.6460396039604,17.6772168140892));
#2075=CARTESIAN_POINT('Ctrl Pts',(12.3858507119162,42.4381188118812,13.3884906792388));
#2076=CARTESIAN_POINT('Ctrl Pts',(17.2748505170442,43.230198019802,5.85153998018625));
#2077=CARTESIAN_POINT('Ctrl Pts',(17.9727435621401,44.0222772277228,-3.10507155722546));
#2078=CARTESIAN_POINT('Ctrl Pts',(14.3102117824141,44.8143564356435,-11.3083517485262));
#2079=CARTESIAN_POINT('Ctrl Pts',(7.62173236045126,45.5569306930693,-16.4268437383169));
#2080=CARTESIAN_POINT('Ctrl Pts',(2.35816240718018,46.0354785478547,-17.4980057284271));
#2081=CARTESIAN_POINT('Ctrl Pts',(-0.0004247412951143,46.2499999999999,
-17.5003973277625));
#2082=CARTESIAN_POINT('Ctrl Pts',(0.000424741297346543,35.7499999999999,
-17.5003973107963));
#2083=CARTESIAN_POINT('Ctrl Pts',(-2.35816240489222,35.9645214521451,-17.4980057114636));
#2084=CARTESIAN_POINT('Ctrl Pts',(-7.62173235306142,36.4430693069307,-16.426843722392));
#2085=CARTESIAN_POINT('Ctrl Pts',(-14.3102117685407,37.1856435643564,-11.3083517375631));
#2086=CARTESIAN_POINT('Ctrl Pts',(-17.972743544716,37.9777227722772,-3.10507155421525));
#2087=CARTESIAN_POINT('Ctrl Pts',(-17.2748505002967,38.769801980198,5.85153997451329));
#2088=CARTESIAN_POINT('Ctrl Pts',(-12.3858506999085,39.5618811881188,13.388490666259));
#2089=CARTESIAN_POINT('Ctrl Pts',(-4.49188002895231,40.3539603960396,17.6772167969516));
#2090=CARTESIAN_POINT('Ctrl Pts',(4.49188002895228,41.1460396039604,17.6772167969516));
#2091=CARTESIAN_POINT('Ctrl Pts',(12.3858506999084,41.9381188118812,13.388490666259));
#2092=CARTESIAN_POINT('Ctrl Pts',(17.2748505002967,42.730198019802,5.85153997451333));
#2093=CARTESIAN_POINT('Ctrl Pts',(17.972743544716,43.5222772277228,-3.10507155421517));
#2094=CARTESIAN_POINT('Ctrl Pts',(14.3102117685407,44.3143564356435,-11.308351737563));
#2095=CARTESIAN_POINT('Ctrl Pts',(7.6217323530622,45.0569306930693,-16.4268437223915));
#2096=CARTESIAN_POINT('Ctrl Pts',(2.35816240489404,45.5354785478547,-17.4980057114632));
#2097=CARTESIAN_POINT('Ctrl Pts',(-0.000424741294640929,45.7499999999999,
-17.5003973107963));
#2098=CARTESIAN_POINT('Origin',(0.,1.25,0.));
#2099=CARTESIAN_POINT('',(0.000163983967639675,56.2499999999999,-17.4986129624059));
#2100=CARTESIAN_POINT('',(0.000163983967478853,55.7499999999999,-17.4986129454415));
#2101=CARTESIAN_POINT('',(-2.14313189850787E-15,1.25,-17.5));
#2102=CARTESIAN_POINT('Ctrl Pts',(-0.0004247412951143,46.2499999999999,
-17.5003973277625));
#2103=CARTESIAN_POINT('Ctrl Pts',(-0.544714083251478,46.299504950495,-17.5009492353014));
#2104=CARTESIAN_POINT('Ctrl Pts',(-3.99156145431654,46.6130363036303,-17.3432984099736));
#2105=CARTESIAN_POINT('Ctrl Pts',(-10.1625060983594,47.190594059406,-15.1454432198846));
#2106=CARTESIAN_POINT('Ctrl Pts',(-16.1599577733785,47.9826732673267,-8.4567573743465));
#2107=CARTESIAN_POINT('Ctrl Pts',(-18.2367903843417,48.7747524752476,0.283649437726363));
#2108=CARTESIAN_POINT('Ctrl Pts',(-15.8891369260512,49.5668316831683,8.95523915209055));
#2109=CARTESIAN_POINT('Ctrl Pts',(-9.6865691160479,50.3589108910891,15.4541696407787));
#2110=CARTESIAN_POINT('Ctrl Pts',(-1.13391177770217,51.1509900990099,18.203714582643));
#2111=CARTESIAN_POINT('Ctrl Pts',(7.69384752532441,51.9430693069307,16.5367980813396));
#2112=CARTESIAN_POINT('Ctrl Pts',(14.6549778614475,52.7351485148515,10.8578360830518));
#2113=CARTESIAN_POINT('Ctrl Pts',(18.0606171255852,53.5272277227723,2.54461972973507));
#2114=CARTESIAN_POINT('Ctrl Pts',(17.0845122784956,54.3193069306931,-6.38595495849073));
#2115=CARTESIAN_POINT('Ctrl Pts',(11.9634792404728,55.1113861386138,-13.767212680449));
#2116=CARTESIAN_POINT('Ctrl Pts',(5.44436028890689,55.7549504950494,-17.0506472189297));
#2117=CARTESIAN_POINT('Ctrl Pts',(1.2705444221124,56.1344884488448,-17.4990318699455));
#2118=CARTESIAN_POINT('Ctrl Pts',(0.000163983967639558,56.2499999999999,
-17.4986129624059));
#2119=CARTESIAN_POINT('Ctrl Pts',(-0.000424741294640929,45.7499999999999,
-17.5003973107963));
#2120=CARTESIAN_POINT('Ctrl Pts',(-0.54471408272335,45.799504950495,-17.5009492183347));
#2121=CARTESIAN_POINT('Ctrl Pts',(-3.9915614504468,46.1130363036303,-17.3432983931597));
#2122=CARTESIAN_POINT('Ctrl Pts',(-10.1625060885071,46.6905940594059,-15.1454432052014));
#2123=CARTESIAN_POINT('Ctrl Pts',(-16.1599577577118,47.4826732673268,-8.4567573661479));
#2124=CARTESIAN_POINT('Ctrl Pts',(-18.2367903666616,48.2747524752475,0.283649437451377));
#2125=CARTESIAN_POINT('Ctrl Pts',(-15.8891369106471,49.0668316831683,8.95523914340867));
#2126=CARTESIAN_POINT('Ctrl Pts',(-9.68656910665702,49.8589108910892,15.4541696257963));
#2127=CARTESIAN_POINT('Ctrl Pts',(-1.13391177660288,50.6509900990098,18.2037145649949));
#2128=CARTESIAN_POINT('Ctrl Pts',(7.69384751786544,51.4430693069308,16.5367980653076));
#2129=CARTESIAN_POINT('Ctrl Pts',(14.6549778472399,52.2351485148514,10.8578360725255));
#2130=CARTESIAN_POINT('Ctrl Pts',(18.0606171080759,53.0272277227723,2.54461972726812));
#2131=CARTESIAN_POINT('Ctrl Pts',(17.0845122619326,53.8193069306931,-6.38595495229971));
#2132=CARTESIAN_POINT('Ctrl Pts',(11.9634792288745,54.6113861386138,-13.7672126671021));
#2133=CARTESIAN_POINT('Ctrl Pts',(5.44436028362873,55.2549504950495,-17.0506472023996));
#2134=CARTESIAN_POINT('Ctrl Pts',(1.27054442088063,55.6344884488448,-17.4990318529807));
#2135=CARTESIAN_POINT('Ctrl Pts',(0.000163983967478298,55.7499999999999,
-17.4986129454415));
#2136=CARTESIAN_POINT('Origin',(0.,1.25,0.));
#2137=CARTESIAN_POINT('',(0.000184349410179298,66.2499999999999,-17.5013318060363));
#2138=CARTESIAN_POINT('',(0.000184349410003518,65.7499999999999,-17.5013317890692));
#2139=CARTESIAN_POINT('',(-2.14313189850787E-15,1.25,-17.5));
#2140=CARTESIAN_POINT('Ctrl Pts',(0.000163983967639558,56.2499999999999,
-17.4986129624059));
#2141=CARTESIAN_POINT('Ctrl Pts',(-1.63318229364807,56.398514851485,-17.4980743669979));
#2142=CARTESIAN_POINT('Ctrl Pts',(-6.17066236528464,56.8110561056105,-16.868030201324));
#2143=CARTESIAN_POINT('Ctrl Pts',(-12.7962396727234,57.4876237623763,-12.9968161779784));
#2144=CARTESIAN_POINT('Ctrl Pts',(-17.448476453396,58.279702970297,-5.31146401486663));
#2145=CARTESIAN_POINT('Ctrl Pts',(-17.8674825300499,59.0717821782178,3.66251942852222));
#2146=CARTESIAN_POINT('Ctrl Pts',(-13.9516014976915,59.8638613861386,11.7479273140223));
#2147=CARTESIAN_POINT('Ctrl Pts',(-6.6508777836234,60.6559405940594,16.9831329628324));
#2148=CARTESIAN_POINT('Ctrl Pts',(2.26343667101808,61.4480198019802,18.098006380876));
#2149=CARTESIAN_POINT('Ctrl Pts',(10.6286115123559,62.2400990099009,14.8220645608281));
#2150=CARTESIAN_POINT('Ctrl Pts',(16.4151449052344,63.0321782178219,7.95009423001374));
#2151=CARTESIAN_POINT('Ctrl Pts',(18.2191474674493,63.8242574257425,-0.85067390066737));
#2152=CARTESIAN_POINT('Ctrl Pts',(15.6029443649316,64.6163366336634,-9.44505731431997));
#2153=CARTESIAN_POINT('Ctrl Pts',(9.20126100371366,65.4084158415841,-15.7479451506372));
#2154=CARTESIAN_POINT('Ctrl Pts',(3.26536487303211,65.9529702970297,-17.4544772258406));
#2155=CARTESIAN_POINT('Ctrl Pts',(0.181586102072872,66.2334983498349,-17.5014301886703));
#2156=CARTESIAN_POINT('Ctrl Pts',(0.000184349410179557,66.2499999999999,
-17.5013318060363));
#2157=CARTESIAN_POINT('Ctrl Pts',(0.000163983967478298,55.7499999999999,
-17.4986129454415));
#2158=CARTESIAN_POINT('Ctrl Pts',(-1.63318229206475,55.8985148514851,-17.498074350034));
#2159=CARTESIAN_POINT('Ctrl Pts',(-6.17066235930235,56.3110561056105,-16.8680301849709));
#2160=CARTESIAN_POINT('Ctrl Pts',(-12.7962396603177,56.9876237623763,-12.9968161653783));
#2161=CARTESIAN_POINT('Ctrl Pts',(-17.4484764364802,57.779702970297,-5.31146400971731));
#2162=CARTESIAN_POINT('Ctrl Pts',(-17.8674825127278,58.5717821782178,3.66251942497151));
#2163=CARTESIAN_POINT('Ctrl Pts',(-13.9516014841658,59.3638613861386,11.747927302633));
#2164=CARTESIAN_POINT('Ctrl Pts',(-6.65087777717553,60.1559405940594,16.9831329463677));
#2165=CARTESIAN_POINT('Ctrl Pts',(2.26343666882373,60.9480198019802,18.0980063633305));
#2166=CARTESIAN_POINT('Ctrl Pts',(10.6286115020517,61.7400990099009,14.8220645464585));
#2167=CARTESIAN_POINT('Ctrl Pts',(16.4151448893203,62.5321782178219,7.95009422230633));
#2168=CARTESIAN_POINT('Ctrl Pts',(18.2191474497863,63.3242574257425,-0.850673899842663));
#2169=CARTESIAN_POINT('Ctrl Pts',(15.6029443498049,64.1163366336635,-9.44505730516324));
#2170=CARTESIAN_POINT('Ctrl Pts',(9.20126099479326,64.9084158415841,-15.74794513537));
#2171=CARTESIAN_POINT('Ctrl Pts',(3.26536486986643,65.4529702970297,-17.4544772089189));
#2172=CARTESIAN_POINT('Ctrl Pts',(0.181586101896832,65.7334983498349,-17.5014301717031));
#2173=CARTESIAN_POINT('Ctrl Pts',(0.00018434941000376,65.7499999999999,
-17.5013317890692));
#2174=CARTESIAN_POINT('Origin',(0.,1.25,0.));
#2175=CARTESIAN_POINT('',(-0.000406077664649793,76.2499999999999,-17.4993033453743));
#2176=CARTESIAN_POINT('',(-0.00040607766425671,75.7499999999999,-17.4993033284092));
#2177=CARTESIAN_POINT('',(-2.14313189850787E-15,1.25,-17.5));
#2178=CARTESIAN_POINT('Ctrl Pts',(0.000184349410179557,66.2499999999999,
-17.5013318060363));
#2179=CARTESIAN_POINT('Ctrl Pts',(-2.72084194053663,66.4975247524752,-17.4998560665256));
#2180=CARTESIAN_POINT('Ctrl Pts',(-8.34569193812485,67.0090759075907,-16.1667566496926));
#2181=CARTESIAN_POINT('Ctrl Pts',(-14.9855661958768,67.7846534653466,-10.3968161624092));
#2182=CARTESIAN_POINT('Ctrl Pts',(-18.1310182083878,68.5767326732673,-1.98170614699762));
#2183=CARTESIAN_POINT('Ctrl Pts',(-16.8776458777033,69.3688118811882,6.91419193780324));
#2184=CARTESIAN_POINT('Ctrl Pts',(-11.5295338755133,70.1608910891088,14.1326157925322));
#2185=CARTESIAN_POINT('Ctrl Pts',(-3.38420476756559,70.9529702970298,17.9222805082703));
#2186=CARTESIAN_POINT('Ctrl Pts',(5.5821770878246,71.7450495049505,17.3637634021575));
#2187=CARTESIAN_POINT('Ctrl Pts',(13.1942490980792,72.5371287128713,12.5925680964518));
#2188=CARTESIAN_POINT('Ctrl Pts',(17.6052221156713,73.329207920792,4.76624955114801));
#2189=CARTESIAN_POINT('Ctrl Pts',(17.7449358625648,74.121287128713,-4.21642404881198));
#2190=CARTESIAN_POINT('Ctrl Pts',(13.5794939395698,74.9133663366336,-12.1761375185699));
#2191=CARTESIAN_POINT('Ctrl Pts',(6.89657154014474,75.6229372937294,-16.6603403677711));
#2192=CARTESIAN_POINT('Ctrl Pts',(1.99568037381443,76.0684818481847,-17.4975831892968));
#2193=CARTESIAN_POINT('Ctrl Pts',(-0.000406077664650076,76.2499999999999,
-17.4993033453743));
#2194=CARTESIAN_POINT('Ctrl Pts',(0.00018434941000376,65.7499999999999,
-17.5013317890692));
#2195=CARTESIAN_POINT('Ctrl Pts',(-2.72084193789884,65.9975247524752,-17.49985604956));
#2196=CARTESIAN_POINT('Ctrl Pts',(-8.34569193003393,66.5090759075908,-16.1667566340194));
#2197=CARTESIAN_POINT('Ctrl Pts',(-14.9855661813487,67.2846534653465,-10.3968161523298));
#2198=CARTESIAN_POINT('Ctrl Pts',(-18.1310181908103,68.0767326732673,-1.98170614507641));
#2199=CARTESIAN_POINT('Ctrl Pts',(-16.8776458613409,68.8688118811881,6.91419193110011));
#2200=CARTESIAN_POINT('Ctrl Pts',(-11.5295338643357,69.6608910891089,14.132615778831));
#2201=CARTESIAN_POINT('Ctrl Pts',(-3.38420476428469,70.4529702970297,17.9222804908951));
#2202=CARTESIAN_POINT('Ctrl Pts',(5.58217708241283,71.2450495049505,17.3637633853238));
#2203=CARTESIAN_POINT('Ctrl Pts',(13.1942490852877,72.0371287128713,12.5925680842436));
#2204=CARTESIAN_POINT('Ctrl Pts',(17.6052220986035,72.8292079207921,4.76624954652726));
#2205=CARTESIAN_POINT('Ctrl Pts',(17.7449358453615,73.6212871287129,-4.21642404472426));
#2206=CARTESIAN_POINT('Ctrl Pts',(13.5794939264049,74.4133663366336,-12.1761375067654));
#2207=CARTESIAN_POINT('Ctrl Pts',(6.89657153345868,75.1229372937294,-16.6603403516193));
#2208=CARTESIAN_POINT('Ctrl Pts',(1.99568037187967,75.5684818481847,-17.4975831723333));
#2209=CARTESIAN_POINT('Ctrl Pts',(-0.00040607766425671,75.7499999999999,
-17.4993033284092));
#2210=CARTESIAN_POINT('Origin',(0.,1.25,0.));
#2211=CARTESIAN_POINT('',(0.000406077666829058,86.2499999999999,-17.4993033453743));
#2212=CARTESIAN_POINT('',(0.000406077666312843,85.7499999999999,-17.4993033284092));
#2213=CARTESIAN_POINT('',(-2.14313189850787E-15,1.25,-17.5));
#2214=CARTESIAN_POINT('Ctrl Pts',(-0.000406077664650076,76.2499999999999,
-17.4993033453743));
#2215=CARTESIAN_POINT('Ctrl Pts',(-0.907718101064731,76.332508250825,-17.5000852345005));
#2216=CARTESIAN_POINT('Ctrl Pts',(-4.7179314437983,76.6790429042903,-17.2088669293497));
#2217=CARTESIAN_POINT('Ctrl Pts',(-11.0844344311522,77.2896039603961,-14.4843465115768));
#2218=CARTESIAN_POINT('Ctrl Pts',(-16.6544514445498,78.0816831683167,-7.43573988296205));
#2219=CARTESIAN_POINT('Ctrl Pts',(-18.1838787020471,78.8737623762377,1.4168753915494));
#2220=CARTESIAN_POINT('Ctrl Pts',(-15.3016569628391,79.6658415841583,9.92573799359712));
#2221=CARTESIAN_POINT('Ctrl Pts',(-8.70705126561238,80.4579207920792,16.0264855406273));
#2222=CARTESIAN_POINT('Ctrl Pts',(-7.48041273357723E-14,81.25,18.2389961490741));
#2223=CARTESIAN_POINT('Ctrl Pts',(8.70705126561223,82.0420792079208,16.0264855406274));
#2224=CARTESIAN_POINT('Ctrl Pts',(15.301656962839,82.8341584158415,9.92573799359727));
#2225=CARTESIAN_POINT('Ctrl Pts',(18.183878702047,83.6262376237624,1.41687539154951));
#2226=CARTESIAN_POINT('Ctrl Pts',(16.6544514445498,84.4183168316831,-7.435739882962));
#2227=CARTESIAN_POINT('Ctrl Pts',(11.0844344311523,85.210396039604,-14.4843465115768));
#2228=CARTESIAN_POINT('Ctrl Pts',(4.71793144379902,85.8209570957095,-17.2088669293494));
#2229=CARTESIAN_POINT('Ctrl Pts',(0.907718101066203,86.1674917491748,-17.5000852345004));
#2230=CARTESIAN_POINT('Ctrl Pts',(0.000406077666828958,86.2499999999999,
-17.4993033453743));
#2231=CARTESIAN_POINT('Ctrl Pts',(-0.00040607766425671,75.7499999999999,
-17.4993033284092));
#2232=CARTESIAN_POINT('Ctrl Pts',(-0.90771810018472,75.832508250825,-17.5000852175346));
#2233=CARTESIAN_POINT('Ctrl Pts',(-4.71793143922438,76.1790429042904,-17.2088669126662));
#2234=CARTESIAN_POINT('Ctrl Pts',(-11.0844344204061,76.7896039603961,-14.4843464975346));
#2235=CARTESIAN_POINT('Ctrl Pts',(-16.6544514284037,77.5816831683168,-7.43573987575331));
#2236=CARTESIAN_POINT('Ctrl Pts',(-18.1838786844183,78.3737623762377,1.41687539017578));
#2237=CARTESIAN_POINT('Ctrl Pts',(-15.3016569480045,79.1658415841584,9.92573798397436));
#2238=CARTESIAN_POINT('Ctrl Pts',(-8.70705125717113,79.9579207920793,16.0264855250901));
#2239=CARTESIAN_POINT('Ctrl Pts',(-7.35840936482304E-14,80.75,18.2389961313918));
#2240=CARTESIAN_POINT('Ctrl Pts',(8.70705125717098,81.5420792079208,16.0264855250902));
#2241=CARTESIAN_POINT('Ctrl Pts',(15.3016569480044,82.3341584158416,9.92573798397451));
#2242=CARTESIAN_POINT('Ctrl Pts',(18.1838786844183,83.1262376237624,1.41687539017589));
#2243=CARTESIAN_POINT('Ctrl Pts',(16.6544514284037,83.9183168316831,-7.43573987575324));
#2244=CARTESIAN_POINT('Ctrl Pts',(11.0844344204062,84.710396039604,-14.4843464975346));
#2245=CARTESIAN_POINT('Ctrl Pts',(4.71793143922507,85.3209570957095,-17.2088669126659));
#2246=CARTESIAN_POINT('Ctrl Pts',(0.907718100186113,85.6674917491749,-17.5000852175345));
#2247=CARTESIAN_POINT('Ctrl Pts',(0.000406077666312704,85.7499999999999,
-17.4993033284092));
#2248=CARTESIAN_POINT('Origin',(0.,1.25,0.));
#2249=CARTESIAN_POINT('',(-0.000184349408000528,96.2499999999999,-17.5013318060363));
#2250=CARTESIAN_POINT('',(-0.000184349407821305,95.7499999999999,-17.5013317890692));
#2251=CARTESIAN_POINT('',(-2.14313189850787E-15,1.25,-17.5));
#2252=CARTESIAN_POINT('Ctrl Pts',(0.000406077666828958,86.2499999999999,
-17.4993033453743));
#2253=CARTESIAN_POINT('Ctrl Pts',(-1.99568037381291,86.4315181518151,-17.497583189297));
#2254=CARTESIAN_POINT('Ctrl Pts',(-6.89657154014394,86.8770627062706,-16.6603403677716));
#2255=CARTESIAN_POINT('Ctrl Pts',(-13.5794939395697,87.5866336633663,-12.1761375185701));
#2256=CARTESIAN_POINT('Ctrl Pts',(-17.7449358625648,88.3787128712871,-4.21642404881219));
#2257=CARTESIAN_POINT('Ctrl Pts',(-17.6052221156713,89.1707920792079,4.76624955114792));
#2258=CARTESIAN_POINT('Ctrl Pts',(-13.1942490980793,89.9628712871287,12.5925680964517));
#2259=CARTESIAN_POINT('Ctrl Pts',(-5.5821770878247,90.7549504950494,17.3637634021575));
#2260=CARTESIAN_POINT('Ctrl Pts',(3.38420476756539,91.5470297029704,17.9222805082703));
#2261=CARTESIAN_POINT('Ctrl Pts',(11.5295338755131,92.339108910891,14.1326157925324));
#2262=CARTESIAN_POINT('Ctrl Pts',(16.8776458777033,93.131188118812,6.91419193780346));
#2263=CARTESIAN_POINT('Ctrl Pts',(18.1310182083879,93.9232673267326,-1.98170614699752));
#2264=CARTESIAN_POINT('Ctrl Pts',(14.9855661958769,94.7153465346535,-10.3968161624092));
#2265=CARTESIAN_POINT('Ctrl Pts',(8.34569193812547,95.4909240924092,-16.1667566496921));
#2266=CARTESIAN_POINT('Ctrl Pts',(2.7208419405381,96.0024752475247,-17.4998560665253));
#2267=CARTESIAN_POINT('Ctrl Pts',(-0.000184349408001057,96.2499999999999,
-17.5013318060363));
#2268=CARTESIAN_POINT('Ctrl Pts',(0.000406077666312704,85.7499999999999,
-17.4993033284092));
#2269=CARTESIAN_POINT('Ctrl Pts',(-1.99568037187823,85.9315181518151,-17.4975831723336));
#2270=CARTESIAN_POINT('Ctrl Pts',(-6.89657153345793,86.3770627062707,-16.6603403516198));
#2271=CARTESIAN_POINT('Ctrl Pts',(-13.5794939264047,87.0866336633663,-12.1761375067656));
#2272=CARTESIAN_POINT('Ctrl Pts',(-17.7449358453615,87.8787128712872,-4.21642404472446));
#2273=CARTESIAN_POINT('Ctrl Pts',(-17.6052220986035,88.6707920792078,4.76624954652715));
#2274=CARTESIAN_POINT('Ctrl Pts',(-13.1942490852878,89.4628712871287,12.5925680842435));
#2275=CARTESIAN_POINT('Ctrl Pts',(-5.58217708241294,90.2549504950495,17.3637633853238));
#2276=CARTESIAN_POINT('Ctrl Pts',(3.38420476428449,91.0470297029704,17.9222804908951));
#2277=CARTESIAN_POINT('Ctrl Pts',(11.5295338643355,91.839108910891,14.1326157788312));
#2278=CARTESIAN_POINT('Ctrl Pts',(16.8776458613408,92.6311881188119,6.91419193110032));
#2279=CARTESIAN_POINT('Ctrl Pts',(18.1310181908103,93.4232673267327,-1.98170614507631));
#2280=CARTESIAN_POINT('Ctrl Pts',(14.9855661813487,94.2153465346534,-10.3968161523297));
#2281=CARTESIAN_POINT('Ctrl Pts',(8.34569193003454,94.9909240924092,-16.1667566340189));
#2282=CARTESIAN_POINT('Ctrl Pts',(2.72084193790032,95.5024752475247,-17.4998560495596));
#2283=CARTESIAN_POINT('Ctrl Pts',(-0.000184349407820299,95.7499999999999,
-17.5013317890692));
#2284=CARTESIAN_POINT('Origin',(0.,1.25,0.));
#2285=CARTESIAN_POINT('',(-0.000163983965580042,106.25,-17.4986129624059));
#2286=CARTESIAN_POINT('',(-0.000163983965421055,105.75,-17.4986129454415));
#2287=CARTESIAN_POINT('',(-2.14313189850787E-15,1.25,-17.5));
#2288=CARTESIAN_POINT('Ctrl Pts',(-0.000184349408001057,96.2499999999999,
-17.5013318060363));
#2289=CARTESIAN_POINT('Ctrl Pts',(-0.181586102071398,96.266501650165,-17.5014301886703));
#2290=CARTESIAN_POINT('Ctrl Pts',(-3.26536487303131,96.5470297029703,-17.4544772258408));
#2291=CARTESIAN_POINT('Ctrl Pts',(-9.2012610037135,97.0915841584158,-15.7479451506373));
#2292=CARTESIAN_POINT('Ctrl Pts',(-15.6029443649315,97.8836633663366,-9.44505731432012));
#2293=CARTESIAN_POINT('Ctrl Pts',(-18.2191474674492,98.6757425742574,-0.850673900667524));
#2294=CARTESIAN_POINT('Ctrl Pts',(-16.4151449052344,99.4678217821782,7.95009423001359));
#2295=CARTESIAN_POINT('Ctrl Pts',(-10.628611512356,100.259900990099,14.822064560828));
#2296=CARTESIAN_POINT('Ctrl Pts',(-2.26343667101823,101.05198019802,18.098006380876));
#2297=CARTESIAN_POINT('Ctrl Pts',(6.65087778362324,101.844059405941,16.9831329628325));
#2298=CARTESIAN_POINT('Ctrl Pts',(13.9516014976914,102.636138613861,11.7479273140224));
#2299=CARTESIAN_POINT('Ctrl Pts',(17.8674825300498,103.428217821782,3.66251942852234));
#2300=CARTESIAN_POINT('Ctrl Pts',(17.4484764533961,104.220297029703,-5.31146401486649));
#2301=CARTESIAN_POINT('Ctrl Pts',(12.7962396727235,105.012376237624,-12.9968161779782));
#2302=CARTESIAN_POINT('Ctrl Pts',(6.17066236528544,105.688943894389,-16.8680302013236));
#2303=CARTESIAN_POINT('Ctrl Pts',(1.63318229364951,106.101485148515,-17.4980743669977));
#2304=CARTESIAN_POINT('Ctrl Pts',(-0.000163983965581205,106.25,-17.4986129624059));
#2305=CARTESIAN_POINT('Ctrl Pts',(-0.000184349407820299,95.7499999999999,
-17.5013317890692));
#2306=CARTESIAN_POINT('Ctrl Pts',(-0.181586101895353,95.766501650165,-17.5014301717032));
#2307=CARTESIAN_POINT('Ctrl Pts',(-3.26536486986562,96.0470297029703,-17.4544772089191));
#2308=CARTESIAN_POINT('Ctrl Pts',(-9.20126099479312,96.5915841584159,-15.7479451353701));
#2309=CARTESIAN_POINT('Ctrl Pts',(-15.6029443498049,97.3836633663366,-9.44505730516337));
#2310=CARTESIAN_POINT('Ctrl Pts',(-18.2191474497862,98.1757425742574,-0.850673899842817));
#2311=CARTESIAN_POINT('Ctrl Pts',(-16.4151448893204,98.9678217821783,7.95009422230618));
#2312=CARTESIAN_POINT('Ctrl Pts',(-10.6286115020518,99.759900990099,14.8220645464584));
#2313=CARTESIAN_POINT('Ctrl Pts',(-2.26343666882389,100.55198019802,18.0980063633305));
#2314=CARTESIAN_POINT('Ctrl Pts',(6.65087777717538,101.344059405941,16.9831329463677));
#2315=CARTESIAN_POINT('Ctrl Pts',(13.9516014841657,102.136138613861,11.7479273026331));
#2316=CARTESIAN_POINT('Ctrl Pts',(17.8674825127278,102.928217821782,3.66251942497162));
#2317=CARTESIAN_POINT('Ctrl Pts',(17.4484764364802,103.720297029703,-5.31146400971716));
#2318=CARTESIAN_POINT('Ctrl Pts',(12.7962396603179,104.512376237624,-12.9968161653781));
#2319=CARTESIAN_POINT('Ctrl Pts',(6.17066235930313,105.188943894389,-16.8680301849705));
#2320=CARTESIAN_POINT('Ctrl Pts',(1.63318229206618,105.601485148515,-17.4980743500338));
#2321=CARTESIAN_POINT('Ctrl Pts',(-0.00016398396542161,105.75,-17.4986129454415));
#2322=CARTESIAN_POINT('Origin',(0.,1.25,0.));
#2323=CARTESIAN_POINT('',(0.000424741297545483,116.25,-17.5003973277625));
#2324=CARTESIAN_POINT('',(0.000424741297132825,115.75,-17.5003973107963));
#2325=CARTESIAN_POINT('',(-2.14313189850787E-15,1.25,-17.5));
#2326=CARTESIAN_POINT('Ctrl Pts',(-0.000163983965581205,106.25,-17.4986129624059));
#2327=CARTESIAN_POINT('Ctrl Pts',(-1.270544422111,106.365511551155,-17.4990318699457));
#2328=CARTESIAN_POINT('Ctrl Pts',(-5.44436028890623,106.745049504951,-17.0506472189301));
#2329=CARTESIAN_POINT('Ctrl Pts',(-11.9634792404727,107.388613861386,-13.7672126804491));
#2330=CARTESIAN_POINT('Ctrl Pts',(-17.0845122784956,108.180693069307,-6.38595495849079));
#2331=CARTESIAN_POINT('Ctrl Pts',(-18.0606171255852,108.972772277228,2.54461972973499));
#2332=CARTESIAN_POINT('Ctrl Pts',(-14.6549778614476,109.764851485148,10.8578360830518));
#2333=CARTESIAN_POINT('Ctrl Pts',(-7.69384752532456,110.556930693069,16.5367980813396));
#2334=CARTESIAN_POINT('Ctrl Pts',(1.133911777702,111.34900990099,18.203714582643));
#2335=CARTESIAN_POINT('Ctrl Pts',(9.6865691160477,112.141089108911,15.4541696407788));
#2336=CARTESIAN_POINT('Ctrl Pts',(15.8891369260511,112.933168316832,8.95523915209075));
#2337=CARTESIAN_POINT('Ctrl Pts',(18.2367903843417,113.725247524753,0.283649437726631));
#2338=CARTESIAN_POINT('Ctrl Pts',(16.1599577733786,114.517326732673,-8.4567573743463));
#2339=CARTESIAN_POINT('Ctrl Pts',(10.1625060983596,115.309405940594,-15.1454432198845));
#2340=CARTESIAN_POINT('Ctrl Pts',(3.99156145431744,115.88696369637,-17.3432984099733));
#2341=CARTESIAN_POINT('Ctrl Pts',(0.544714083253142,116.200495049505,-17.5009492353014));
#2342=CARTESIAN_POINT('Ctrl Pts',(0.000424741297545064,116.25,-17.5003973277625));
#2343=CARTESIAN_POINT('Ctrl Pts',(-0.00016398396542161,105.75,-17.4986129454415));
#2344=CARTESIAN_POINT('Ctrl Pts',(-1.27054442087924,105.865511551155,-17.4990318529808));
#2345=CARTESIAN_POINT('Ctrl Pts',(-5.44436028362806,106.24504950495,-17.0506472023999));
#2346=CARTESIAN_POINT('Ctrl Pts',(-11.9634792288744,106.888613861386,-13.7672126671021));
#2347=CARTESIAN_POINT('Ctrl Pts',(-17.0845122619326,107.680693069307,-6.38595495229977));
#2348=CARTESIAN_POINT('Ctrl Pts',(-18.0606171080759,108.472772277228,2.54461972726805));
#2349=CARTESIAN_POINT('Ctrl Pts',(-14.6549778472399,109.264851485148,10.8578360725254));
#2350=CARTESIAN_POINT('Ctrl Pts',(-7.69384751786557,110.056930693069,16.5367980653076));
#2351=CARTESIAN_POINT('Ctrl Pts',(1.1339117766027,110.84900990099,18.2037145649949));
#2352=CARTESIAN_POINT('Ctrl Pts',(9.68656910665683,111.641089108911,15.4541696257964));
#2353=CARTESIAN_POINT('Ctrl Pts',(15.889136910647,112.433168316832,8.95523914340887));
#2354=CARTESIAN_POINT('Ctrl Pts',(18.2367903666616,113.225247524753,0.283649437451646));
#2355=CARTESIAN_POINT('Ctrl Pts',(16.1599577577119,114.017326732673,-8.45675736614771));
#2356=CARTESIAN_POINT('Ctrl Pts',(10.1625060885073,114.809405940594,-15.1454432052013));
#2357=CARTESIAN_POINT('Ctrl Pts',(3.99156145044772,115.38696369637,-17.3432983931595));
#2358=CARTESIAN_POINT('Ctrl Pts',(0.544714082725055,115.700495049505,-17.5009492183347));
#2359=CARTESIAN_POINT('Ctrl Pts',(0.000424741297132269,115.75,-17.5003973107963));
#2360=CARTESIAN_POINT('Origin',(0.,1.25,0.));
#2361=CARTESIAN_POINT('',(-0.000424741295947725,126.25,-17.5003973277625));
#2362=CARTESIAN_POINT('',(-0.000424741295538267,125.75,-17.5003973107963));
#2363=CARTESIAN_POINT('',(-2.14313189850787E-15,1.25,-17.5));
#2364=CARTESIAN_POINT('Ctrl Pts',(0.000424741297545064,116.25,-17.5003973277625));
#2365=CARTESIAN_POINT('Ctrl Pts',(-2.35816240717853,116.464521452145,-17.4980057284274));
#2366=CARTESIAN_POINT('Ctrl Pts',(-7.62173236045056,116.943069306931,-16.4268437383174));
#2367=CARTESIAN_POINT('Ctrl Pts',(-14.310211782414,117.685643564356,-11.3083517485263));
#2368=CARTESIAN_POINT('Ctrl Pts',(-17.9727435621401,118.477722772277,-3.10507155722564));
#2369=CARTESIAN_POINT('Ctrl Pts',(-17.2748505170442,119.269801980198,5.85153998018607));
#2370=CARTESIAN_POINT('Ctrl Pts',(-12.3858507119163,120.061881188119,13.3884906792387));
#2371=CARTESIAN_POINT('Ctrl Pts',(-4.49188003330713,120.85396039604,17.6772168140892));
#2372=CARTESIAN_POINT('Ctrl Pts',(4.49188003330694,121.64603960396,17.6772168140892));
#2373=CARTESIAN_POINT('Ctrl Pts',(12.3858507119161,122.438118811881,13.3884906792389));
#2374=CARTESIAN_POINT('Ctrl Pts',(17.2748505170441,123.230198019802,5.85153998018641));
#2375=CARTESIAN_POINT('Ctrl Pts',(17.9727435621401,124.022277227723,-3.10507155722536));
#2376=CARTESIAN_POINT('Ctrl Pts',(14.3102117824142,124.814356435643,-11.3083517485262));
#2377=CARTESIAN_POINT('Ctrl Pts',(7.62173236045106,125.556930693069,-16.4268437383171));
#2378=CARTESIAN_POINT('Ctrl Pts',(2.35816240717963,126.035478547855,-17.4980057284272));
#2379=CARTESIAN_POINT('Ctrl Pts',(-0.000424741295949951,126.25,-17.5003973277625));
#2380=CARTESIAN_POINT('Ctrl Pts',(0.000424741297132269,115.75,-17.5003973107963));
#2381=CARTESIAN_POINT('Ctrl Pts',(-2.35816240489235,115.964521452145,-17.4980057114636));
#2382=CARTESIAN_POINT('Ctrl Pts',(-7.62173235306148,116.443069306931,-16.426843722392));
#2383=CARTESIAN_POINT('Ctrl Pts',(-14.3102117685406,117.185643564356,-11.3083517375632));
#2384=CARTESIAN_POINT('Ctrl Pts',(-17.9727435447159,117.977722772277,-3.10507155421535));
#2385=CARTESIAN_POINT('Ctrl Pts',(-17.2748505002967,118.769801980198,5.85153997451315));
#2386=CARTESIAN_POINT('Ctrl Pts',(-12.3858506999086,119.561881188119,13.3884906662589));
#2387=CARTESIAN_POINT('Ctrl Pts',(-4.49188002895236,120.35396039604,17.6772167969516));
#2388=CARTESIAN_POINT('Ctrl Pts',(4.49188002895218,121.14603960396,17.6772167969516));
#2389=CARTESIAN_POINT('Ctrl Pts',(12.3858506999083,121.938118811881,13.3884906662591));
#2390=CARTESIAN_POINT('Ctrl Pts',(17.2748505002966,122.730198019802,5.85153997451349));
#2391=CARTESIAN_POINT('Ctrl Pts',(17.972743544716,123.522277227723,-3.10507155421507));
#2392=CARTESIAN_POINT('Ctrl Pts',(14.3102117685408,124.314356435644,-11.308351737563));
#2393=CARTESIAN_POINT('Ctrl Pts',(7.62173235306198,125.056930693069,-16.4268437223916));
#2394=CARTESIAN_POINT('Ctrl Pts',(2.35816240489345,125.535478547855,-17.4980057114633));
#2395=CARTESIAN_POINT('Ctrl Pts',(-0.000424741295539377,125.75,-17.5003973107963));
#2396=CARTESIAN_POINT('Origin',(0.,1.25,0.));
#2397=CARTESIAN_POINT('',(0.000163983966758698,136.25,-17.4986129624058));
#2398=CARTESIAN_POINT('',(0.000163983966599002,135.75,-17.4986129454414));
#2399=CARTESIAN_POINT('',(-2.14313189850787E-15,1.25,-17.5));
#2400=CARTESIAN_POINT('Ctrl Pts',(-0.000424741295949951,126.25,-17.5003973277625));
#2401=CARTESIAN_POINT('Ctrl Pts',(-0.544714083252044,126.299504950495,-17.5009492353014));
#2402=CARTESIAN_POINT('Ctrl Pts',(-3.99156145431685,126.61303630363,-17.3432984099735));
#2403=CARTESIAN_POINT('Ctrl Pts',(-10.1625060983594,127.190594059406,-15.1454432198845));
#2404=CARTESIAN_POINT('Ctrl Pts',(-16.1599577733784,127.982673267327,-8.45675737434657));
#2405=CARTESIAN_POINT('Ctrl Pts',(-18.2367903843417,128.774752475248,0.283649437726274));
#2406=CARTESIAN_POINT('Ctrl Pts',(-15.8891369260512,129.566831683168,8.95523915209051));
#2407=CARTESIAN_POINT('Ctrl Pts',(-9.68656911604789,130.358910891089,15.4541696407787));
#2408=CARTESIAN_POINT('Ctrl Pts',(-1.13391177770218,131.15099009901,18.2037145826429));
#2409=CARTESIAN_POINT('Ctrl Pts',(7.69384752532438,131.943069306931,16.5367980813397));
#2410=CARTESIAN_POINT('Ctrl Pts',(14.6549778614475,132.735148514851,10.8578360830519));
#2411=CARTESIAN_POINT('Ctrl Pts',(18.0606171255853,133.527227722772,2.54461972973514));
#2412=CARTESIAN_POINT('Ctrl Pts',(17.0845122784956,134.319306930693,-6.38595495849078));
#2413=CARTESIAN_POINT('Ctrl Pts',(11.9634792404729,135.111386138614,-13.7672126804488));
#2414=CARTESIAN_POINT('Ctrl Pts',(5.44436028890654,135.75495049505,-17.0506472189301));
#2415=CARTESIAN_POINT('Ctrl Pts',(1.27054442211188,136.134488448845,-17.4990318699455));
#2416=CARTESIAN_POINT('Ctrl Pts',(0.000163983966758735,136.25,-17.4986129624058));
#2417=CARTESIAN_POINT('Ctrl Pts',(-0.000424741295539377,125.75,-17.5003973107963));
#2418=CARTESIAN_POINT('Ctrl Pts',(-0.544714082723959,125.799504950495,-17.5009492183347));
#2419=CARTESIAN_POINT('Ctrl Pts',(-3.99156145044713,126.11303630363,-17.3432983931596));
#2420=CARTESIAN_POINT('Ctrl Pts',(-10.1625060885071,126.690594059406,-15.1454432052014));
#2421=CARTESIAN_POINT('Ctrl Pts',(-16.1599577577118,127.482673267327,-8.45675736614794));
#2422=CARTESIAN_POINT('Ctrl Pts',(-18.2367903666616,128.274752475248,0.283649437451273));
#2423=CARTESIAN_POINT('Ctrl Pts',(-15.8891369106471,129.066831683168,8.95523914340865));
#2424=CARTESIAN_POINT('Ctrl Pts',(-9.68656910665699,129.858910891089,15.4541696257963));
#2425=CARTESIAN_POINT('Ctrl Pts',(-1.1339117766029,130.65099009901,18.2037145649949));
#2426=CARTESIAN_POINT('Ctrl Pts',(7.6938475178654,131.44306930693,16.5367980653077));
#2427=CARTESIAN_POINT('Ctrl Pts',(14.6549778472398,132.235148514852,10.8578360725255));
#2428=CARTESIAN_POINT('Ctrl Pts',(18.060617108076,133.027227722772,2.54461972726819));
#2429=CARTESIAN_POINT('Ctrl Pts',(17.0845122619326,133.819306930693,-6.38595495229975));
#2430=CARTESIAN_POINT('Ctrl Pts',(11.9634792288747,134.611386138614,-13.7672126671018));
#2431=CARTESIAN_POINT('Ctrl Pts',(5.44436028362837,135.25495049505,-17.0506472023999));
#2432=CARTESIAN_POINT('Ctrl Pts',(1.27054442088012,135.634488448845,-17.4990318529807));
#2433=CARTESIAN_POINT('Ctrl Pts',(0.000163983966599279,135.75,-17.4986129454414));
#2434=CARTESIAN_POINT('Origin',(0.,1.25,0.));
#2435=CARTESIAN_POINT('',(0.000184349813896045,146.25,-17.5013318055067));
#2436=CARTESIAN_POINT('',(0.000184349814553036,145.75,-17.5013317885381));
#2437=CARTESIAN_POINT('',(-2.14313189850787E-15,1.25,-17.5));
#2438=CARTESIAN_POINT('Ctrl Pts',(0.000163983966758735,136.25,-17.4986129624058));
#2439=CARTESIAN_POINT('Ctrl Pts',(-1.63318229364852,136.398514851485,-17.4980743669976));
#2440=CARTESIAN_POINT('Ctrl Pts',(-6.1706623652846,136.811056105611,-16.8680302013235));
#2441=CARTESIAN_POINT('Ctrl Pts',(-12.7962396727243,137.487623762376,-12.9968161779798));
#2442=CARTESIAN_POINT('Ctrl Pts',(-17.4484764533941,138.279702970297,-5.31146401486405));
#2443=CARTESIAN_POINT('Ctrl Pts',(-17.8674825300539,139.071782178218,3.66251942851691));
#2444=CARTESIAN_POINT('Ctrl Pts',(-13.9516014976836,139.863861386139,11.7479273140327));
#2445=CARTESIAN_POINT('Ctrl Pts',(-6.65087778363962,140.655940594059,16.9831329628113));
#2446=CARTESIAN_POINT('Ctrl Pts',(2.26343667105015,141.44801980198,18.0980063809182));
#2447=CARTESIAN_POINT('Ctrl Pts',(10.6286115122913,142.240099009901,14.8220645607437));
#2448=CARTESIAN_POINT('Ctrl Pts',(16.4151449053636,143.032178217822,7.95009423018296));
#2449=CARTESIAN_POINT('Ctrl Pts',(18.2191474671904,143.824257425743,-0.850673901006329));
#2450=CARTESIAN_POINT('Ctrl Pts',(15.6029443654501,144.616336633663,-9.44505731364089));
#2451=CARTESIAN_POINT('Ctrl Pts',(9.20126100267489,145.408415841584,-15.7479451519975));
#2452=CARTESIAN_POINT('Ctrl Pts',(3.26536487413815,145.95297029703,-17.454477224392));
#2453=CARTESIAN_POINT('Ctrl Pts',(0.181586102520544,146.233498349835,-17.5014301880835));
#2454=CARTESIAN_POINT('Ctrl Pts',(0.000184349813896478,146.25,-17.5013318055067));
#2455=CARTESIAN_POINT('Ctrl Pts',(0.000163983966599279,135.75,-17.4986129454414));
#2456=CARTESIAN_POINT('Ctrl Pts',(-1.63318229206519,135.898514851485,-17.4980743500337));
#2457=CARTESIAN_POINT('Ctrl Pts',(-6.1706623593023,136.311056105611,-16.8680301849704));
#2458=CARTESIAN_POINT('Ctrl Pts',(-12.7962396603187,136.987623762376,-12.9968161653797));
#2459=CARTESIAN_POINT('Ctrl Pts',(-17.4484764364782,137.779702970297,-5.31146400971472));
#2460=CARTESIAN_POINT('Ctrl Pts',(-17.8674825127318,138.571782178218,3.66251942496616));
#2461=CARTESIAN_POINT('Ctrl Pts',(-13.9516014841578,139.363861386139,11.7479273026434));
#2462=CARTESIAN_POINT('Ctrl Pts',(-6.65087777719181,140.155940594059,16.9831329463465));
#2463=CARTESIAN_POINT('Ctrl Pts',(2.26343666885589,140.94801980198,18.0980063633728));
#2464=CARTESIAN_POINT('Ctrl Pts',(10.628611501987,141.740099009901,14.8220645463738));
#2465=CARTESIAN_POINT('Ctrl Pts',(16.4151448894498,142.532178217822,7.95009422247608));
#2466=CARTESIAN_POINT('Ctrl Pts',(18.2191474495269,143.324257425743,-0.850673900182646));
#2467=CARTESIAN_POINT('Ctrl Pts',(15.6029443503246,144.116336633663,-9.44505730448218));
#2468=CARTESIAN_POINT('Ctrl Pts',(9.20126099375243,144.908415841584,-15.7479451367341));
#2469=CARTESIAN_POINT('Ctrl Pts',(3.2653648709745,145.45297029703,-17.4544772074666));
#2470=CARTESIAN_POINT('Ctrl Pts',(0.181586102345412,145.733498349835,-17.5014301711147));
#2471=CARTESIAN_POINT('Ctrl Pts',(0.000184349814552794,145.75,-17.5013317885381));
#2472=CARTESIAN_POINT('Origin',(0.,1.25,0.));
#2473=CARTESIAN_POINT('',(-0.000411289615341539,156.25,-17.4993101706499));
#2474=CARTESIAN_POINT('',(-0.000411292045062739,155.75,-17.4993101622298));
#2475=CARTESIAN_POINT('',(-2.14313189850787E-15,1.25,-17.5));
#2476=CARTESIAN_POINT('Ctrl Pts',(0.000184349813896478,146.25,-17.5013318055067));
#2477=CARTESIAN_POINT('Ctrl Pts',(-2.72084194078764,146.497524752475,-17.4998560668536));
#2478=CARTESIAN_POINT('Ctrl Pts',(-8.34569194203346,147.009075907591,-16.1667566548108));
#2479=CARTESIAN_POINT('Ctrl Pts',(-14.9855661875241,147.784653465347,-10.3968161514711));
#2480=CARTESIAN_POINT('Ctrl Pts',(-18.1310182251213,148.576732673267,-1.98170616891094));
#2481=CARTESIAN_POINT('Ctrl Pts',(-16.87764584418,149.368811881188,6.91419198170346));
#2482=CARTESIAN_POINT('Ctrl Pts',(-11.5295339426728,150.160891089109,14.1326157045837));
#2483=CARTESIAN_POINT('Ctrl Pts',(-3.38420463302041,150.95297029703,17.9222806844635));
#2484=CARTESIAN_POINT('Ctrl Pts',(5.58217681828097,151.74504950495,17.3637630491778));
#2485=CARTESIAN_POINT('Ctrl Pts',(13.1942496380743,152.537128712871,12.5925688036003));
#2486=CARTESIAN_POINT('Ctrl Pts',(17.6052210338623,153.329207920792,4.76624813446923));
#2487=CARTESIAN_POINT('Ctrl Pts',(17.7449380298266,154.121287128713,-4.21642121068272));
#2488=CARTESIAN_POINT('Ctrl Pts',(13.5794895977463,154.913366336634,-12.1761432043885));
#2489=CARTESIAN_POINT('Ctrl Pts',(6.89657888007538,155.622937293729,-16.6603307557881));
#2490=CARTESIAN_POINT('Ctrl Pts',(1.99567646107434,156.068481848185,-17.4975883132441));
#2491=CARTESIAN_POINT('Ctrl Pts',(-0.000411289615343882,156.25,-17.4993101706499));
#2492=CARTESIAN_POINT('Ctrl Pts',(0.000184349814552794,145.75,-17.5013317885381));
#2493=CARTESIAN_POINT('Ctrl Pts',(-2.72084193815016,145.997524752475,-17.4998560498886));
#2494=CARTESIAN_POINT('Ctrl Pts',(-8.34569193394948,146.509075907591,-16.1667566391506));
#2495=CARTESIAN_POINT('Ctrl Pts',(-14.9855661729821,147.284653465346,-10.3968161413648));
#2496=CARTESIAN_POINT('Ctrl Pts',(-18.1310182075698,148.076732673268,-1.9817061670411));
#2497=CARTESIAN_POINT('Ctrl Pts',(-16.8776458277689,148.868811881188,6.91419197509856));
#2498=CARTESIAN_POINT('Ctrl Pts',(-11.5295339315855,149.660891089109,14.1326156906951));
#2499=CARTESIAN_POINT('Ctrl Pts',(-3.38420462957304,150.45297029703,17.9222806674448));
#2500=CARTESIAN_POINT('Ctrl Pts',(5.58217681256447,151.24504950495,17.3637630316675));
#2501=CARTESIAN_POINT('Ctrl Pts',(13.1942496258356,152.037128712871,12.5925687926719));
#2502=CARTESIAN_POINT('Ctrl Pts',(17.6052210158025,152.829207920792,4.7662481274358));
#2503=CARTESIAN_POINT('Ctrl Pts',(17.7449380143793,153.621287128713,-4.21642120206468));
#2504=CARTESIAN_POINT('Ctrl Pts',(13.5794895815267,154.413366336634,-12.1761432010527));
#2505=CARTESIAN_POINT('Ctrl Pts',(6.89657887772178,155.122937293729,-16.6603307264096));
#2506=CARTESIAN_POINT('Ctrl Pts',(1.99567645767906,155.568481848185,-17.497588302219));
#2507=CARTESIAN_POINT('Ctrl Pts',(-0.000411292045063572,155.75,-17.4993101622298));
#2508=CARTESIAN_POINT('Origin',(0.,166.,0.));
#2509=CARTESIAN_POINT('',(-4.,166.,4.89858719658941E-16));
#2510=CARTESIAN_POINT('Origin',(0.,166.,0.));
#2511=CARTESIAN_POINT('Origin',(0.,166.,0.));
#2512=CARTESIAN_POINT('',(-4.,206.,4.89858719658941E-16));
#2513=CARTESIAN_POINT('Origin',(0.,206.,0.));
#2514=CARTESIAN_POINT('',(-4.,166.,4.89858719658941E-16));
#2515=CARTESIAN_POINT('Origin',(0.,206.,0.));
#2516=CARTESIAN_POINT('Ctrl Pts',(0.,0.75,17.5));
#2517=CARTESIAN_POINT('Ctrl Pts',(2.90312192410938,1.01402640264026,17.5));
#2518=CARTESIAN_POINT('Ctrl Pts',(8.70646720376144,1.54207920792079,16.0272797276792));
#2519=CARTESIAN_POINT('Ctrl Pts',(15.3019393277183,2.33415841584158,9.92536519664051));
#2520=CARTESIAN_POINT('Ctrl Pts',(18.1837384256454,3.12623762376238,1.41705939852163));
#2521=CARTESIAN_POINT('Ctrl Pts',(16.6545213952346,3.91831683168316,-7.43583158680846));
#2522=CARTESIAN_POINT('Ctrl Pts',(11.0843994959691,4.71039603960396,-14.484300725398));
#2523=CARTESIAN_POINT('Ctrl Pts',(2.82520474411462,5.50247524752475,-18.0188823177157));
#2524=CARTESIAN_POINT('Ctrl Pts',(-6.11949623774423,6.29455445544555,-17.1817478805209));
#2525=CARTESIAN_POINT('Ctrl Pts',(-13.5794895815267,7.08663366336633,-12.1761432010528));
#2526=CARTESIAN_POINT('Ctrl Pts',(-17.7449380143793,7.87871287128714,-4.21642120206475));
#2527=CARTESIAN_POINT('Ctrl Pts',(-17.6052210158025,8.67079207920792,4.76624812743579));
#2528=CARTESIAN_POINT('Ctrl Pts',(-13.1942496258357,9.46287128712871,12.5925687926719));
#2529=CARTESIAN_POINT('Ctrl Pts',(-5.58217681256458,10.2549504950495,17.3637630316674));
#2530=CARTESIAN_POINT('Ctrl Pts',(3.38420462957289,11.0470297029703,17.9222806674448));
#2531=CARTESIAN_POINT('Ctrl Pts',(11.5295339315854,11.8391089108911,14.1326156906952));
#2532=CARTESIAN_POINT('Ctrl Pts',(16.8776458277689,12.6311881188119,6.91419197509872));
#2533=CARTESIAN_POINT('Ctrl Pts',(18.1310182075698,13.4232673267327,-1.98170616704099));
#2534=CARTESIAN_POINT('Ctrl Pts',(14.9855661729821,14.2153465346535,-10.3968161413647));
#2535=CARTESIAN_POINT('Ctrl Pts',(8.20441801397026,15.0074257425743,-16.2895213305927));
#2536=CARTESIAN_POINT('Ctrl Pts',(-0.567230269711408,15.7995049504951,-18.2301736032541));
#2537=CARTESIAN_POINT('Ctrl Pts',(-9.20126099375232,16.5915841584158,-15.7479451367342));
#2538=CARTESIAN_POINT('Ctrl Pts',(-15.6029443503245,17.3836633663366,-9.44505730448229));
#2539=CARTESIAN_POINT('Ctrl Pts',(-18.2191474495269,18.1757425742574,-0.850673900182698));
#2540=CARTESIAN_POINT('Ctrl Pts',(-16.4151448894498,18.9678217821782,7.95009422247598));
#2541=CARTESIAN_POINT('Ctrl Pts',(-10.6286115019871,19.759900990099,14.8220645463737));
#2542=CARTESIAN_POINT('Ctrl Pts',(-2.26343666885607,20.5519801980198,18.0980063633728));
#2543=CARTESIAN_POINT('Ctrl Pts',(6.65087777719157,21.3440594059405,16.9831329463466));
#2544=CARTESIAN_POINT('Ctrl Pts',(13.9516014841577,22.1361386138614,11.7479273026436));
#2545=CARTESIAN_POINT('Ctrl Pts',(17.8674825127318,22.9282178217821,3.66251942496632));
#2546=CARTESIAN_POINT('Ctrl Pts',(17.4484764364782,23.720297029703,-5.3114640097146));
#2547=CARTESIAN_POINT('Ctrl Pts',(12.7962396603188,24.5123762376237,-12.9968161653795));
#2548=CARTESIAN_POINT('Ctrl Pts',(5.03946623473878,25.3044554455446,-17.5289691639248));
#2549=CARTESIAN_POINT('Ctrl Pts',(-3.93994821934051,26.0965346534654,-17.8083628643919));
#2550=CARTESIAN_POINT('Ctrl Pts',(-11.9634792288746,26.8886138613861,-13.7672126671019));
#2551=CARTESIAN_POINT('Ctrl Pts',(-17.0845122619325,27.6806930693069,-6.38595495229984));
#2552=CARTESIAN_POINT('Ctrl Pts',(-18.060617108076,28.4727722772277,2.54461972726806));
#2553=CARTESIAN_POINT('Ctrl Pts',(-14.6549778472399,29.2648514851485,10.8578360725253));
#2554=CARTESIAN_POINT('Ctrl Pts',(-7.69384751786553,30.0569306930693,16.5367980653076));
#2555=CARTESIAN_POINT('Ctrl Pts',(1.13391177660281,30.8490099009901,18.2037145649949));
#2556=CARTESIAN_POINT('Ctrl Pts',(9.68656910665692,31.6410891089109,15.4541696257963));
#2557=CARTESIAN_POINT('Ctrl Pts',(15.8891369106471,32.4331683168317,8.95523914340876));
#2558=CARTESIAN_POINT('Ctrl Pts',(18.2367903666616,33.2252475247525,0.283649437451457));
#2559=CARTESIAN_POINT('Ctrl Pts',(16.1599577577118,34.0173267326733,-8.45675736614783));
#2560=CARTESIAN_POINT('Ctrl Pts',(10.1625060885072,34.8094059405941,-15.1454432052014));
#2561=CARTESIAN_POINT('Ctrl Pts',(1.69949629916794,35.6014851485148,-18.1596446058297));
#2562=CARTESIAN_POINT('Ctrl Pts',(-7.17583372536317,36.3935643564357,-16.7680765213804));
#2563=CARTESIAN_POINT('Ctrl Pts',(-14.3102117685407,37.1856435643564,-11.3083517375631));
#2564=CARTESIAN_POINT('Ctrl Pts',(-17.972743544716,37.9777227722772,-3.10507155421525));
#2565=CARTESIAN_POINT('Ctrl Pts',(-17.2748505002967,38.769801980198,5.85153997451329));
#2566=CARTESIAN_POINT('Ctrl Pts',(-12.3858506999085,39.5618811881188,13.388490666259));
#2567=CARTESIAN_POINT('Ctrl Pts',(-4.49188002895231,40.3539603960396,17.6772167969516));
#2568=CARTESIAN_POINT('Ctrl Pts',(4.49188002895228,41.1460396039604,17.6772167969516));
#2569=CARTESIAN_POINT('Ctrl Pts',(12.3858506999084,41.9381188118812,13.388490666259));
#2570=CARTESIAN_POINT('Ctrl Pts',(17.2748505002967,42.730198019802,5.85153997451333));
#2571=CARTESIAN_POINT('Ctrl Pts',(17.972743544716,43.5222772277228,-3.10507155421517));
#2572=CARTESIAN_POINT('Ctrl Pts',(14.3102117685407,44.3143564356435,-11.308351737563));
#2573=CARTESIAN_POINT('Ctrl Pts',(7.17583372536324,45.1064356435644,-16.7680765213803));
#2574=CARTESIAN_POINT('Ctrl Pts',(-1.69949629916786,45.8985148514852,-18.1596446058297));
#2575=CARTESIAN_POINT('Ctrl Pts',(-10.1625060885071,46.6905940594059,-15.1454432052014));
#2576=CARTESIAN_POINT('Ctrl Pts',(-16.1599577577118,47.4826732673268,-8.4567573661479));
#2577=CARTESIAN_POINT('Ctrl Pts',(-18.2367903666616,48.2747524752475,0.283649437451377));
#2578=CARTESIAN_POINT('Ctrl Pts',(-15.8891369106471,49.0668316831683,8.95523914340867));
#2579=CARTESIAN_POINT('Ctrl Pts',(-9.68656910665702,49.8589108910892,15.4541696257963));
#2580=CARTESIAN_POINT('Ctrl Pts',(-1.13391177660288,50.6509900990098,18.2037145649949));
#2581=CARTESIAN_POINT('Ctrl Pts',(7.69384751786544,51.4430693069308,16.5367980653076));
#2582=CARTESIAN_POINT('Ctrl Pts',(14.6549778472399,52.2351485148514,10.8578360725255));
#2583=CARTESIAN_POINT('Ctrl Pts',(18.0606171080759,53.0272277227723,2.54461972726812));
#2584=CARTESIAN_POINT('Ctrl Pts',(17.0845122619326,53.8193069306931,-6.38595495229971));
#2585=CARTESIAN_POINT('Ctrl Pts',(11.9634792288745,54.6113861386138,-13.7672126671021));
#2586=CARTESIAN_POINT('Ctrl Pts',(3.93994821934076,55.4034653465347,-17.8083628643916));
#2587=CARTESIAN_POINT('Ctrl Pts',(-5.03946623473922,56.1955445544554,-17.5289691639255));
#2588=CARTESIAN_POINT('Ctrl Pts',(-12.7962396603177,56.9876237623763,-12.9968161653783));
#2589=CARTESIAN_POINT('Ctrl Pts',(-17.4484764364802,57.779702970297,-5.31146400971731));
#2590=CARTESIAN_POINT('Ctrl Pts',(-17.8674825127278,58.5717821782178,3.66251942497151));
#2591=CARTESIAN_POINT('Ctrl Pts',(-13.9516014841658,59.3638613861386,11.747927302633));
#2592=CARTESIAN_POINT('Ctrl Pts',(-6.65087777717553,60.1559405940594,16.9831329463677));
#2593=CARTESIAN_POINT('Ctrl Pts',(2.26343666882373,60.9480198019802,18.0980063633305));
#2594=CARTESIAN_POINT('Ctrl Pts',(10.6286115020517,61.7400990099009,14.8220645464585));
#2595=CARTESIAN_POINT('Ctrl Pts',(16.4151448893203,62.5321782178219,7.95009422230633));
#2596=CARTESIAN_POINT('Ctrl Pts',(18.2191474497863,63.3242574257425,-0.850673899842663));
#2597=CARTESIAN_POINT('Ctrl Pts',(15.6029443498049,64.1163366336635,-9.44505730516324));
#2598=CARTESIAN_POINT('Ctrl Pts',(9.20126099479326,64.9084158415841,-15.74794513537));
#2599=CARTESIAN_POINT('Ctrl Pts',(0.567230267626417,65.700495049505,-18.2301736059867));
#2600=CARTESIAN_POINT('Ctrl Pts',(-8.20441800979351,66.4925742574258,-16.2895213251189));
#2601=CARTESIAN_POINT('Ctrl Pts',(-14.9855661813487,67.2846534653465,-10.3968161523298));
#2602=CARTESIAN_POINT('Ctrl Pts',(-18.1310181908103,68.0767326732673,-1.98170614507641));
#2603=CARTESIAN_POINT('Ctrl Pts',(-16.8776458613409,68.8688118811881,6.91419193110011));
#2604=CARTESIAN_POINT('Ctrl Pts',(-11.5295338643357,69.6608910891089,14.132615778831));
#2605=CARTESIAN_POINT('Ctrl Pts',(-3.38420476428469,70.4529702970297,17.9222804908951));
#2606=CARTESIAN_POINT('Ctrl Pts',(5.58217708241283,71.2450495049505,17.3637633853238));
#2607=CARTESIAN_POINT('Ctrl Pts',(13.1942490852877,72.0371287128713,12.5925680842436));
#2608=CARTESIAN_POINT('Ctrl Pts',(17.6052220986035,72.8292079207921,4.76624954652726));
#2609=CARTESIAN_POINT('Ctrl Pts',(17.7449358453615,73.6212871287129,-4.21642404472426));
#2610=CARTESIAN_POINT('Ctrl Pts',(13.5794939264049,74.4133663366336,-12.1761375067654));
#2611=CARTESIAN_POINT('Ctrl Pts',(6.11948753427856,75.2054455445545,-17.1817592870677));
#2612=CARTESIAN_POINT('Ctrl Pts',(-2.82518730968428,75.9975247524752,-18.0188594685159));
#2613=CARTESIAN_POINT('Ctrl Pts',(-11.0844344204061,76.7896039603961,-14.4843464975346));
#2614=CARTESIAN_POINT('Ctrl Pts',(-16.6544514284037,77.5816831683168,-7.43573987575331));
#2615=CARTESIAN_POINT('Ctrl Pts',(-18.1838786844183,78.3737623762377,1.41687539017578));
#2616=CARTESIAN_POINT('Ctrl Pts',(-15.3016569480045,79.1658415841584,9.92573798397436));
#2617=CARTESIAN_POINT('Ctrl Pts',(-8.70705125717113,79.9579207920793,16.0264855250901));
#2618=CARTESIAN_POINT('Ctrl Pts',(-7.35840936482304E-14,80.75,18.2389961313918));
#2619=CARTESIAN_POINT('Ctrl Pts',(8.70705125717098,81.5420792079208,16.0264855250902));
#2620=CARTESIAN_POINT('Ctrl Pts',(15.3016569480044,82.3341584158416,9.92573798397451));
#2621=CARTESIAN_POINT('Ctrl Pts',(18.1838786844183,83.1262376237624,1.41687539017589));
#2622=CARTESIAN_POINT('Ctrl Pts',(16.6544514284037,83.9183168316831,-7.43573987575324));
#2623=CARTESIAN_POINT('Ctrl Pts',(11.0844344204062,84.710396039604,-14.4843464975346));
#2624=CARTESIAN_POINT('Ctrl Pts',(2.82518730968438,85.5024752475247,-18.0188594685159));
#2625=CARTESIAN_POINT('Ctrl Pts',(-6.11948753427837,86.2945544554456,-17.1817592870677));
#2626=CARTESIAN_POINT('Ctrl Pts',(-13.5794939264047,87.0866336633663,-12.1761375067656));
#2627=CARTESIAN_POINT('Ctrl Pts',(-17.7449358453615,87.8787128712872,-4.21642404472446));
#2628=CARTESIAN_POINT('Ctrl Pts',(-17.6052220986035,88.6707920792078,4.76624954652715));
#2629=CARTESIAN_POINT('Ctrl Pts',(-13.1942490852878,89.4628712871287,12.5925680842435));
#2630=CARTESIAN_POINT('Ctrl Pts',(-5.58217708241294,90.2549504950495,17.3637633853238));
#2631=CARTESIAN_POINT('Ctrl Pts',(3.38420476428449,91.0470297029704,17.9222804908951));
#2632=CARTESIAN_POINT('Ctrl Pts',(11.5295338643355,91.839108910891,14.1326157788312));
#2633=CARTESIAN_POINT('Ctrl Pts',(16.8776458613408,92.6311881188119,6.91419193110032));
#2634=CARTESIAN_POINT('Ctrl Pts',(18.1310181908103,93.4232673267327,-1.98170614507631));
#2635=CARTESIAN_POINT('Ctrl Pts',(14.9855661813487,94.2153465346534,-10.3968161523297));
#2636=CARTESIAN_POINT('Ctrl Pts',(8.20441800979357,95.0074257425743,-16.2895213251189));
#2637=CARTESIAN_POINT('Ctrl Pts',(-0.567230267626302,95.799504950495,-18.2301736059867));
#2638=CARTESIAN_POINT('Ctrl Pts',(-9.20126099479312,96.5915841584159,-15.7479451353701));
#2639=CARTESIAN_POINT('Ctrl Pts',(-15.6029443498049,97.3836633663366,-9.44505730516337));
#2640=CARTESIAN_POINT('Ctrl Pts',(-18.2191474497862,98.1757425742574,-0.850673899842817));
#2641=CARTESIAN_POINT('Ctrl Pts',(-16.4151448893204,98.9678217821783,7.95009422230618));
#2642=CARTESIAN_POINT('Ctrl Pts',(-10.6286115020518,99.759900990099,14.8220645464584));
#2643=CARTESIAN_POINT('Ctrl Pts',(-2.26343666882389,100.55198019802,18.0980063633305));
#2644=CARTESIAN_POINT('Ctrl Pts',(6.65087777717538,101.344059405941,16.9831329463677));
#2645=CARTESIAN_POINT('Ctrl Pts',(13.9516014841657,102.136138613861,11.7479273026331));
#2646=CARTESIAN_POINT('Ctrl Pts',(17.8674825127278,102.928217821782,3.66251942497162));
#2647=CARTESIAN_POINT('Ctrl Pts',(17.4484764364802,103.720297029703,-5.31146400971716));
#2648=CARTESIAN_POINT('Ctrl Pts',(12.7962396603179,104.512376237624,-12.9968161653781));
#2649=CARTESIAN_POINT('Ctrl Pts',(5.03946623473943,105.304455445545,-17.5289691639254));
#2650=CARTESIAN_POINT('Ctrl Pts',(-3.93994821934066,106.096534653465,-17.8083628643916));
#2651=CARTESIAN_POINT('Ctrl Pts',(-11.9634792288744,106.888613861386,-13.7672126671021));
#2652=CARTESIAN_POINT('Ctrl Pts',(-17.0845122619326,107.680693069307,-6.38595495229977));
#2653=CARTESIAN_POINT('Ctrl Pts',(-18.0606171080759,108.472772277228,2.54461972726805));
#2654=CARTESIAN_POINT('Ctrl Pts',(-14.6549778472399,109.264851485148,10.8578360725254));
#2655=CARTESIAN_POINT('Ctrl Pts',(-7.69384751786557,110.056930693069,16.5367980653076));
#2656=CARTESIAN_POINT('Ctrl Pts',(1.1339117766027,110.84900990099,18.2037145649949));
#2657=CARTESIAN_POINT('Ctrl Pts',(9.68656910665683,111.641089108911,15.4541696257964));
#2658=CARTESIAN_POINT('Ctrl Pts',(15.889136910647,112.433168316832,8.95523914340887));
#2659=CARTESIAN_POINT('Ctrl Pts',(18.2367903666616,113.225247524753,0.283649437451646));
#2660=CARTESIAN_POINT('Ctrl Pts',(16.1599577577119,114.017326732673,-8.45675736614771));
#2661=CARTESIAN_POINT('Ctrl Pts',(10.1625060885073,114.809405940594,-15.1454432052013));
#2662=CARTESIAN_POINT('Ctrl Pts',(1.699496299168,115.601485148515,-18.1596446058298));
#2663=CARTESIAN_POINT('Ctrl Pts',(-7.17583372536316,116.393564356436,-16.7680765213804));
#2664=CARTESIAN_POINT('Ctrl Pts',(-14.3102117685406,117.185643564356,-11.3083517375632));
#2665=CARTESIAN_POINT('Ctrl Pts',(-17.9727435447159,117.977722772277,-3.10507155421535));
#2666=CARTESIAN_POINT('Ctrl Pts',(-17.2748505002967,118.769801980198,5.85153997451315));
#2667=CARTESIAN_POINT('Ctrl Pts',(-12.3858506999086,119.561881188119,13.3884906662589));
#2668=CARTESIAN_POINT('Ctrl Pts',(-4.49188002895236,120.35396039604,17.6772167969516));
#2669=CARTESIAN_POINT('Ctrl Pts',(4.49188002895218,121.14603960396,17.6772167969516));
#2670=CARTESIAN_POINT('Ctrl Pts',(12.3858506999083,121.938118811881,13.3884906662591));
#2671=CARTESIAN_POINT('Ctrl Pts',(17.2748505002966,122.730198019802,5.85153997451349));
#2672=CARTESIAN_POINT('Ctrl Pts',(17.972743544716,123.522277227723,-3.10507155421507));
#2673=CARTESIAN_POINT('Ctrl Pts',(14.3102117685408,124.314356435644,-11.308351737563));
#2674=CARTESIAN_POINT('Ctrl Pts',(7.17583372536326,125.106435643564,-16.7680765213803));
#2675=CARTESIAN_POINT('Ctrl Pts',(-1.6994962991679,125.898514851485,-18.1596446058298));
#2676=CARTESIAN_POINT('Ctrl Pts',(-10.1625060885071,126.690594059406,-15.1454432052014));
#2677=CARTESIAN_POINT('Ctrl Pts',(-16.1599577577118,127.482673267327,-8.45675736614794));
#2678=CARTESIAN_POINT('Ctrl Pts',(-18.2367903666616,128.274752475248,0.283649437451273));
#2679=CARTESIAN_POINT('Ctrl Pts',(-15.8891369106471,129.066831683168,8.95523914340865));
#2680=CARTESIAN_POINT('Ctrl Pts',(-9.68656910665699,129.858910891089,15.4541696257963));
#2681=CARTESIAN_POINT('Ctrl Pts',(-1.1339117766029,130.65099009901,18.2037145649949));
#2682=CARTESIAN_POINT('Ctrl Pts',(7.6938475178654,131.44306930693,16.5367980653077));
#2683=CARTESIAN_POINT('Ctrl Pts',(14.6549778472398,132.235148514852,10.8578360725255));
#2684=CARTESIAN_POINT('Ctrl Pts',(18.060617108076,133.027227722772,2.54461972726819));
#2685=CARTESIAN_POINT('Ctrl Pts',(17.0845122619326,133.819306930693,-6.38595495229975));
#2686=CARTESIAN_POINT('Ctrl Pts',(11.9634792288747,134.611386138614,-13.7672126671018));
#2687=CARTESIAN_POINT('Ctrl Pts',(3.93994821934068,135.403465346535,-17.8083628643918));
#2688=CARTESIAN_POINT('Ctrl Pts',(-5.03946623473858,136.195544554455,-17.5289691639249));
#2689=CARTESIAN_POINT('Ctrl Pts',(-12.7962396603187,136.987623762376,-12.9968161653797));
#2690=CARTESIAN_POINT('Ctrl Pts',(-17.4484764364782,137.779702970297,-5.31146400971472));
#2691=CARTESIAN_POINT('Ctrl Pts',(-17.8674825127318,138.571782178218,3.66251942496616));
#2692=CARTESIAN_POINT('Ctrl Pts',(-13.9516014841578,139.363861386139,11.7479273026434));
#2693=CARTESIAN_POINT('Ctrl Pts',(-6.65087777719181,140.155940594059,16.9831329463465));
#2694=CARTESIAN_POINT('Ctrl Pts',(2.26343666885589,140.94801980198,18.0980063633728));
#2695=CARTESIAN_POINT('Ctrl Pts',(10.628611501987,141.740099009901,14.8220645463738));
#2696=CARTESIAN_POINT('Ctrl Pts',(16.4151448894498,142.532178217822,7.95009422247608));
#2697=CARTESIAN_POINT('Ctrl Pts',(18.2191474495269,143.324257425743,-0.850673900182646));
#2698=CARTESIAN_POINT('Ctrl Pts',(15.6029443503246,144.116336633663,-9.44505730448218));
#2699=CARTESIAN_POINT('Ctrl Pts',(9.20126099375243,144.908415841584,-15.7479451367341));
#2700=CARTESIAN_POINT('Ctrl Pts',(0.567230269711606,145.700495049505,-18.2301736032541));
#2701=CARTESIAN_POINT('Ctrl Pts',(-8.20441801397015,146.492574257426,-16.2895213305928));
#2702=CARTESIAN_POINT('Ctrl Pts',(-14.9855661729821,147.284653465346,-10.3968161413648));
#2703=CARTESIAN_POINT('Ctrl Pts',(-18.1310182075698,148.076732673268,-1.9817061670411));
#2704=CARTESIAN_POINT('Ctrl Pts',(-16.8776458277689,148.868811881188,6.91419197509856));
#2705=CARTESIAN_POINT('Ctrl Pts',(-11.5295339315855,149.660891089109,14.1326156906951));
#2706=CARTESIAN_POINT('Ctrl Pts',(-3.38420462957304,150.45297029703,17.9222806674448));
#2707=CARTESIAN_POINT('Ctrl Pts',(5.58217681256447,151.24504950495,17.3637630316675));
#2708=CARTESIAN_POINT('Ctrl Pts',(13.1942496258356,152.037128712871,12.5925687926719));
#2709=CARTESIAN_POINT('Ctrl Pts',(17.6052210158025,152.829207920792,4.7662481274358));
#2710=CARTESIAN_POINT('Ctrl Pts',(17.7449380143793,153.621287128713,-4.21642120206468));
#2711=CARTESIAN_POINT('Ctrl Pts',(13.5794895815267,154.413366336634,-12.1761432010527));
#2712=CARTESIAN_POINT('Ctrl Pts',(6.11949623774436,155.205445544554,-17.1817478805209));
#2713=CARTESIAN_POINT('Ctrl Pts',(-2.82520474411446,155.997524752475,-18.0188823177157));
#2714=CARTESIAN_POINT('Ctrl Pts',(-11.0843994959689,156.789603960396,-14.4843007253981));
#2715=CARTESIAN_POINT('Ctrl Pts',(-16.6545213952346,157.581683168317,-7.43583158680871));
#2716=CARTESIAN_POINT('Ctrl Pts',(-18.1837384256454,158.373762376237,1.41705939852143));
#2717=CARTESIAN_POINT('Ctrl Pts',(-15.3019393277184,159.165841584159,9.92536519664038));
#2718=CARTESIAN_POINT('Ctrl Pts',(-8.70646720376155,159.957920792079,16.0272797276792));
#2719=CARTESIAN_POINT('Ctrl Pts',(-2.90312192410946,160.48597359736,17.5));
#2720=CARTESIAN_POINT('Ctrl Pts',(-6.85802207522518E-14,160.75,17.5));
#2721=CARTESIAN_POINT('Ctrl Pts',(0.,0.5,12.5));
#2722=CARTESIAN_POINT('Ctrl Pts',(2.07365851722098,0.764026402640264,12.5));
#2723=CARTESIAN_POINT('Ctrl Pts',(6.21890514554389,1.29207920792079,11.4480569483423));
#2724=CARTESIAN_POINT('Ctrl Pts',(10.9299566626559,2.08415841584158,7.08954656902894));
#2725=CARTESIAN_POINT('Ctrl Pts',(12.9883845897467,2.87623762376238,1.01218528465831));
#2726=CARTESIAN_POINT('Ctrl Pts',(11.8960867108819,3.66831683168316,-5.31130827629176));
#2727=CARTESIAN_POINT('Ctrl Pts',(7.91742821140649,4.46039603960397,-10.34592908957));
#2728=CARTESIAN_POINT('Ctrl Pts',(2.0180033886533,5.25247524752475,-12.8706302269398));
#2729=CARTESIAN_POINT('Ctrl Pts',(-4.37106874124587,6.04455445544554,-12.2726770575149));
#2730=CARTESIAN_POINT('Ctrl Pts',(-9.69963541537619,6.83663366336634,-8.69724514360912));
#2731=CARTESIAN_POINT('Ctrl Pts',(-12.6749557245567,7.62871287128713,-3.01172943004625));
#2732=CARTESIAN_POINT('Ctrl Pts',(-12.5751578684303,8.42079207920793,3.40446294816841));
#2733=CARTESIAN_POINT('Ctrl Pts',(-9.42446401845404,9.2128712871287,8.99469199476564));
#2734=CARTESIAN_POINT('Ctrl Pts',(-3.98726915183184,10.0049504950495,12.4026878797624));
#2735=CARTESIAN_POINT('Ctrl Pts',(2.41728902112349,10.7970297029703,12.8016290481749));
#2736=CARTESIAN_POINT('Ctrl Pts',(8.23538137970384,11.5891089108911,10.0947254933537));
#2737=CARTESIAN_POINT('Ctrl Pts',(12.0554613055492,12.3811881188119,4.93870855364194));
#2738=CARTESIAN_POINT('Ctrl Pts',(12.9507272911213,13.1732673267327,-1.41550440502928));
#2739=CARTESIAN_POINT('Ctrl Pts',(10.7039758378444,13.9653465346535,-7.42629724383195));
#2740=CARTESIAN_POINT('Ctrl Pts',(5.86029858140733,14.7574257425743,-11.6353723789948));
#2741=CARTESIAN_POINT('Ctrl Pts',(-0.405164478365292,15.5495049504951,-13.0215525737529));
#2742=CARTESIAN_POINT('Ctrl Pts',(-6.57232928125165,16.3415841584158,-11.2485322405244));
#2743=CARTESIAN_POINT('Ctrl Pts',(-11.1449602502318,17.1336633663366,-6.74646950320164));
#2744=CARTESIAN_POINT('Ctrl Pts',(-13.013676749662,17.9257425742574,-0.607624214416205));
#2745=CARTESIAN_POINT('Ctrl Pts',(-11.7251034924642,18.7178217821782,5.67863873033998));
#2746=CARTESIAN_POINT('Ctrl Pts',(-7.59186535856223,19.509900990099,10.5871889616955));
#2747=CARTESIAN_POINT('Ctrl Pts',(-1.61674047775434,20.3019801980198,12.9271474024091));
#2748=CARTESIAN_POINT('Ctrl Pts',(4.75062698370827,21.0940594059406,12.1308092473904));
#2749=CARTESIAN_POINT('Ctrl Pts',(9.96542963154124,21.8861386138614,8.3913766447454));
#2750=CARTESIAN_POINT('Ctrl Pts',(12.7624875090941,22.6782178217822,2.61608530354737));
#2751=CARTESIAN_POINT('Ctrl Pts',(12.4631974546273,23.470297029703,-3.79390286408186));
#2752=CARTESIAN_POINT('Ctrl Pts',(9.14017118594198,24.2623762376237,-9.28344011812824));
#2753=CARTESIAN_POINT('Ctrl Pts',(3.59961873909913,25.0544554455446,-12.5206922599463));
#2754=CARTESIAN_POINT('Ctrl Pts',(-2.81424872810036,25.8465346534653,-12.7202591888513));
#2755=CARTESIAN_POINT('Ctrl Pts',(-8.54534230633898,26.6386138613861,-9.83372333364424));
#2756=CARTESIAN_POINT('Ctrl Pts',(-12.2032230442375,27.4306930693069,-4.56139639449988));
#2757=CARTESIAN_POINT('Ctrl Pts',(-12.9004407914828,28.2227722772277,1.81758551947719));
#2758=CARTESIAN_POINT('Ctrl Pts',(-10.4678413194571,29.0148514851485,7.75559719466097));
#2759=CARTESIAN_POINT('Ctrl Pts',(-5.49560536990395,29.8069306930693,11.8119986180769));
#2760=CARTESIAN_POINT('Ctrl Pts',(0.809936983287715,30.5990099009901,13.0026532607106));
#2761=CARTESIAN_POINT('Ctrl Pts',(6.91897793332638,31.3910891089109,11.0386925898545));
#2762=CARTESIAN_POINT('Ctrl Pts',(11.349383507605,32.1831683168317,6.39659938814911));
#2763=CARTESIAN_POINT('Ctrl Pts',(13.0262788333297,32.9752475247525,0.202606741036756));
#2764=CARTESIAN_POINT('Ctrl Pts',(11.5428269697942,33.7673267326733,-6.04054097581988));
#2765=CARTESIAN_POINT('Ctrl Pts',(7.25893292036227,34.559405940594,-10.818173718001));
#2766=CARTESIAN_POINT('Ctrl Pts',(1.2139259279771,35.3514851485149,-12.9711747184498));
#2767=CARTESIAN_POINT('Ctrl Pts',(-5.12559551811655,36.1435643564357,-11.9771975152717));
#2768=CARTESIAN_POINT('Ctrl Pts',(-10.2215798346719,36.9356435643564,-8.07739409825936));
#2769=CARTESIAN_POINT('Ctrl Pts',(-12.8376739605114,37.7277227722772,-2.21790825301089));
#2770=CARTESIAN_POINT('Ctrl Pts',(-12.3391789287833,38.519801980198,4.17967141036663));
#2771=CARTESIAN_POINT('Ctrl Pts',(-8.84703621422033,39.3118811881188,9.5632076187564));
#2772=CARTESIAN_POINT('Ctrl Pts',(-3.20848573496594,40.1039603960396,12.626583426394));
#2773=CARTESIAN_POINT('Ctrl Pts',(3.20848573496591,40.8960396039604,12.626583426394));
#2774=CARTESIAN_POINT('Ctrl Pts',(8.84703621422031,41.6881188118812,9.56320761875642));
#2775=CARTESIAN_POINT('Ctrl Pts',(12.3391789287833,42.4801980198019,4.17967141036667));
#2776=CARTESIAN_POINT('Ctrl Pts',(12.8376739605114,43.2722772277228,-2.21790825301083));
#2777=CARTESIAN_POINT('Ctrl Pts',(10.221579834672,44.0643564356435,-8.07739409825933));
#2778=CARTESIAN_POINT('Ctrl Pts',(5.1255955181166,44.8564356435644,-11.9771975152717));
#2779=CARTESIAN_POINT('Ctrl Pts',(-1.21392592797705,45.6485148514851,-12.9711747184498));
#2780=CARTESIAN_POINT('Ctrl Pts',(-7.25893292036222,46.440594059406,-10.818173718001));
#2781=CARTESIAN_POINT('Ctrl Pts',(-11.5428269697942,47.2326732673267,-6.04054097581994));
#2782=CARTESIAN_POINT('Ctrl Pts',(-13.0262788333297,48.0247524752475,0.202606741036702));
#2783=CARTESIAN_POINT('Ctrl Pts',(-11.3493835076051,48.8168316831683,6.39659938814905));
#2784=CARTESIAN_POINT('Ctrl Pts',(-6.91897793332644,49.6089108910891,11.0386925898545));
#2785=CARTESIAN_POINT('Ctrl Pts',(-0.80993698328777,50.4009900990099,13.0026532607106));
#2786=CARTESIAN_POINT('Ctrl Pts',(5.49560536990388,51.1930693069307,11.8119986180769));
#2787=CARTESIAN_POINT('Ctrl Pts',(10.4678413194571,51.9851485148515,7.75559719466103));
#2788=CARTESIAN_POINT('Ctrl Pts',(12.9004407914828,52.7772277227722,1.81758551947723));
#2789=CARTESIAN_POINT('Ctrl Pts',(12.2032230442376,53.5693069306931,-4.56139639449979));
#2790=CARTESIAN_POINT('Ctrl Pts',(8.54534230633891,54.3613861386138,-9.83372333364436));
#2791=CARTESIAN_POINT('Ctrl Pts',(2.81424872810055,55.1534653465347,-12.7202591888511));
#2792=CARTESIAN_POINT('Ctrl Pts',(-3.59961873909945,55.9455445544555,-12.5206922599468));
#2793=CARTESIAN_POINT('Ctrl Pts',(-9.14017118594121,56.7376237623762,-9.28344011812736));
#2794=CARTESIAN_POINT('Ctrl Pts',(-12.4631974546287,57.5297029702971,-3.7939028640838));
#2795=CARTESIAN_POINT('Ctrl Pts',(-12.7624875090913,58.3217821782178,2.61608530355108));
#2796=CARTESIAN_POINT('Ctrl Pts',(-9.96542963154702,59.1138613861386,8.39137664473783));
#2797=CARTESIAN_POINT('Ctrl Pts',(-4.75062698369681,59.9059405940594,12.1308092474055));
#2798=CARTESIAN_POINT('Ctrl Pts',(1.61674047773124,60.6980198019802,12.9271474023789));
#2799=CARTESIAN_POINT('Ctrl Pts',(7.59186535860836,61.490099009901,10.587188961756));
#2800=CARTESIAN_POINT('Ctrl Pts',(11.7251034923717,62.2821782178218,5.67863873021881));
#2801=CARTESIAN_POINT('Ctrl Pts',(13.0136767498473,63.0742574257426,-0.607624214173335));
#2802=CARTESIAN_POINT('Ctrl Pts',(11.1449602498607,63.8663366336634,-6.74646950368803));
#2803=CARTESIAN_POINT('Ctrl Pts',(6.57232928199518,64.6584158415842,-11.24853223955));
#2804=CARTESIAN_POINT('Ctrl Pts',(0.405164476876015,65.450495049505,-13.0215525757048));
#2805=CARTESIAN_POINT('Ctrl Pts',(-5.86029857842394,66.2425742574258,-11.6353723750849));
#2806=CARTESIAN_POINT('Ctrl Pts',(-10.7039758438205,67.0346534653465,-7.42629725166413));
#2807=CARTESIAN_POINT('Ctrl Pts',(-12.9507272791502,67.8267326732674,-1.41550438934029));
#2808=CARTESIAN_POINT('Ctrl Pts',(-12.0554613295292,68.6188118811881,4.93870852221436));
#2809=CARTESIAN_POINT('Ctrl Pts',(-8.23538133166835,69.4108910891089,10.0947255563079));
#2810=CARTESIAN_POINT('Ctrl Pts',(-2.41728911734621,70.2029702970297,12.8016289220679));
#2811=CARTESIAN_POINT('Ctrl Pts',(3.98726934458059,70.9950495049505,12.4026881323742));
#2812=CARTESIAN_POINT('Ctrl Pts',(9.4244636323484,71.7871287128713,8.99469148874542));
#2813=CARTESIAN_POINT('Ctrl Pts',(12.5751586418596,72.5792079207921,3.40446396180518));
#2814=CARTESIAN_POINT('Ctrl Pts',(12.6749541752583,73.3712871287129,-3.01173146051733));
#2815=CARTESIAN_POINT('Ctrl Pts',(9.69963851886062,74.1633663366337,-8.69724107626102));
#2816=CARTESIAN_POINT('Ctrl Pts',(4.37106252448469,74.9554455445544,-12.2726852050483));
#2817=CARTESIAN_POINT('Ctrl Pts',(-2.01799093548877,75.7475247524752,-12.8706139060828));
#2818=CARTESIAN_POINT('Ctrl Pts',(-7.91745315743295,76.5396039603961,-10.3459617839533));
#2819=CARTESIAN_POINT('Ctrl Pts',(-11.8960367345741,77.3316831683168,-5.31124276839522));
#2820=CARTESIAN_POINT('Ctrl Pts',(-12.9884847745845,78.1237623762377,1.01205385012556));
#2821=CARTESIAN_POINT('Ctrl Pts',(-10.9297549628604,78.9158415841584,7.08981284569597));
#2822=CARTESIAN_POINT('Ctrl Pts',(-6.21932232655079,79.7079207920793,11.4474896607786));
#2823=CARTESIAN_POINT('Ctrl Pts',(-5.99803116292298E-14,80.4999999999998,
13.0278543795656));
#2824=CARTESIAN_POINT('Ctrl Pts',(6.2193223265507,81.2920792079209,11.4474896607787));
#2825=CARTESIAN_POINT('Ctrl Pts',(10.9297549628603,82.0841584158414,7.08981284569608));
#2826=CARTESIAN_POINT('Ctrl Pts',(12.9884847745845,82.8762376237624,1.01205385012564));
#2827=CARTESIAN_POINT('Ctrl Pts',(11.8960367345741,83.6683168316831,-5.31124276839517));
#2828=CARTESIAN_POINT('Ctrl Pts',(7.917453157433,84.460396039604,-10.3459617839533));
#2829=CARTESIAN_POINT('Ctrl Pts',(2.01799093548884,85.2524752475247,-12.8706139060828));
#2830=CARTESIAN_POINT('Ctrl Pts',(-4.37106252448454,86.0445544554455,-12.2726852050484));
#2831=CARTESIAN_POINT('Ctrl Pts',(-9.69963851886051,86.8366336633663,-8.69724107626116));
#2832=CARTESIAN_POINT('Ctrl Pts',(-12.6749541752582,87.6287128712872,-3.01173146051747));
#2833=CARTESIAN_POINT('Ctrl Pts',(-12.5751586418596,88.4207920792077,3.4044639618051));
#2834=CARTESIAN_POINT('Ctrl Pts',(-9.42446363234843,89.2128712871289,8.99469148874539));
#2835=CARTESIAN_POINT('Ctrl Pts',(-3.98726934458066,90.0049504950494,12.4026881323741));
#2836=CARTESIAN_POINT('Ctrl Pts',(2.41728911734606,90.7970297029703,12.801628922068));
#2837=CARTESIAN_POINT('Ctrl Pts',(8.23538133166821,91.5891089108911,10.094725556308));
#2838=CARTESIAN_POINT('Ctrl Pts',(12.0554613295291,92.3811881188119,4.93870852221451));
#2839=CARTESIAN_POINT('Ctrl Pts',(12.9507272791502,93.1732673267326,-1.41550438934021));
#2840=CARTESIAN_POINT('Ctrl Pts',(10.7039758438205,93.9653465346534,-7.42629725166408));
#2841=CARTESIAN_POINT('Ctrl Pts',(5.86029857842397,94.7574257425742,-11.6353723750849));
#2842=CARTESIAN_POINT('Ctrl Pts',(-0.405164476875926,95.549504950495,-13.0215525757048));
#2843=CARTESIAN_POINT('Ctrl Pts',(-6.57232928199509,96.3415841584158,-11.24853223955));
#2844=CARTESIAN_POINT('Ctrl Pts',(-11.1449602498606,97.1336633663366,-6.74646950368813));
#2845=CARTESIAN_POINT('Ctrl Pts',(-13.0136767498473,97.9257425742574,-0.607624214173439));
#2846=CARTESIAN_POINT('Ctrl Pts',(-11.7251034923717,98.7178217821783,5.6786387302187));
#2847=CARTESIAN_POINT('Ctrl Pts',(-7.59186535860846,99.509900990099,10.587188961756));
#2848=CARTESIAN_POINT('Ctrl Pts',(-1.61674047773135,100.30198019802,12.9271474023789));
#2849=CARTESIAN_POINT('Ctrl Pts',(4.7506269836967,101.094059405941,12.1308092474055));
#2850=CARTESIAN_POINT('Ctrl Pts',(9.96542963154695,101.886138613861,8.39137664473792));
#2851=CARTESIAN_POINT('Ctrl Pts',(12.7624875090913,102.678217821782,2.61608530355116));
#2852=CARTESIAN_POINT('Ctrl Pts',(12.4631974546287,103.470297029703,-3.79390286408368));
#2853=CARTESIAN_POINT('Ctrl Pts',(9.14017118594133,104.262376237624,-9.28344011812725));
#2854=CARTESIAN_POINT('Ctrl Pts',(3.59961873909959,105.054455445545,-12.5206922599467));
#2855=CARTESIAN_POINT('Ctrl Pts',(-2.81424872810047,105.846534653465,-12.7202591888511));
#2856=CARTESIAN_POINT('Ctrl Pts',(-8.54534230633887,106.638613861386,-9.83372333364438));
#2857=CARTESIAN_POINT('Ctrl Pts',(-12.2032230442376,107.430693069307,-4.56139639449985));
#2858=CARTESIAN_POINT('Ctrl Pts',(-12.9004407914828,108.222772277228,1.81758551947719));
#2859=CARTESIAN_POINT('Ctrl Pts',(-10.4678413194571,109.014851485149,7.75559719466096));
#2860=CARTESIAN_POINT('Ctrl Pts',(-5.49560536990398,109.806930693069,11.8119986180768));
#2861=CARTESIAN_POINT('Ctrl Pts',(0.809936983287642,110.59900990099,13.0026532607107));
#2862=CARTESIAN_POINT('Ctrl Pts',(6.9189779333263,111.391089108911,11.0386925898546));
#2863=CARTESIAN_POINT('Ctrl Pts',(11.349383507605,112.183168316832,6.3965993881492));
#2864=CARTESIAN_POINT('Ctrl Pts',(13.0262788333297,112.975247524752,0.202606741036889));
#2865=CARTESIAN_POINT('Ctrl Pts',(11.5428269697942,113.767326732673,-6.04054097581979));
#2866=CARTESIAN_POINT('Ctrl Pts',(7.25893292036233,114.559405940594,-10.818173718001));
#2867=CARTESIAN_POINT('Ctrl Pts',(1.21392592797714,115.351485148515,-12.9711747184498));
#2868=CARTESIAN_POINT('Ctrl Pts',(-5.12559551811654,116.143564356436,-11.9771975152717));
#2869=CARTESIAN_POINT('Ctrl Pts',(-10.2215798346719,116.935643564356,-8.07739409825938));
#2870=CARTESIAN_POINT('Ctrl Pts',(-12.8376739605114,117.727722772277,-2.21790825301096));
#2871=CARTESIAN_POINT('Ctrl Pts',(-12.3391789287834,118.519801980198,4.17967141036653));
#2872=CARTESIAN_POINT('Ctrl Pts',(-8.84703621422039,119.311881188119,9.56320761875636));
#2873=CARTESIAN_POINT('Ctrl Pts',(-3.20848573496597,120.10396039604,12.626583426394));
#2874=CARTESIAN_POINT('Ctrl Pts',(3.20848573496584,120.89603960396,12.626583426394));
#2875=CARTESIAN_POINT('Ctrl Pts',(8.84703621422023,121.688118811881,9.56320761875649));
#2876=CARTESIAN_POINT('Ctrl Pts',(12.3391789287833,122.480198019802,4.17967141036678));
#2877=CARTESIAN_POINT('Ctrl Pts',(12.8376739605114,123.272277227723,-2.21790825301077));
#2878=CARTESIAN_POINT('Ctrl Pts',(10.221579834672,124.064356435644,-8.07739409825929));
#2879=CARTESIAN_POINT('Ctrl Pts',(5.12559551811661,124.856435643564,-11.9771975152717));
#2880=CARTESIAN_POINT('Ctrl Pts',(-1.21392592797706,125.648514851485,-12.9711747184498));
#2881=CARTESIAN_POINT('Ctrl Pts',(-7.25893292036222,126.440594059406,-10.818173718001));
#2882=CARTESIAN_POINT('Ctrl Pts',(-11.5428269697941,127.232673267327,-6.04054097581997));
#2883=CARTESIAN_POINT('Ctrl Pts',(-13.0262788333297,128.024752475248,0.202606741036626));
#2884=CARTESIAN_POINT('Ctrl Pts',(-11.3493835076051,128.816831683168,6.39659938814904));
#2885=CARTESIAN_POINT('Ctrl Pts',(-6.91897793332643,129.608910891089,11.0386925898545));
#2886=CARTESIAN_POINT('Ctrl Pts',(-0.809936983287778,130.40099009901,13.0026532607106));
#2887=CARTESIAN_POINT('Ctrl Pts',(5.49560536990385,131.193069306931,11.8119986180769));
#2888=CARTESIAN_POINT('Ctrl Pts',(10.467841319457,131.985148514851,7.75559719466108));
#2889=CARTESIAN_POINT('Ctrl Pts',(12.9004407914828,132.777227722772,1.81758551947728));
#2890=CARTESIAN_POINT('Ctrl Pts',(12.2032230442375,133.569306930693,-4.56139639449983));
#2891=CARTESIAN_POINT('Ctrl Pts',(8.54534230633906,134.361386138614,-9.83372333364417));
#2892=CARTESIAN_POINT('Ctrl Pts',(2.81424872810048,135.153465346535,-12.7202591888513));
#2893=CARTESIAN_POINT('Ctrl Pts',(-3.59961873909898,135.945544554455,-12.5206922599463));
#2894=CARTESIAN_POINT('Ctrl Pts',(-9.14017118594191,136.737623762376,-9.28344011812834));
#2895=CARTESIAN_POINT('Ctrl Pts',(-12.4631974546273,137.529702970297,-3.79390286408194));
#2896=CARTESIAN_POINT('Ctrl Pts',(-12.7624875090941,138.321782178218,2.61608530354726));
#2897=CARTESIAN_POINT('Ctrl Pts',(-9.96542963154131,139.113861386139,8.39137664474528));
#2898=CARTESIAN_POINT('Ctrl Pts',(-4.75062698370844,139.905940594059,12.1308092473904));
#2899=CARTESIAN_POINT('Ctrl Pts',(1.61674047775421,140.69801980198,12.9271474024091));
#2900=CARTESIAN_POINT('Ctrl Pts',(7.59186535856214,141.490099009901,10.5871889616956));
#2901=CARTESIAN_POINT('Ctrl Pts',(11.7251034924641,142.282178217822,5.67863873034006));
#2902=CARTESIAN_POINT('Ctrl Pts',(13.013676749662,143.074257425743,-0.607624214416174));
#2903=CARTESIAN_POINT('Ctrl Pts',(11.1449602502318,143.866336633663,-6.74646950320156));
#2904=CARTESIAN_POINT('Ctrl Pts',(6.57232928125173,144.658415841584,-11.2485322405244));
#2905=CARTESIAN_POINT('Ctrl Pts',(0.405164478365432,145.450495049505,-13.0215525737529));
#2906=CARTESIAN_POINT('Ctrl Pts',(-5.86029858140724,146.242574257426,-11.6353723789949));
#2907=CARTESIAN_POINT('Ctrl Pts',(-10.7039758378444,147.034653465346,-7.426297243832));
#2908=CARTESIAN_POINT('Ctrl Pts',(-12.9507272911213,147.826732673267,-1.41550440502936));
#2909=CARTESIAN_POINT('Ctrl Pts',(-12.0554613055493,148.618811881188,4.93870855364183));
#2910=CARTESIAN_POINT('Ctrl Pts',(-8.23538137970395,149.410891089109,10.0947254933537));
#2911=CARTESIAN_POINT('Ctrl Pts',(-2.4172890211236,150.20297029703,12.8016290481749));
#2912=CARTESIAN_POINT('Ctrl Pts',(3.98726915183176,150.995049504951,12.4026878797625));
#2913=CARTESIAN_POINT('Ctrl Pts',(9.42446401845402,151.787128712871,8.99469199476567));
#2914=CARTESIAN_POINT('Ctrl Pts',(12.5751578684303,152.579207920792,3.40446294816843));
#2915=CARTESIAN_POINT('Ctrl Pts',(12.6749557245567,153.371287128713,-3.01172943004621));
#2916=CARTESIAN_POINT('Ctrl Pts',(9.69963541537623,154.163366336634,-8.69724514360906));
#2917=CARTESIAN_POINT('Ctrl Pts',(4.37106874124597,154.955445544554,-12.2726770575149));
#2918=CARTESIAN_POINT('Ctrl Pts',(-2.01800338865318,155.747524752475,-12.8706302269398));
#2919=CARTESIAN_POINT('Ctrl Pts',(-7.91742821140634,156.539603960396,-10.3459290895701));
#2920=CARTESIAN_POINT('Ctrl Pts',(-11.8960867108818,157.331683168317,-5.31130827629193));
#2921=CARTESIAN_POINT('Ctrl Pts',(-12.9883845897467,158.123762376237,1.01218528465816));
#2922=CARTESIAN_POINT('Ctrl Pts',(-10.929956662656,158.915841584158,7.08954656902885));
#2923=CARTESIAN_POINT('Ctrl Pts',(-6.21890514554396,159.707920792079,11.4480569483423));
#2924=CARTESIAN_POINT('Ctrl Pts',(-2.07365851722104,160.23597359736,12.5));
#2925=CARTESIAN_POINT('Ctrl Pts',(-4.89858719658941E-14,160.5,12.5));
#2926=CARTESIAN_POINT('Ctrl Pts',(0.,0.25,7.5));
#2927=CARTESIAN_POINT('Ctrl Pts',(1.24419511033259,0.514026402640264,7.5));
#2928=CARTESIAN_POINT('Ctrl Pts',(3.73134308732634,1.04207920792079,6.86883416900538));
#2929=CARTESIAN_POINT('Ctrl Pts',(6.55797399759353,1.83415841584158,4.25372794141736));
#2930=CARTESIAN_POINT('Ctrl Pts',(7.79303075384804,2.62623762376238,0.60731117079499));
#2931=CARTESIAN_POINT('Ctrl Pts',(7.13765202652913,3.41831683168316,-3.18678496577506));
#2932=CARTESIAN_POINT('Ctrl Pts',(4.75045692684389,4.21039603960397,-6.20755745374198));
#2933=CARTESIAN_POINT('Ctrl Pts',(1.21080203319198,5.00247524752474,-7.72237813616388));
#2934=CARTESIAN_POINT('Ctrl Pts',(-2.62264124474752,5.79455445544555,-7.36360623450896));
#2935=CARTESIAN_POINT('Ctrl Pts',(-5.81978124922571,6.58663366336633,-5.21834708616547));
#2936=CARTESIAN_POINT('Ctrl Pts',(-7.604973434734,7.37871287128714,-1.80703765802775));
#2937=CARTESIAN_POINT('Ctrl Pts',(-7.5450947210582,8.17079207920792,2.04267776890105));
#2938=CARTESIAN_POINT('Ctrl Pts',(-5.65467841107242,8.96287128712871,5.39681519685938));
#2939=CARTESIAN_POINT('Ctrl Pts',(-2.3923614910991,9.7549504950495,7.44161272785748));
#2940=CARTESIAN_POINT('Ctrl Pts',(1.4503734126741,10.5470297029703,7.68097742890492));
#2941=CARTESIAN_POINT('Ctrl Pts',(4.9412288278223,11.3391089108911,6.05683529601225));
#2942=CARTESIAN_POINT('Ctrl Pts',(7.23327678332953,12.1311881188119,2.96322513218516));
#2943=CARTESIAN_POINT('Ctrl Pts',(7.77043637467277,12.9232673267327,-0.849302643017564));
#2944=CARTESIAN_POINT('Ctrl Pts',(6.42238550270663,13.7153465346535,-4.45577834629917));
#2945=CARTESIAN_POINT('Ctrl Pts',(3.5161791488444,14.5074257425743,-6.98122342739687));
#2946=CARTESIAN_POINT('Ctrl Pts',(-0.24309868701918,15.299504950495,-7.81293154425177));
#2947=CARTESIAN_POINT('Ctrl Pts',(-3.94339756875099,16.0915841584158,-6.74911934431463));
#2948=CARTESIAN_POINT('Ctrl Pts',(-6.68697615013908,16.8836633663366,-4.04788170192099));
#2949=CARTESIAN_POINT('Ctrl Pts',(-7.80820604979722,17.6757425742574,-0.364574528649723));
#2950=CARTESIAN_POINT('Ctrl Pts',(-7.03506209547849,18.4678217821782,3.40718323820399));
#2951=CARTESIAN_POINT('Ctrl Pts',(-4.55511921513734,19.259900990099,6.3523133770173));
#2952=CARTESIAN_POINT('Ctrl Pts',(-0.9700442866526,20.0519801980198,7.75628844144548));
#2953=CARTESIAN_POINT('Ctrl Pts',(2.85037619022496,20.8440594059406,7.27848554843425));
#2954=CARTESIAN_POINT('Ctrl Pts',(5.97925777892474,21.6361386138614,5.03482598684724));
#2955=CARTESIAN_POINT('Ctrl Pts',(7.65749250545647,22.4282178217822,1.56965118212842));
#2956=CARTESIAN_POINT('Ctrl Pts',(7.47791847277638,23.220297029703,-2.27634171844911));
#2957=CARTESIAN_POINT('Ctrl Pts',(5.48410271156519,24.0123762376238,-5.57006407087695));
#2958=CARTESIAN_POINT('Ctrl Pts',(2.15977124345948,24.8044554455446,-7.51241535596777));
#2959=CARTESIAN_POINT('Ctrl Pts',(-1.68854923686022,25.5965346534653,-7.63215551331081));
#2960=CARTESIAN_POINT('Ctrl Pts',(-5.12720538380339,26.3886138613862,-5.90023400018653));
#2961=CARTESIAN_POINT('Ctrl Pts',(-7.32193382654251,27.1806930693069,-2.73683783669993));
#2962=CARTESIAN_POINT('Ctrl Pts',(-7.7402644748897,27.9727722772277,1.09055131168631));
#2963=CARTESIAN_POINT('Ctrl Pts',(-6.28070479167425,28.7648514851485,4.65335831679658));
#2964=CARTESIAN_POINT('Ctrl Pts',(-3.29736322194237,29.5569306930693,7.08719917084613));
#2965=CARTESIAN_POINT('Ctrl Pts',(0.48596218997263,30.3490099009901,7.80159195642638));
#2966=CARTESIAN_POINT('Ctrl Pts',(4.15138675999583,31.1410891089109,6.62321555391272));
#2967=CARTESIAN_POINT('Ctrl Pts',(6.80963010456301,31.9331683168317,3.83795963288946));
#2968=CARTESIAN_POINT('Ctrl Pts',(7.81576729999782,32.7252475247524,0.121564044622058));
#2969=CARTESIAN_POINT('Ctrl Pts',(6.9256961818765,33.5173267326733,-3.62432458549193));
#2970=CARTESIAN_POINT('Ctrl Pts',(4.35535975221736,34.309405940594,-6.49090423080059));
#2971=CARTESIAN_POINT('Ctrl Pts',(0.728355556786263,35.1014851485149,-7.7827048310699));
#2972=CARTESIAN_POINT('Ctrl Pts',(-3.07535731086993,35.8935643564356,-7.18631850916301));
#2973=CARTESIAN_POINT('Ctrl Pts',(-6.13294790080315,36.6856435643565,-4.84643645895562));
#2974=CARTESIAN_POINT('Ctrl Pts',(-7.70260437630685,37.4777227722772,-1.33074495180653));
#2975=CARTESIAN_POINT('Ctrl Pts',(-7.40350735727,38.2698019801981,2.50780284621998));
#2976=CARTESIAN_POINT('Ctrl Pts',(-5.3082217285322,39.0618811881188,5.73792457125384));
#2977=CARTESIAN_POINT('Ctrl Pts',(-1.92509144097956,39.8539603960396,7.57595005583638));
#2978=CARTESIAN_POINT('Ctrl Pts',(1.92509144097954,40.6460396039604,7.57595005583638));
#2979=CARTESIAN_POINT('Ctrl Pts',(5.30822172853219,41.4381188118812,5.73792457125386));
#2980=CARTESIAN_POINT('Ctrl Pts',(7.40350735726999,42.230198019802,2.50780284622));
#2981=CARTESIAN_POINT('Ctrl Pts',(7.70260437630685,43.0222772277228,-1.3307449518065));
#2982=CARTESIAN_POINT('Ctrl Pts',(6.13294790080317,43.8143564356435,-4.84643645895559));
#2983=CARTESIAN_POINT('Ctrl Pts',(3.07535731086996,44.6064356435643,-7.18631850916299));
#2984=CARTESIAN_POINT('Ctrl Pts',(-0.728355556786227,45.3985148514852,-7.7827048310699));
#2985=CARTESIAN_POINT('Ctrl Pts',(-4.35535975221733,46.1905940594059,-6.49090423080061));
#2986=CARTESIAN_POINT('Ctrl Pts',(-6.92569618187649,46.9826732673267,-3.62432458549196));
#2987=CARTESIAN_POINT('Ctrl Pts',(-7.81576729999781,47.7747524752475,0.121564044622019));
#2988=CARTESIAN_POINT('Ctrl Pts',(-6.80963010456304,48.5668316831683,3.83795963288943));
#2989=CARTESIAN_POINT('Ctrl Pts',(-4.15138675999586,49.3589108910891,6.62321555391269));
#2990=CARTESIAN_POINT('Ctrl Pts',(-0.485962189972665,50.1509900990099,7.80159195642639));
#2991=CARTESIAN_POINT('Ctrl Pts',(3.29736322194233,50.9430693069307,7.08719917084614));
#2992=CARTESIAN_POINT('Ctrl Pts',(6.28070479167422,51.7351485148515,4.65335831679662));
#2993=CARTESIAN_POINT('Ctrl Pts',(7.74026447488969,52.5272277227722,1.09055131168634));
#2994=CARTESIAN_POINT('Ctrl Pts',(7.32193382654255,53.3193069306931,-2.73683783669987));
#2995=CARTESIAN_POINT('Ctrl Pts',(5.12720538380334,54.1113861386138,-5.90023400018661));
#2996=CARTESIAN_POINT('Ctrl Pts',(1.68854923686033,54.9034653465347,-7.63215551331067));
#2997=CARTESIAN_POINT('Ctrl Pts',(-2.15977124345967,55.6955445544554,-7.51241535596805));
#2998=CARTESIAN_POINT('Ctrl Pts',(-5.48410271156473,56.4876237623762,-5.57006407087641));
#2999=CARTESIAN_POINT('Ctrl Pts',(-7.47791847277724,57.2797029702971,-2.27634171845028));
#3000=CARTESIAN_POINT('Ctrl Pts',(-7.65749250545475,58.0717821782178,1.56965118213065));
#3001=CARTESIAN_POINT('Ctrl Pts',(-5.97925777892821,58.8638613861386,5.03482598684269));
#3002=CARTESIAN_POINT('Ctrl Pts',(-2.85037619021808,59.6559405940594,7.2784855484433));
#3003=CARTESIAN_POINT('Ctrl Pts',(0.970044286638738,60.4480198019802,7.75628844142735));
#3004=CARTESIAN_POINT('Ctrl Pts',(4.55511921516502,61.240099009901,6.35231337705363));
#3005=CARTESIAN_POINT('Ctrl Pts',(7.03506209542298,62.0321782178218,3.40718323813128));
#3006=CARTESIAN_POINT('Ctrl Pts',(7.8082060499084,62.8242574257426,-0.364574528503995));
#3007=CARTESIAN_POINT('Ctrl Pts',(6.68697614991639,63.6163366336634,-4.04788170221282));
#3008=CARTESIAN_POINT('Ctrl Pts',(3.94339756919711,64.4084158415841,-6.74911934372999));
#3009=CARTESIAN_POINT('Ctrl Pts',(0.243098686125606,65.200495049505,-7.81293154542289));
#3010=CARTESIAN_POINT('Ctrl Pts',(-3.51617914705436,65.9925742574256,-6.98122342505094));
#3011=CARTESIAN_POINT('Ctrl Pts',(-6.4223855062923,66.7846534653467,-4.45577835099848));
#3012=CARTESIAN_POINT('Ctrl Pts',(-7.77043636749011,67.5767326732672,-0.849302633604172));
#3013=CARTESIAN_POINT('Ctrl Pts',(-7.23327679771751,68.3688118811883,2.96322511332862));
#3014=CARTESIAN_POINT('Ctrl Pts',(-4.94122879900101,69.1608910891088,6.05683533378472));
#3015=CARTESIAN_POINT('Ctrl Pts',(-1.45037347040772,69.9529702970298,7.68097735324076));
#3016=CARTESIAN_POINT('Ctrl Pts',(2.39236160674835,70.7450495049504,7.44161287942449));
#3017=CARTESIAN_POINT('Ctrl Pts',(5.65467817940904,71.5371287128713,5.39681489324725));
#3018=CARTESIAN_POINT('Ctrl Pts',(7.54509518511577,72.3292079207921,2.04267837708311));
#3019=CARTESIAN_POINT('Ctrl Pts',(7.60497250515495,73.1212871287129,-1.8070388763104));
#3020=CARTESIAN_POINT('Ctrl Pts',(5.81978311131638,73.9133663366337,-5.21834464575661));
#3021=CARTESIAN_POINT('Ctrl Pts',(2.62263751469081,74.7054455445544,-7.36361112302901));
#3022=CARTESIAN_POINT('Ctrl Pts',(-1.21079456129326,75.4975247524753,-7.72236834364968));
#3023=CARTESIAN_POINT('Ctrl Pts',(-4.75047189445977,76.289603960396,-6.20757707037197));
#3024=CARTESIAN_POINT('Ctrl Pts',(-7.13762204074445,77.0816831683169,-3.18674566103713));
#3025=CARTESIAN_POINT('Ctrl Pts',(-7.79309086475067,77.8737623762376,0.607232310075331));
#3026=CARTESIAN_POINT('Ctrl Pts',(-6.55785297771623,78.6658415841584,4.25388770741759));
#3027=CARTESIAN_POINT('Ctrl Pts',(-3.73159339593047,79.4579207920792,6.86849379646717));
#3028=CARTESIAN_POINT('Ctrl Pts',(-3.6482869960047E-14,80.2499999999999,
7.81671262773936));
#3029=CARTESIAN_POINT('Ctrl Pts',(3.73159339593042,81.0420792079209,6.86849379646721));
#3030=CARTESIAN_POINT('Ctrl Pts',(6.55785297771619,81.8341584158415,4.25388770741765));
#3031=CARTESIAN_POINT('Ctrl Pts',(7.79309086475068,82.6262376237625,0.607232310075381));
#3032=CARTESIAN_POINT('Ctrl Pts',(7.13762204074446,83.4183168316831,-3.1867456610371));
#3033=CARTESIAN_POINT('Ctrl Pts',(4.7504718944598,84.210396039604,-6.20757707037196));
#3034=CARTESIAN_POINT('Ctrl Pts',(1.2107945612933,85.0024752475247,-7.72236834364966));
#3035=CARTESIAN_POINT('Ctrl Pts',(-2.62263751469073,85.7945544554456,-7.36361112302903));
#3036=CARTESIAN_POINT('Ctrl Pts',(-5.81978311131631,86.5866336633663,-5.21834464575669));
#3037=CARTESIAN_POINT('Ctrl Pts',(-7.60497250515494,87.3787128712871,-1.80703887631049));
#3038=CARTESIAN_POINT('Ctrl Pts',(-7.54509518511578,88.1707920792079,2.04267837708307));
#3039=CARTESIAN_POINT('Ctrl Pts',(-5.65467817940906,88.9628712871288,5.39681489324722));
#3040=CARTESIAN_POINT('Ctrl Pts',(-2.3923616067484,89.7549504950495,7.44161287942448));
#3041=CARTESIAN_POINT('Ctrl Pts',(1.45037347040764,90.5470297029703,7.68097735324076));
#3042=CARTESIAN_POINT('Ctrl Pts',(4.94122879900092,91.3391089108911,6.05683533378479));
#3043=CARTESIAN_POINT('Ctrl Pts',(7.23327679771749,92.1311881188119,2.9632251133287));
#3044=CARTESIAN_POINT('Ctrl Pts',(7.77043636749013,92.9232673267326,-0.849302633604126));
#3045=CARTESIAN_POINT('Ctrl Pts',(6.42238550629231,93.7153465346535,-4.45577835099845));
#3046=CARTESIAN_POINT('Ctrl Pts',(3.51617914705439,94.5074257425742,-6.98122342505093));
#3047=CARTESIAN_POINT('Ctrl Pts',(-0.24309868612556,95.2995049504951,-7.81293154542288));
#3048=CARTESIAN_POINT('Ctrl Pts',(-3.94339756919705,96.0915841584159,-6.74911934373002));
#3049=CARTESIAN_POINT('Ctrl Pts',(-6.68697614991636,96.8836633663366,-4.04788170221287));
#3050=CARTESIAN_POINT('Ctrl Pts',(-7.80820604990839,97.6757425742575,-0.364574528504064));
#3051=CARTESIAN_POINT('Ctrl Pts',(-7.03506209542302,98.4678217821782,3.40718323813122));
#3052=CARTESIAN_POINT('Ctrl Pts',(-4.55511921516507,99.259900990099,6.35231337705359));
#3053=CARTESIAN_POINT('Ctrl Pts',(-0.970044286638812,100.05198019802,7.75628844142734));
#3054=CARTESIAN_POINT('Ctrl Pts',(2.85037619021802,100.844059405941,7.27848554844332));
#3055=CARTESIAN_POINT('Ctrl Pts',(5.97925777892817,101.636138613861,5.03482598684275));
#3056=CARTESIAN_POINT('Ctrl Pts',(7.65749250545475,102.428217821782,1.56965118213069));
#3057=CARTESIAN_POINT('Ctrl Pts',(7.47791847277725,103.220297029703,-2.27634171845021));
#3058=CARTESIAN_POINT('Ctrl Pts',(5.48410271156479,104.012376237624,-5.57006407087635));
#3059=CARTESIAN_POINT('Ctrl Pts',(2.15977124345976,104.804455445544,-7.51241535596804));
#3060=CARTESIAN_POINT('Ctrl Pts',(-1.68854923686028,105.596534653465,-7.63215551331068));
#3061=CARTESIAN_POINT('Ctrl Pts',(-5.12720538380332,106.388613861386,-5.90023400018663));
#3062=CARTESIAN_POINT('Ctrl Pts',(-7.32193382654254,107.180693069307,-2.7368378366999));
#3063=CARTESIAN_POINT('Ctrl Pts',(-7.74026447488969,107.972772277228,1.09055131168631));
#3064=CARTESIAN_POINT('Ctrl Pts',(-6.28070479167426,108.764851485149,4.65335831679658));
#3065=CARTESIAN_POINT('Ctrl Pts',(-3.29736322194238,109.556930693069,7.0871991708461));
#3066=CARTESIAN_POINT('Ctrl Pts',(0.485962189972583,110.34900990099,7.8015919564264));
#3067=CARTESIAN_POINT('Ctrl Pts',(4.15138675999578,111.141089108911,6.62321555391274));
#3068=CARTESIAN_POINT('Ctrl Pts',(6.80963010456298,111.933168316832,3.83795963288952));
#3069=CARTESIAN_POINT('Ctrl Pts',(7.81576729999781,112.725247524753,0.121564044622135));
#3070=CARTESIAN_POINT('Ctrl Pts',(6.92569618187654,113.517326732673,-3.62432458549188));
#3071=CARTESIAN_POINT('Ctrl Pts',(4.3553597522174,114.309405940594,-6.49090423080058));
#3072=CARTESIAN_POINT('Ctrl Pts',(0.728355556786286,115.101485148515,-7.78270483106989));
#3073=CARTESIAN_POINT('Ctrl Pts',(-3.07535731086993,115.893564356436,-7.18631850916301));
#3074=CARTESIAN_POINT('Ctrl Pts',(-6.13294790080313,116.685643564356,-4.84643645895564));
#3075=CARTESIAN_POINT('Ctrl Pts',(-7.70260437630684,117.477722772277,-1.33074495180658));
#3076=CARTESIAN_POINT('Ctrl Pts',(-7.40350735727002,118.269801980198,2.50780284621992));
#3077=CARTESIAN_POINT('Ctrl Pts',(-5.30822172853224,119.061881188119,5.73792457125382));
#3078=CARTESIAN_POINT('Ctrl Pts',(-1.92509144097958,119.85396039604,7.57595005583637));
#3079=CARTESIAN_POINT('Ctrl Pts',(1.9250914409795,120.64603960396,7.57595005583639));
#3080=CARTESIAN_POINT('Ctrl Pts',(5.30822172853214,121.438118811881,5.73792457125389));
#3081=CARTESIAN_POINT('Ctrl Pts',(7.40350735726998,122.230198019802,2.50780284622007));
#3082=CARTESIAN_POINT('Ctrl Pts',(7.70260437630686,123.022277227723,-1.33074495180646));
#3083=CARTESIAN_POINT('Ctrl Pts',(6.13294790080319,123.814356435643,-4.84643645895557));
#3084=CARTESIAN_POINT('Ctrl Pts',(3.07535731086997,124.606435643564,-7.186318509163));
#3085=CARTESIAN_POINT('Ctrl Pts',(-0.728355556786239,125.398514851485,-7.78270483106989));
#3086=CARTESIAN_POINT('Ctrl Pts',(-4.35535975221733,126.190594059406,-6.49090423080062));
#3087=CARTESIAN_POINT('Ctrl Pts',(-6.92569618187647,126.982673267327,-3.62432458549197));
#3088=CARTESIAN_POINT('Ctrl Pts',(-7.81576729999782,127.774752475247,0.121564044621974));
#3089=CARTESIAN_POINT('Ctrl Pts',(-6.80963010456305,128.566831683168,3.83795963288942));
#3090=CARTESIAN_POINT('Ctrl Pts',(-4.15138675999585,129.358910891089,6.6232155539127));
#3091=CARTESIAN_POINT('Ctrl Pts',(-0.485962189972669,130.15099009901,7.80159195642638));
#3092=CARTESIAN_POINT('Ctrl Pts',(3.29736322194231,130.943069306931,7.08719917084614));
#3093=CARTESIAN_POINT('Ctrl Pts',(6.28070479167421,131.735148514852,4.65335831679665));
#3094=CARTESIAN_POINT('Ctrl Pts',(7.7402644748897,132.527227722772,1.09055131168637));
#3095=CARTESIAN_POINT('Ctrl Pts',(7.32193382654252,133.319306930693,-2.73683783669989));
#3096=CARTESIAN_POINT('Ctrl Pts',(5.12720538380343,134.111386138614,-5.9002340001865));
#3097=CARTESIAN_POINT('Ctrl Pts',(1.68854923686029,134.903465346535,-7.63215551331078));
#3098=CARTESIAN_POINT('Ctrl Pts',(-2.15977124345939,135.695544554455,-7.5124153559678));
#3099=CARTESIAN_POINT('Ctrl Pts',(-5.48410271156515,136.487623762376,-5.570064070877));
#3100=CARTESIAN_POINT('Ctrl Pts',(-7.47791847277636,137.279702970297,-2.27634171844917));
#3101=CARTESIAN_POINT('Ctrl Pts',(-7.65749250545649,138.071782178218,1.56965118212836));
#3102=CARTESIAN_POINT('Ctrl Pts',(-5.97925777892479,138.863861386139,5.03482598684717));
#3103=CARTESIAN_POINT('Ctrl Pts',(-2.85037619022506,139.655940594059,7.27848554843422));
#3104=CARTESIAN_POINT('Ctrl Pts',(0.970044286652519,140.44801980198,7.75628844144548));
#3105=CARTESIAN_POINT('Ctrl Pts',(4.55511921513729,141.240099009901,6.35231337701734));
#3106=CARTESIAN_POINT('Ctrl Pts',(7.03506209547847,142.032178217822,3.40718323820404));
#3107=CARTESIAN_POINT('Ctrl Pts',(7.80820604979723,142.824257425743,-0.364574528649703));
#3108=CARTESIAN_POINT('Ctrl Pts',(6.68697615013909,143.616336633663,-4.04788170192094));
#3109=CARTESIAN_POINT('Ctrl Pts',(3.94339756875105,144.408415841584,-6.7491193443146));
#3110=CARTESIAN_POINT('Ctrl Pts',(0.243098687019256,145.200495049505,-7.81293154425176));
#3111=CARTESIAN_POINT('Ctrl Pts',(-3.51617914884435,145.992574257426,-6.98122342739691));
#3112=CARTESIAN_POINT('Ctrl Pts',(-6.42238550270661,146.784653465347,-4.4557783462992));
#3113=CARTESIAN_POINT('Ctrl Pts',(-7.77043637467276,147.576732673267,-0.849302643017613));
#3114=CARTESIAN_POINT('Ctrl Pts',(-7.23327678332956,148.368811881188,2.96322513218509));
#3115=CARTESIAN_POINT('Ctrl Pts',(-4.94122882782237,149.160891089109,6.0568352960122));
#3116=CARTESIAN_POINT('Ctrl Pts',(-1.45037341267416,149.95297029703,7.68097742890492));
#3117=CARTESIAN_POINT('Ctrl Pts',(2.39236149109906,150.74504950495,7.44161272785749));
#3118=CARTESIAN_POINT('Ctrl Pts',(5.65467841107241,151.537128712871,5.3968151968594));
#3119=CARTESIAN_POINT('Ctrl Pts',(7.5450947210582,152.329207920792,2.04267776890106));
#3120=CARTESIAN_POINT('Ctrl Pts',(7.604973434734,153.121287128713,-1.80703765802772));
#3121=CARTESIAN_POINT('Ctrl Pts',(5.81978124922574,153.913366336634,-5.21834708616544));
#3122=CARTESIAN_POINT('Ctrl Pts',(2.62264124474758,154.705445544554,-7.36360623450894));
#3123=CARTESIAN_POINT('Ctrl Pts',(-1.21080203319191,155.497524752475,-7.72237813616389));
#3124=CARTESIAN_POINT('Ctrl Pts',(-4.75045692684381,156.289603960396,-6.20755745374204));
#3125=CARTESIAN_POINT('Ctrl Pts',(-7.13765202652909,157.081683168317,-3.18678496577516));
#3126=CARTESIAN_POINT('Ctrl Pts',(-7.79303075384803,157.873762376238,0.607311170794894));
#3127=CARTESIAN_POINT('Ctrl Pts',(-6.55797399759359,158.665841584158,4.25372794141731));
#3128=CARTESIAN_POINT('Ctrl Pts',(-3.73134308732637,159.457920792079,6.86883416900535));
#3129=CARTESIAN_POINT('Ctrl Pts',(-1.24419511033263,159.98597359736,7.49999999999999));
#3130=CARTESIAN_POINT('Ctrl Pts',(-2.93915231795365E-14,160.25,7.5));
#3131=CARTESIAN_POINT('Ctrl Pts',(0.,-1.38777878078145E-16,2.5));
#3132=CARTESIAN_POINT('Ctrl Pts',(0.414731703444197,0.264026402640264,2.5));
#3133=CARTESIAN_POINT('Ctrl Pts',(1.24378102910878,0.792079207920793,2.28961138966846));
#3134=CARTESIAN_POINT('Ctrl Pts',(2.18599133253117,1.58415841584158,1.41790931380578));
#3135=CARTESIAN_POINT('Ctrl Pts',(2.59767691794934,2.37623762376238,0.202437056931663));
#3136=CARTESIAN_POINT('Ctrl Pts',(2.37921734217637,3.16831683168317,-1.06226165525835));
#3137=CARTESIAN_POINT('Ctrl Pts',(1.58348564228129,3.96039603960397,-2.06918581791399));
#3138=CARTESIAN_POINT('Ctrl Pts',(0.40360067773066,4.75247524752475,-2.57412604538796));
#3139=CARTESIAN_POINT('Ctrl Pts',(-0.874213748249175,5.54455445544555,-2.45453541150298));
#3140=CARTESIAN_POINT('Ctrl Pts',(-1.93992708307523,6.33663366336633,-1.73944902872182));
#3141=CARTESIAN_POINT('Ctrl Pts',(-2.53499114491133,7.12871287128713,-0.602345886009249));
#3142=CARTESIAN_POINT('Ctrl Pts',(-2.51503157368607,7.92079207920792,0.680892589633683));
#3143=CARTESIAN_POINT('Ctrl Pts',(-1.88489280369081,8.71287128712871,1.79893839895312));
#3144=CARTESIAN_POINT('Ctrl Pts',(-0.797453830366367,9.5049504950495,2.48053757595249));
#3145=CARTESIAN_POINT('Ctrl Pts',(0.483457804224698,10.2970297029703,2.56032580963497));
#3146=CARTESIAN_POINT('Ctrl Pts',(1.64707627594076,11.0891089108911,2.01894509867075));
#3147=CARTESIAN_POINT('Ctrl Pts',(2.41109226110984,11.8811881188119,0.987741710728388));
#3148=CARTESIAN_POINT('Ctrl Pts',(2.59014545822426,12.6732673267327,-0.283100881005856));
#3149=CARTESIAN_POINT('Ctrl Pts',(2.14079516756887,13.4653465346535,-1.48525944876639));
#3150=CARTESIAN_POINT('Ctrl Pts',(1.17205971628146,14.2574257425743,-2.32707447579896));
#3151=CARTESIAN_POINT('Ctrl Pts',(-0.0810328956730587,15.049504950495,-2.60431051475058));
#3152=CARTESIAN_POINT('Ctrl Pts',(-1.31446585625033,15.8415841584158,-2.24970644810488));
#3153=CARTESIAN_POINT('Ctrl Pts',(-2.22899205004636,16.6336633663366,-1.34929390064033));
#3154=CARTESIAN_POINT('Ctrl Pts',(-2.6027353499324,17.4257425742574,-0.121524842883242));
#3155=CARTESIAN_POINT('Ctrl Pts',(-2.34502069849283,18.2178217821782,1.135727746068));
#3156=CARTESIAN_POINT('Ctrl Pts',(-1.51837307171244,19.009900990099,2.1174377923391));
#3157=CARTESIAN_POINT('Ctrl Pts',(-0.323348095550867,19.8019801980198,2.58542948048182));
#3158=CARTESIAN_POINT('Ctrl Pts',(0.950125396741653,20.5940594059406,2.42616184947808));
#3159=CARTESIAN_POINT('Ctrl Pts',(1.99308592630825,21.3861386138614,1.67827532894908));
#3160=CARTESIAN_POINT('Ctrl Pts',(2.55249750181882,22.1782178217822,0.523217060709474));
#3161=CARTESIAN_POINT('Ctrl Pts',(2.49263949092546,22.970297029703,-0.758780572816371));
#3162=CARTESIAN_POINT('Ctrl Pts',(1.82803423718839,23.7623762376237,-1.85668802362565));
#3163=CARTESIAN_POINT('Ctrl Pts',(0.719923747819825,24.5544554455446,-2.50413845198926));
#3164=CARTESIAN_POINT('Ctrl Pts',(-0.562849745620073,25.3465346534653,-2.54405183777027));
#3165=CARTESIAN_POINT('Ctrl Pts',(-1.70906846126779,26.1386138613861,-1.96674466672885));
#3166=CARTESIAN_POINT('Ctrl Pts',(-2.4406446088475,26.9306930693069,-0.912279278899975));
#3167=CARTESIAN_POINT('Ctrl Pts',(-2.58008815829656,27.7227722772277,0.363517103895437));
#3168=CARTESIAN_POINT('Ctrl Pts',(-2.09356826389142,28.5148514851485,1.55111943893219));
#3169=CARTESIAN_POINT('Ctrl Pts',(-1.09912107398079,29.3069306930693,2.36239972361537));
#3170=CARTESIAN_POINT('Ctrl Pts',(0.161987396657544,30.0990099009901,2.60053065214212));
#3171=CARTESIAN_POINT('Ctrl Pts',(1.38379558666527,30.8910891089109,2.20773851797091));
#3172=CARTESIAN_POINT('Ctrl Pts',(2.26987670152101,31.6831683168317,1.27931987762982));
#3173=CARTESIAN_POINT('Ctrl Pts',(2.60525576666593,32.4752475247525,0.0405213482073518));
#3174=CARTESIAN_POINT('Ctrl Pts',(2.30856539395883,33.2673267326733,-1.20810819516397));
#3175=CARTESIAN_POINT('Ctrl Pts',(1.45178658407245,34.059405940594,-2.1636347436002));
#3176=CARTESIAN_POINT('Ctrl Pts',(0.242785185595421,34.8514851485149,-2.59423494368996));
#3177=CARTESIAN_POINT('Ctrl Pts',(-1.02511910362331,35.6435643564356,-2.39543950305434));
#3178=CARTESIAN_POINT('Ctrl Pts',(-2.04431596693438,36.4356435643565,-1.61547881965187));
#3179=CARTESIAN_POINT('Ctrl Pts',(-2.56753479210228,37.2277227722772,-0.443581650602179));
#3180=CARTESIAN_POINT('Ctrl Pts',(-2.46783578575666,38.0198019801981,0.835934282073326));
#3181=CARTESIAN_POINT('Ctrl Pts',(-1.76940724284407,38.8118811881188,1.91264152375128));
#3182=CARTESIAN_POINT('Ctrl Pts',(-0.641697146993186,39.6039603960396,2.52531668527879));
#3183=CARTESIAN_POINT('Ctrl Pts',(0.641697146993181,40.3960396039604,2.52531668527879));
#3184=CARTESIAN_POINT('Ctrl Pts',(1.76940724284406,41.1881188118812,1.91264152375128));
#3185=CARTESIAN_POINT('Ctrl Pts',(2.46783578575666,41.980198019802,0.835934282073333));
#3186=CARTESIAN_POINT('Ctrl Pts',(2.56753479210228,42.7722772277228,-0.443581650602167));
#3187=CARTESIAN_POINT('Ctrl Pts',(2.04431596693439,43.5643564356436,-1.61547881965186));
#3188=CARTESIAN_POINT('Ctrl Pts',(1.02511910362332,44.3564356435644,-2.39543950305433));
#3189=CARTESIAN_POINT('Ctrl Pts',(-0.242785185595408,45.1485148514851,-2.59423494368996));
#3190=CARTESIAN_POINT('Ctrl Pts',(-1.45178658407244,45.9405940594059,-2.1636347436002));
#3191=CARTESIAN_POINT('Ctrl Pts',(-2.30856539395883,46.7326732673268,-1.20810819516399));
#3192=CARTESIAN_POINT('Ctrl Pts',(-2.60525576666593,47.5247524752475,0.0405213482073404));
#3193=CARTESIAN_POINT('Ctrl Pts',(-2.26987670152101,48.3168316831683,1.27931987762981));
#3194=CARTESIAN_POINT('Ctrl Pts',(-1.38379558666529,49.1089108910891,2.2077385179709));
#3195=CARTESIAN_POINT('Ctrl Pts',(-0.161987396657555,49.9009900990099,2.60053065214213));
#3196=CARTESIAN_POINT('Ctrl Pts',(1.09912107398078,50.6930693069307,2.36239972361538));
#3197=CARTESIAN_POINT('Ctrl Pts',(2.09356826389141,51.4851485148514,1.5511194389322));
#3198=CARTESIAN_POINT('Ctrl Pts',(2.58008815829656,52.2772277227723,0.363517103895446));
#3199=CARTESIAN_POINT('Ctrl Pts',(2.44064460884751,53.0693069306931,-0.912279278899957));
#3200=CARTESIAN_POINT('Ctrl Pts',(1.70906846126778,53.8613861386139,-1.96674466672887));
#3201=CARTESIAN_POINT('Ctrl Pts',(0.562849745620107,54.6534653465346,-2.54405183777022));
#3202=CARTESIAN_POINT('Ctrl Pts',(-0.719923747819886,55.4455445544555,-2.50413845198935));
#3203=CARTESIAN_POINT('Ctrl Pts',(-1.82803423718825,56.2376237623763,-1.85668802362547));
#3204=CARTESIAN_POINT('Ctrl Pts',(-2.49263949092574,57.0297029702971,-0.758780572816758));
#3205=CARTESIAN_POINT('Ctrl Pts',(-2.55249750181825,57.8217821782178,0.523217060710214));
#3206=CARTESIAN_POINT('Ctrl Pts',(-1.9930859263094,58.6138613861387,1.67827532894757));
#3207=CARTESIAN_POINT('Ctrl Pts',(-0.950125396739361,59.4059405940593,2.4261618494811));
#3208=CARTESIAN_POINT('Ctrl Pts',(0.323348095546248,60.1980198019803,2.58542948047578));
#3209=CARTESIAN_POINT('Ctrl Pts',(1.51837307172167,60.9900990099009,2.11743779235121));
#3210=CARTESIAN_POINT('Ctrl Pts',(2.34502069847433,61.7821782178218,1.13572774604376));
#3211=CARTESIAN_POINT('Ctrl Pts',(2.60273534996946,62.5742574257425,-0.121524842834666));
#3212=CARTESIAN_POINT('Ctrl Pts',(2.22899204997213,63.3663366336634,-1.3492939007376));
#3213=CARTESIAN_POINT('Ctrl Pts',(1.31446585639904,64.1584158415842,-2.24970644791));
#3214=CARTESIAN_POINT('Ctrl Pts',(0.0810328953752024,64.9504950495049,-2.60431051514096));
#3215=CARTESIAN_POINT('Ctrl Pts',(-1.17205971568479,65.7425742574257,-2.32707447501698));
#3216=CARTESIAN_POINT('Ctrl Pts',(-2.1407951687641,66.5346534653465,-1.48525945033282));
#3217=CARTESIAN_POINT('Ctrl Pts',(-2.59014545583004,67.3267326732673,-0.283100877868058));
#3218=CARTESIAN_POINT('Ctrl Pts',(-2.41109226590583,68.1188118811881,0.987741704442873));
#3219=CARTESIAN_POINT('Ctrl Pts',(-1.64707626633367,68.9108910891089,2.01894511126157));
#3220=CARTESIAN_POINT('Ctrl Pts',(-0.48345782346924,69.7029702970297,2.56032578441359));
#3221=CARTESIAN_POINT('Ctrl Pts',(0.797453868916117,70.4950495049505,2.48053762647483));
#3222=CARTESIAN_POINT('Ctrl Pts',(1.88489272646968,71.2871287128713,1.79893829774908));
#3223=CARTESIAN_POINT('Ctrl Pts',(2.51503172837192,72.0792079207921,0.680892792361036));
#3224=CARTESIAN_POINT('Ctrl Pts',(2.53499083505165,72.8712871287129,-0.602346292103466));
#3225=CARTESIAN_POINT('Ctrl Pts',(1.93992770377212,73.6633663366336,-1.7394482152522));
#3226=CARTESIAN_POINT('Ctrl Pts',(0.874212504896936,74.4554455445544,-2.45453704100967));
#3227=CARTESIAN_POINT('Ctrl Pts',(-0.403598187097753,75.2475247524753,-2.57412278121656));
#3228=CARTESIAN_POINT('Ctrl Pts',(-1.58349063148659,76.039603960396,-2.06919235679065));
#3229=CARTESIAN_POINT('Ctrl Pts',(-2.37920734691482,76.8316831683169,-1.06224855367904));
#3230=CARTESIAN_POINT('Ctrl Pts',(-2.59769695491689,77.6237623762376,0.202410770025111));
#3231=CARTESIAN_POINT('Ctrl Pts',(-2.18595099257207,78.4158415841584,1.41796256913919));
#3232=CARTESIAN_POINT('Ctrl Pts',(-1.24386446531016,79.2079207920792,2.28949793215572));
#3233=CARTESIAN_POINT('Ctrl Pts',(-1.00482480822163E-14,80.,2.60557087591312));
#3234=CARTESIAN_POINT('Ctrl Pts',(1.24386446531014,80.7920792079208,2.28949793215573));
#3235=CARTESIAN_POINT('Ctrl Pts',(2.18595099257206,81.5841584158416,1.41796256913921));
#3236=CARTESIAN_POINT('Ctrl Pts',(2.59769695491689,82.3762376237624,0.202410770025127));
#3237=CARTESIAN_POINT('Ctrl Pts',(2.37920734691482,83.1683168316832,-1.06224855367903));
#3238=CARTESIAN_POINT('Ctrl Pts',(1.5834906314866,83.960396039604,-2.06919235679065));
#3239=CARTESIAN_POINT('Ctrl Pts',(0.403598187097768,84.7524752475248,-2.57412278121656));
#3240=CARTESIAN_POINT('Ctrl Pts',(-0.874212504896908,85.5445544554455,-2.45453704100967));
#3241=CARTESIAN_POINT('Ctrl Pts',(-1.9399277037721,86.3366336633663,-1.73944821525223));
#3242=CARTESIAN_POINT('Ctrl Pts',(-2.53499083505164,87.1287128712871,-0.602346292103494));
#3243=CARTESIAN_POINT('Ctrl Pts',(-2.51503172837192,87.9207920792079,0.680892792361021));
#3244=CARTESIAN_POINT('Ctrl Pts',(-1.88489272646969,88.7128712871287,1.79893829774907));
#3245=CARTESIAN_POINT('Ctrl Pts',(-0.797453868916131,89.5049504950495,2.48053762647482));
#3246=CARTESIAN_POINT('Ctrl Pts',(0.483457823469212,90.2970297029703,2.56032578441359));
#3247=CARTESIAN_POINT('Ctrl Pts',(1.64707626633364,91.0891089108911,2.01894511126159));
#3248=CARTESIAN_POINT('Ctrl Pts',(2.41109226590583,91.8811881188119,0.987741704442901));
#3249=CARTESIAN_POINT('Ctrl Pts',(2.59014545583004,92.6732673267327,-0.283100877868044));
#3250=CARTESIAN_POINT('Ctrl Pts',(2.1407951687641,93.4653465346535,-1.48525945033281));
#3251=CARTESIAN_POINT('Ctrl Pts',(1.17205971568479,94.2574257425742,-2.32707447501698));
#3252=CARTESIAN_POINT('Ctrl Pts',(-0.0810328953751858,95.0495049504951,
-2.60431051514096));
#3253=CARTESIAN_POINT('Ctrl Pts',(-1.31446585639902,95.8415841584159,-2.24970644791001));
#3254=CARTESIAN_POINT('Ctrl Pts',(-2.22899204997212,96.6336633663366,-1.34929390073762));
#3255=CARTESIAN_POINT('Ctrl Pts',(-2.60273534996946,97.4257425742574,-0.121524842834689));
#3256=CARTESIAN_POINT('Ctrl Pts',(-2.34502069847434,98.2178217821782,1.13572774604374));
#3257=CARTESIAN_POINT('Ctrl Pts',(-1.51837307172169,99.009900990099,2.11743779235119));
#3258=CARTESIAN_POINT('Ctrl Pts',(-0.323348095546269,99.8019801980199,2.58542948047578));
#3259=CARTESIAN_POINT('Ctrl Pts',(0.950125396739339,100.594059405941,2.4261618494811));
#3260=CARTESIAN_POINT('Ctrl Pts',(1.99308592630939,101.386138613861,1.67827532894758));
#3261=CARTESIAN_POINT('Ctrl Pts',(2.55249750181825,102.178217821782,0.523217060710231));
#3262=CARTESIAN_POINT('Ctrl Pts',(2.49263949092574,102.970297029703,-0.758780572816736));
#3263=CARTESIAN_POINT('Ctrl Pts',(1.82803423718826,103.762376237624,-1.85668802362545));
#3264=CARTESIAN_POINT('Ctrl Pts',(0.719923747819917,104.554455445545,-2.50413845198934));
#3265=CARTESIAN_POINT('Ctrl Pts',(-0.562849745620094,105.346534653465,-2.54405183777022));
#3266=CARTESIAN_POINT('Ctrl Pts',(-1.70906846126777,106.138613861386,-1.96674466672888));
#3267=CARTESIAN_POINT('Ctrl Pts',(-2.44064460884751,106.930693069307,-0.912279278899966));
#3268=CARTESIAN_POINT('Ctrl Pts',(-2.58008815829656,107.722772277228,0.363517103895435));
#3269=CARTESIAN_POINT('Ctrl Pts',(-2.09356826389142,108.514851485148,1.55111943893219));
#3270=CARTESIAN_POINT('Ctrl Pts',(-1.09912107398079,109.306930693069,2.36239972361537));
#3271=CARTESIAN_POINT('Ctrl Pts',(0.161987396657528,110.09900990099,2.60053065214213));
#3272=CARTESIAN_POINT('Ctrl Pts',(1.38379558666526,110.891089108911,2.20773851797091));
#3273=CARTESIAN_POINT('Ctrl Pts',(2.26987670152099,111.683168316832,1.27931987762984));
#3274=CARTESIAN_POINT('Ctrl Pts',(2.60525576666594,112.475247524752,0.0405213482073776));
#3275=CARTESIAN_POINT('Ctrl Pts',(2.30856539395884,113.267326732673,-1.20810819516396));
#3276=CARTESIAN_POINT('Ctrl Pts',(1.45178658407247,114.059405940594,-2.16363474360019));
#3277=CARTESIAN_POINT('Ctrl Pts',(0.242785185595427,114.851485148515,-2.59423494368996));
#3278=CARTESIAN_POINT('Ctrl Pts',(-1.02511910362331,115.643564356436,-2.39543950305434));
#3279=CARTESIAN_POINT('Ctrl Pts',(-2.04431596693438,116.435643564356,-1.61547881965188));
#3280=CARTESIAN_POINT('Ctrl Pts',(-2.56753479210228,117.227722772277,-0.443581650602193));
#3281=CARTESIAN_POINT('Ctrl Pts',(-2.46783578575667,118.019801980198,0.835934282073307));
#3282=CARTESIAN_POINT('Ctrl Pts',(-1.76940724284408,118.811881188119,1.91264152375127));
#3283=CARTESIAN_POINT('Ctrl Pts',(-0.641697146993194,119.60396039604,2.52531668527879));
#3284=CARTESIAN_POINT('Ctrl Pts',(0.641697146993167,120.39603960396,2.52531668527879));
#3285=CARTESIAN_POINT('Ctrl Pts',(1.76940724284405,121.188118811881,1.9126415237513));
#3286=CARTESIAN_POINT('Ctrl Pts',(2.46783578575665,121.980198019802,0.835934282073356));
#3287=CARTESIAN_POINT('Ctrl Pts',(2.56753479210229,122.772277227723,-0.443581650602153));
#3288=CARTESIAN_POINT('Ctrl Pts',(2.04431596693439,123.564356435644,-1.61547881965185));
#3289=CARTESIAN_POINT('Ctrl Pts',(1.02511910362332,124.356435643564,-2.39543950305433));
#3290=CARTESIAN_POINT('Ctrl Pts',(-0.242785185595413,125.148514851485,-2.59423494368996));
#3291=CARTESIAN_POINT('Ctrl Pts',(-1.45178658407244,125.940594059406,-2.16363474360021));
#3292=CARTESIAN_POINT('Ctrl Pts',(-2.30856539395882,126.732673267327,-1.20810819516399));
#3293=CARTESIAN_POINT('Ctrl Pts',(-2.60525576666594,127.524752475248,0.0405213482073249));
#3294=CARTESIAN_POINT('Ctrl Pts',(-2.26987670152102,128.316831683168,1.27931987762981));
#3295=CARTESIAN_POINT('Ctrl Pts',(-1.38379558666528,129.108910891089,2.2077385179709));
#3296=CARTESIAN_POINT('Ctrl Pts',(-0.161987396657556,129.90099009901,2.60053065214213));
#3297=CARTESIAN_POINT('Ctrl Pts',(1.09912107398077,130.693069306931,2.36239972361538));
#3298=CARTESIAN_POINT('Ctrl Pts',(2.0935682638914,131.485148514852,1.55111943893221));
#3299=CARTESIAN_POINT('Ctrl Pts',(2.58008815829656,132.277227722772,0.363517103895456));
#3300=CARTESIAN_POINT('Ctrl Pts',(2.44064460884751,133.069306930693,-0.912279278899964));
#3301=CARTESIAN_POINT('Ctrl Pts',(1.70906846126781,133.861386138614,-1.96674466672883));
#3302=CARTESIAN_POINT('Ctrl Pts',(0.562849745620096,134.653465346535,-2.54405183777026));
#3303=CARTESIAN_POINT('Ctrl Pts',(-0.719923747819794,135.445544554455,-2.50413845198926));
#3304=CARTESIAN_POINT('Ctrl Pts',(-1.82803423718838,136.237623762376,-1.85668802362567));
#3305=CARTESIAN_POINT('Ctrl Pts',(-2.49263949092545,137.029702970297,-0.758780572816386));
#3306=CARTESIAN_POINT('Ctrl Pts',(-2.55249750181883,137.821782178218,0.523217060709451));
#3307=CARTESIAN_POINT('Ctrl Pts',(-1.99308592630826,138.613861386139,1.67827532894906));
#3308=CARTESIAN_POINT('Ctrl Pts',(-0.950125396741685,139.405940594059,2.42616184947807));
#3309=CARTESIAN_POINT('Ctrl Pts',(0.32334809555084,140.19801980198,2.58542948048183));
#3310=CARTESIAN_POINT('Ctrl Pts',(1.51837307171243,140.990099009901,2.11743779233911));
#3311=CARTESIAN_POINT('Ctrl Pts',(2.34502069849282,141.782178217822,1.13572774606801));
#3312=CARTESIAN_POINT('Ctrl Pts',(2.60273534993241,142.574257425743,-0.121524842883234));
#3313=CARTESIAN_POINT('Ctrl Pts',(2.22899205004636,143.366336633663,-1.34929390064031));
#3314=CARTESIAN_POINT('Ctrl Pts',(1.31446585625035,144.158415841584,-2.24970644810487));
#3315=CARTESIAN_POINT('Ctrl Pts',(0.0810328956730856,144.950495049505,-2.60431051475058));
#3316=CARTESIAN_POINT('Ctrl Pts',(-1.17205971628145,145.742574257426,-2.32707447579897));
#3317=CARTESIAN_POINT('Ctrl Pts',(-2.14079516756887,146.534653465346,-1.4852594487664));
#3318=CARTESIAN_POINT('Ctrl Pts',(-2.59014545822425,147.326732673267,-0.283100881005871));
#3319=CARTESIAN_POINT('Ctrl Pts',(-2.41109226110985,148.118811881188,0.987741710728363));
#3320=CARTESIAN_POINT('Ctrl Pts',(-1.64707627594079,148.910891089109,2.01894509867073));
#3321=CARTESIAN_POINT('Ctrl Pts',(-0.48345780422472,149.70297029703,2.56032580963497));
#3322=CARTESIAN_POINT('Ctrl Pts',(0.797453830366352,150.495049504951,2.4805375759525));
#3323=CARTESIAN_POINT('Ctrl Pts',(1.8848928036908,151.287128712871,1.79893839895313));
#3324=CARTESIAN_POINT('Ctrl Pts',(2.51503157368606,152.079207920792,0.680892589633685));
#3325=CARTESIAN_POINT('Ctrl Pts',(2.53499114491133,152.871287128713,-0.60234588600924));
#3326=CARTESIAN_POINT('Ctrl Pts',(1.93992708307524,153.663366336634,-1.73944902872181));
#3327=CARTESIAN_POINT('Ctrl Pts',(0.874213748249192,154.455445544554,-2.45453541150298));
#3328=CARTESIAN_POINT('Ctrl Pts',(-0.403600677730635,155.247524752475,-2.57412604538796));
#3329=CARTESIAN_POINT('Ctrl Pts',(-1.58348564228127,156.039603960396,-2.06918581791401));
#3330=CARTESIAN_POINT('Ctrl Pts',(-2.37921734217636,156.831683168317,-1.06226165525838));
#3331=CARTESIAN_POINT('Ctrl Pts',(-2.59767691794935,157.623762376238,0.202437056931631));
#3332=CARTESIAN_POINT('Ctrl Pts',(-2.18599133253119,158.415841584158,1.41790931380577));
#3333=CARTESIAN_POINT('Ctrl Pts',(-1.24378102910879,159.207920792079,2.28961138966845));
#3334=CARTESIAN_POINT('Ctrl Pts',(-0.414731703444209,159.73597359736,2.5));
#3335=CARTESIAN_POINT('Ctrl Pts',(-9.79717439317881E-15,160.,2.5));
#3336=CARTESIAN_POINT('',(0.,0.75,17.5));
#3337=CARTESIAN_POINT('Ctrl Pts',(2.49979196690637,152.5,-1.18225068596468E-5));
#3338=CARTESIAN_POINT('Ctrl Pts',(2.49975515885257,152.359735973597,0.220362760056511));
#3339=CARTESIAN_POINT('Ctrl Pts',(2.47089583118664,152.219471947195,0.440746765848718));
#3340=CARTESIAN_POINT('Ctrl Pts',(2.41333504055772,152.079207920792,0.653360478579805));
#3341=CARTESIAN_POINT('Ctrl Pts',(2.30498531702097,151.815181518152,1.05357452607352));
#3342=CARTESIAN_POINT('Ctrl Pts',(2.09493906035589,151.551155115512,1.42625646251333));
#3343=CARTESIAN_POINT('Ctrl Pts',(1.80867610313594,151.287128712871,1.72619729356646));
#3344=CARTESIAN_POINT('Ctrl Pts',(1.52241314591599,151.023102310231,2.02613812461959));
#3345=CARTESIAN_POINT('Ctrl Pts',(1.15993348814117,150.759075907591,2.25333785028604));
#3346=CARTESIAN_POINT('Ctrl Pts',(0.765208386821917,150.49504950495,2.38023575206635));
#3347=CARTESIAN_POINT('Ctrl Pts',(0.370483285502663,150.23102310231,2.50713365384665));
#3348=CARTESIAN_POINT('Ctrl Pts',(-0.0564872593610307,149.96699669967,2.53372973174081));
#3349=CARTESIAN_POINT('Ctrl Pts',(-0.463908943745553,149.70297029703,2.45679765219385));
#3350=CARTESIAN_POINT('Ctrl Pts',(-0.871330628130075,149.438943894389,2.37986557264689));
#3351=CARTESIAN_POINT('Ctrl Pts',(-1.25920345203543,149.174917491749,2.19940533565881));
#3352=CARTESIAN_POINT('Ctrl Pts',(-1.58047586151629,148.910891089109,1.93730798584104));
#3353=CARTESIAN_POINT('Ctrl Pts',(-1.90174827099714,148.646864686469,1.67521063602327));
#3354=CARTESIAN_POINT('Ctrl Pts',(-2.1564202660535,148.382838283828,1.33147617337581));
#3355=CARTESIAN_POINT('Ctrl Pts',(-2.31359846310075,148.118811881188,0.947801843429709));
#3356=CARTESIAN_POINT('Ctrl Pts',(-2.47077666014799,147.854785478548,0.564127513483605));
#3357=CARTESIAN_POINT('Ctrl Pts',(-2.53046105918612,147.590759075908,0.140513316238888));
#3358=CARTESIAN_POINT('Ctrl Pts',(-2.48541154359596,147.326732673267,-0.271653543676908));
#3359=CARTESIAN_POINT('Ctrl Pts',(-2.4403620280058,147.062706270627,-0.683820403592692));
#3360=CARTESIAN_POINT('Ctrl Pts',(-2.29057859778734,146.798679867987,-1.08453992617953));
#3361=CARTESIAN_POINT('Ctrl Pts',(-2.05423097413022,146.534653465347,-1.42520219197838));
#3362=CARTESIAN_POINT('Ctrl Pts',(-1.81788335047309,146.270627062706,-1.76586445777723));
#3363=CARTESIAN_POINT('Ctrl Pts',(-1.49497153337728,146.006600660066,-2.04646946678809));
#3364=CARTESIAN_POINT('Ctrl Pts',(-1.1246668561703,145.742574257426,-2.23297797778546));
#3365=CARTESIAN_POINT('Ctrl Pts',(-0.754362178963295,145.478547854786,-2.41948648878284));
#3366=CARTESIAN_POINT('Ctrl Pts',(-0.336664641645103,145.214521452145,-2.51189850176671));
#3367=CARTESIAN_POINT('Ctrl Pts',(0.0777562871102089,144.950495049505,-2.49900383048436));
#3368=CARTESIAN_POINT('Ctrl Pts',(0.492177215865509,144.686468646865,-2.48610915920201));
#3369=CARTESIAN_POINT('Ctrl Pts',(0.903321536057937,144.422442244224,-2.36790780365344));
#3370=CARTESIAN_POINT('Ctrl Pts',(1.26131472845349,144.158415841584,-2.15873836796839));
#3371=CARTESIAN_POINT('Ctrl Pts',(1.61930792084902,143.894389438944,-1.94956893228335));
#3372=CARTESIAN_POINT('Ctrl Pts',(1.92414998544769,143.630363036304,-1.64943141646183));
#3373=CARTESIAN_POINT('Ctrl Pts',(2.13886156772803,143.366336633663,-1.29473448225824));
#3374=CARTESIAN_POINT('Ctrl Pts',(2.35357315000838,143.102310231023,-0.94003754805463));
#3375=CARTESIAN_POINT('Ctrl Pts',(2.47815424997039,142.838283828383,-0.53078119546893));
#3376=CARTESIAN_POINT('Ctrl Pts',(2.4974923580448,142.574257425743,-0.116610921017542));
#3377=CARTESIAN_POINT('Ctrl Pts',(2.49930530567678,142.549504950495,-0.0777824577877665));
#3378=CARTESIAN_POINT('Ctrl Pts',(2.50019326607537,142.524752475248,-0.038910805791592));
#3379=CARTESIAN_POINT('Ctrl Pts',(2.50016482573935,142.5,-3.78539856994534E-5));
#3380=CARTESIAN_POINT('',(-6.85802207522518E-14,160.75,17.5));
#3381=CARTESIAN_POINT('',(-6.85802207522518E-14,160.75,17.5));
#3382=CARTESIAN_POINT('Ctrl Pts',(-0.000411292045063572,155.75,-17.4993101622298));
#3383=CARTESIAN_POINT('Ctrl Pts',(-0.907723905556166,155.832508250825,-17.5000928258711));
#3384=CARTESIAN_POINT('Ctrl Pts',(-4.71793687474769,156.179042904291,-17.208874036143));
#3385=CARTESIAN_POINT('Ctrl Pts',(-11.0843994959689,156.789603960396,-14.4843007253981));
#3386=CARTESIAN_POINT('Ctrl Pts',(-16.6545213952346,157.581683168317,-7.43583158680871));
#3387=CARTESIAN_POINT('Ctrl Pts',(-18.1837384256454,158.373762376237,1.41705939852143));
#3388=CARTESIAN_POINT('Ctrl Pts',(-15.3019393277184,159.165841584159,9.92536519664038));
#3389=CARTESIAN_POINT('Ctrl Pts',(-8.70646720376155,159.957920792079,16.0272797276792));
#3390=CARTESIAN_POINT('Ctrl Pts',(-2.90312192410946,160.48597359736,17.5));
#3391=CARTESIAN_POINT('Ctrl Pts',(-6.85802207522518E-14,160.75,17.5));
#3392=CARTESIAN_POINT('Origin',(0.,1.25,0.));
#3393=CARTESIAN_POINT('',(-6.85802207522518E-14,161.25,17.5));
#3394=CARTESIAN_POINT('',(-6.85802207522518E-14,161.25,17.5));
#3395=CARTESIAN_POINT('Ctrl Pts',(-0.000411289615343882,156.25,-17.4993101706499));
#3396=CARTESIAN_POINT('Ctrl Pts',(-0.907723903565334,156.332508250825,-17.5000928331071));
#3397=CARTESIAN_POINT('Ctrl Pts',(-4.71793687580633,156.67904290429,-17.2088740426339));
#3398=CARTESIAN_POINT('Ctrl Pts',(-11.0843995201056,157.289603960396,-14.4843007929));
#3399=CARTESIAN_POINT('Ctrl Pts',(-16.654521391976,158.081683168317,-7.43583149658561));
#3400=CARTESIAN_POINT('Ctrl Pts',(-18.1837384676238,158.873762376237,1.4170592230239));
#3401=CARTESIAN_POINT('Ctrl Pts',(-15.3019393197732,159.665841584158,9.9253655309396));
#3402=CARTESIAN_POINT('Ctrl Pts',(-8.70646723998994,160.457920792079,16.0272789935949));
#3403=CARTESIAN_POINT('Ctrl Pts',(-2.90312192410946,160.98597359736,17.5));
#3404=CARTESIAN_POINT('Ctrl Pts',(-6.85802207522518E-14,161.25,17.5));
#3405=CARTESIAN_POINT('Ctrl Pts',(0.,2.,2.5));
#3406=CARTESIAN_POINT('Ctrl Pts',(0.414731703444197,2.26402640264026,2.5));
#3407=CARTESIAN_POINT('Ctrl Pts',(1.24378103428426,2.79207920792079,2.28961128479927));
#3408=CARTESIAN_POINT('Ctrl Pts',(2.18599133139616,3.58415841584158,1.41790936156282));
#3409=CARTESIAN_POINT('Ctrl Pts',(2.59767692394625,4.37623762376237,0.202437031860586));
#3410=CARTESIAN_POINT('Ctrl Pts',(2.37921734171087,5.16831683168317,-1.06226164236934));
#3411=CARTESIAN_POINT('Ctrl Pts',(1.5834856457294,5.96039603960396,-2.06918582755713));
#3412=CARTESIAN_POINT('Ctrl Pts',(0.403600676901745,6.75247524752475,-2.57412604372404));
#3413=CARTESIAN_POINT('Ctrl Pts',(-0.874213748355074,7.54455445544555,-2.45453541613252));
#3414=CARTESIAN_POINT('Ctrl Pts',(-1.93992708539232,8.33663366336633,-1.73944902919837));
#3415=CARTESIAN_POINT('Ctrl Pts',(-2.53499114711808,9.12871287128713,-0.602345887240396));
#3416=CARTESIAN_POINT('Ctrl Pts',(-2.51503157626604,9.92079207920792,0.680892590638457));
#3417=CARTESIAN_POINT('Ctrl Pts',(-1.88489280543919,10.7128712871287,1.79893840051432));
#3418=CARTESIAN_POINT('Ctrl Pts',(-0.797453831183008,11.5049504950495,2.48053757845396));
#3419=CARTESIAN_POINT('Ctrl Pts',(0.483457804717179,12.2970297029703,2.56032581206621));
#3420=CARTESIAN_POINT('Ctrl Pts',(1.64707627752467,13.0891089108911,2.01894510065483));
#3421=CARTESIAN_POINT('Ctrl Pts',(2.41109226345429,13.8811881188119,0.987741711671947));
#3422=CARTESIAN_POINT('Ctrl Pts',(2.59014546073162,14.6732673267327,-0.283100881272976));
#3423=CARTESIAN_POINT('Ctrl Pts',(2.14079516964631,15.4653465346535,-1.48525945021014));
#3424=CARTESIAN_POINT('Ctrl Pts',(1.17205971741669,16.2574257425743,-2.327074478053));
#3425=CARTESIAN_POINT('Ctrl Pts',(-0.0810328957510597,17.049504950495,-2.60431051727643));
#3426=CARTESIAN_POINT('Ctrl Pts',(-1.31446585752497,17.8415841584158,-2.24970645028538));
#3427=CARTESIAN_POINT('Ctrl Pts',(-2.22899205220715,18.6336633663366,-1.34929390194871));
#3428=CARTESIAN_POINT('Ctrl Pts',(-2.60273535245578,19.4257425742574,-0.121524843000913));
#3429=CARTESIAN_POINT('Ctrl Pts',(-2.34502070076622,20.2178217821782,1.13572774716898));
#3430=CARTESIAN_POINT('Ctrl Pts',(-1.51837307318449,21.009900990099,2.11743779439194));
#3431=CARTESIAN_POINT('Ctrl Pts',(-0.323348095864333,21.8019801980198,2.58542948298831));
#3432=CARTESIAN_POINT('Ctrl Pts',(0.950125397662771,22.5940594059406,2.4261618518302));
#3433=CARTESIAN_POINT('Ctrl Pts',(1.99308592824049,23.3861386138614,1.67827533057612));
#3434=CARTESIAN_POINT('Ctrl Pts',(2.55249750429341,24.1782178217822,0.523217061216723));
#3435=CARTESIAN_POINT('Ctrl Pts',(2.49263949334201,24.970297029703,-0.75878057355199));
#3436=CARTESIAN_POINT('Ctrl Pts',(1.82803423896063,25.7623762376238,-1.85668802542566));
#3437=CARTESIAN_POINT('Ctrl Pts',(0.719923748517772,26.5544554455446,-2.50413845441695));
#3438=CARTESIAN_POINT('Ctrl Pts',(-0.56284974616574,27.3465346534653,-2.54405184023666));
#3439=CARTESIAN_POINT('Ctrl Pts',(-1.7090684629247,28.1386138613861,-1.96674466863555));
#3440=CARTESIAN_POINT('Ctrl Pts',(-2.44064461121365,28.9306930693069,-0.912279279784408));
#3441=CARTESIAN_POINT('Ctrl Pts',(-2.5800881607979,29.7227722772277,0.363517104247858));
#3442=CARTESIAN_POINT('Ctrl Pts',(-2.09356826592108,30.5148514851485,1.55111944043596));
#3443=CARTESIAN_POINT('Ctrl Pts',(-1.09912107504636,31.3069306930693,2.36239972590566));
#3444=CARTESIAN_POINT('Ctrl Pts',(0.161987396814586,32.0990099009901,2.60053065466328));
#3445=CARTESIAN_POINT('Ctrl Pts',(1.38379558800683,32.8910891089108,2.20773852011125));
#3446=CARTESIAN_POINT('Ctrl Pts',(2.26987670372159,33.6831683168317,1.27931987887009));
#3447=CARTESIAN_POINT('Ctrl Pts',(2.60525576919167,34.4752475247525,0.0405213482466344));
#3448=CARTESIAN_POINT('Ctrl Pts',(2.30856539619693,35.2673267326732,-1.2081081963352));
#3449=CARTESIAN_POINT('Ctrl Pts',(1.45178658547992,36.0594059405941,-2.16363474569779));
#3450=CARTESIAN_POINT('Ctrl Pts',(0.242785185830795,36.8514851485148,-2.59423494620501));
#3451=CARTESIAN_POINT('Ctrl Pts',(-1.02511910461714,37.6435643564357,-2.39543950537665));
#3452=CARTESIAN_POINT('Ctrl Pts',(-2.04431596891629,38.4356435643564,-1.61547882121804));
#3453=CARTESIAN_POINT('Ctrl Pts',(-2.56753479459144,39.2277227722773,-0.44358165103222));
#3454=CARTESIAN_POINT('Ctrl Pts',(-2.46783578814917,40.019801980198,0.835934282883743));
#3455=CARTESIAN_POINT('Ctrl Pts',(-1.76940724455946,40.8118811881188,1.91264152560554));
#3456=CARTESIAN_POINT('Ctrl Pts',(-0.641697147615297,41.6039603960396,2.52531668772702));
#3457=CARTESIAN_POINT('Ctrl Pts',(0.641697147615291,42.3960396039604,2.52531668772702));
#3458=CARTESIAN_POINT('Ctrl Pts',(1.76940724455946,43.1881188118812,1.91264152560554));
#3459=CARTESIAN_POINT('Ctrl Pts',(2.46783578814917,43.980198019802,0.835934282883749));
#3460=CARTESIAN_POINT('Ctrl Pts',(2.56753479459144,44.7722772277228,-0.443581651032207));
#3461=CARTESIAN_POINT('Ctrl Pts',(2.0443159689163,45.5643564356436,-1.61547882121803));
#3462=CARTESIAN_POINT('Ctrl Pts',(1.02511910461715,46.3564356435643,-2.39543950537665));
#3463=CARTESIAN_POINT('Ctrl Pts',(-0.242785185830782,47.1485148514852,-2.59423494620501));
#3464=CARTESIAN_POINT('Ctrl Pts',(-1.45178658547992,47.9405940594059,-2.1636347456978));
#3465=CARTESIAN_POINT('Ctrl Pts',(-2.30856539619692,48.7326732673267,-1.20810819633522));
#3466=CARTESIAN_POINT('Ctrl Pts',(-2.60525576919167,49.5247524752476,0.0405213482466247));
#3467=CARTESIAN_POINT('Ctrl Pts',(-2.2698767037216,50.3168316831683,1.27931987887008));
#3468=CARTESIAN_POINT('Ctrl Pts',(-1.38379558800684,51.1089108910892,2.20773852011125));
#3469=CARTESIAN_POINT('Ctrl Pts',(-0.161987396814596,51.9009900990099,2.60053065466328));
#3470=CARTESIAN_POINT('Ctrl Pts',(1.09912107504634,52.6930693069307,2.36239972590567));
#3471=CARTESIAN_POINT('Ctrl Pts',(2.09356826592107,53.4851485148514,1.55111944043598));
#3472=CARTESIAN_POINT('Ctrl Pts',(2.58008816079789,54.2772277227723,0.363517104247867));
#3473=CARTESIAN_POINT('Ctrl Pts',(2.44064461121366,55.0693069306931,-0.91227927978439));
#3474=CARTESIAN_POINT('Ctrl Pts',(1.70906846292468,55.8613861386139,-1.96674466863558));
#3475=CARTESIAN_POINT('Ctrl Pts',(0.562849746165777,56.6534653465346,-2.54405184023661));
#3476=CARTESIAN_POINT('Ctrl Pts',(-0.719923748517836,57.4455445544555,-2.50413845441705));
#3477=CARTESIAN_POINT('Ctrl Pts',(-1.82803423896048,58.2376237623762,-1.85668802542548));
#3478=CARTESIAN_POINT('Ctrl Pts',(-2.49263949334229,59.029702970297,-0.758780573552376));
#3479=CARTESIAN_POINT('Ctrl Pts',(-2.55249750429283,59.8217821782178,0.523217061217461));
#3480=CARTESIAN_POINT('Ctrl Pts',(-1.99308592824165,60.6138613861386,1.67827533057461));
#3481=CARTESIAN_POINT('Ctrl Pts',(-0.950125397660485,61.4059405940594,2.4261618518332));
#3482=CARTESIAN_POINT('Ctrl Pts',(0.323348095859726,62.1980198019802,2.58542948298229));
#3483=CARTESIAN_POINT('Ctrl Pts',(1.5183730731937,62.990099009901,2.11743779440401));
#3484=CARTESIAN_POINT('Ctrl Pts',(2.34502070074777,63.7821782178218,1.13572774714482));
#3485=CARTESIAN_POINT('Ctrl Pts',(2.60273535249275,64.5742574257426,-0.121524842952482));
#3486=CARTESIAN_POINT('Ctrl Pts',(2.22899205213308,65.3663366336633,-1.34929390204571));
#3487=CARTESIAN_POINT('Ctrl Pts',(1.31446585767338,66.1584158415842,-2.24970645009103));
#3488=CARTESIAN_POINT('Ctrl Pts',(0.0810328954537615,66.9504950495049,-2.60431051766577));
#3489=CARTESIAN_POINT('Ctrl Pts',(-1.17205971682107,67.7425742574257,-2.32707447727302));
#3490=CARTESIAN_POINT('Ctrl Pts',(-2.14079517083954,68.5346534653466,-1.48525945177275));
#3491=CARTESIAN_POINT('Ctrl Pts',(-2.59014545834112,69.3267326732672,-0.283100878142517));
#3492=CARTESIAN_POINT('Ctrl Pts',(-2.41109226824333,70.1188118811882,0.987741705400463));
#3493=CARTESIAN_POINT('Ctrl Pts',(-1.64707626793047,70.9108910891088,2.01894511321889));
#3494=CARTESIAN_POINT('Ctrl Pts',(-0.483457823937941,71.7029702970298,2.56032578689576));
#3495=CARTESIAN_POINT('Ctrl Pts',(0.797453869689229,72.4950495049504,2.48053762887965));
#3496=CARTESIAN_POINT('Ctrl Pts',(1.88489272829703,73.2871287128713,1.79893829949311));
#3497=CARTESIAN_POINT('Ctrl Pts',(2.51503173081018,74.079207920792,0.680892793021145));
#3498=CARTESIAN_POINT('Ctrl Pts',(2.53499083750926,74.8712871287129,-0.602346292687426));
#3499=CARTESIAN_POINT('Ctrl Pts',(1.93992770565283,75.6633663366337,-1.73944821693855));
#3500=CARTESIAN_POINT('Ctrl Pts',(0.874212505744465,76.4554455445544,-2.45453704338928));
#3501=CARTESIAN_POINT('Ctrl Pts',(-0.403598187489033,77.2475247524753,-2.57412278371211));
#3502=CARTESIAN_POINT('Ctrl Pts',(-1.58349063302174,78.0396039603961,-2.06919235879668));
#3503=CARTESIAN_POINT('Ctrl Pts',(-2.3792073492214,78.8316831683167,-1.06224855470887));
#3504=CARTESIAN_POINT('Ctrl Pts',(-2.59769695743529,79.6237623762377,0.202410770221344));
#3505=CARTESIAN_POINT('Ctrl Pts',(-2.1859509946913,80.4158415841583,1.41796257051387));
#3506=CARTESIAN_POINT('Ctrl Pts',(-1.24386446651606,81.2079207920792,2.28949793437534));
#3507=CARTESIAN_POINT('Ctrl Pts',(-1.06642247648105E-14,81.9999999999999,
2.60557087843915));
#3508=CARTESIAN_POINT('Ctrl Pts',(1.24386446651603,82.7920792079209,2.28949793437534));
#3509=CARTESIAN_POINT('Ctrl Pts',(2.18595099469129,83.5841584158415,1.41796257051389));
#3510=CARTESIAN_POINT('Ctrl Pts',(2.59769695743529,84.3762376237624,0.202410770221358));
#3511=CARTESIAN_POINT('Ctrl Pts',(2.3792073492214,85.1683168316831,-1.06224855470886));
#3512=CARTESIAN_POINT('Ctrl Pts',(1.58349063302175,85.960396039604,-2.06919235879668));
#3513=CARTESIAN_POINT('Ctrl Pts',(0.403598187489047,86.7524752475247,-2.5741227837121));
#3514=CARTESIAN_POINT('Ctrl Pts',(-0.874212505744436,87.5445544554456,-2.45453704338928));
#3515=CARTESIAN_POINT('Ctrl Pts',(-1.93992770565281,88.3366336633662,-1.73944821693858));
#3516=CARTESIAN_POINT('Ctrl Pts',(-2.53499083750925,89.1287128712871,-0.602346292687456));
#3517=CARTESIAN_POINT('Ctrl Pts',(-2.51503173081019,89.9207920792079,0.680892793021131));
#3518=CARTESIAN_POINT('Ctrl Pts',(-1.88489272829704,90.7128712871288,1.7989382994931));
#3519=CARTESIAN_POINT('Ctrl Pts',(-0.797453869689244,91.5049504950493,2.48053762887964));
#3520=CARTESIAN_POINT('Ctrl Pts',(0.483457823937914,92.2970297029705,2.56032578689576));
#3521=CARTESIAN_POINT('Ctrl Pts',(1.64707626793044,93.0891089108909,2.01894511321891));
#3522=CARTESIAN_POINT('Ctrl Pts',(2.41109226824332,93.881188118812,0.987741705400493));
#3523=CARTESIAN_POINT('Ctrl Pts',(2.59014545834112,94.6732673267326,-0.283100878142503));
#3524=CARTESIAN_POINT('Ctrl Pts',(2.14079517083955,95.4653465346535,-1.48525945177274));
#3525=CARTESIAN_POINT('Ctrl Pts',(1.17205971682108,96.2574257425742,-2.32707447727302));
#3526=CARTESIAN_POINT('Ctrl Pts',(-0.0810328954537456,97.049504950495,-2.60431051766577));
#3527=CARTESIAN_POINT('Ctrl Pts',(-1.31446585767336,97.8415841584158,-2.24970645009104));
#3528=CARTESIAN_POINT('Ctrl Pts',(-2.22899205213307,98.6336633663366,-1.34929390204573));
#3529=CARTESIAN_POINT('Ctrl Pts',(-2.60273535249275,99.4257425742575,-0.121524842952504));
#3530=CARTESIAN_POINT('Ctrl Pts',(-2.34502070074777,100.217821782178,1.1357277471448));
#3531=CARTESIAN_POINT('Ctrl Pts',(-1.51837307319372,101.009900990099,2.117437794404));
#3532=CARTESIAN_POINT('Ctrl Pts',(-0.323348095859746,101.80198019802,2.58542948298229));
#3533=CARTESIAN_POINT('Ctrl Pts',(0.950125397660462,102.594059405941,2.42616185183321));
#3534=CARTESIAN_POINT('Ctrl Pts',(1.99308592824163,103.386138613861,1.67827533057463));
#3535=CARTESIAN_POINT('Ctrl Pts',(2.55249750429283,104.178217821782,0.523217061217476));
#3536=CARTESIAN_POINT('Ctrl Pts',(2.4926394933423,104.970297029703,-0.758780573552354));
#3537=CARTESIAN_POINT('Ctrl Pts',(1.8280342389605,105.762376237624,-1.85668802542546));
#3538=CARTESIAN_POINT('Ctrl Pts',(0.719923748517866,106.554455445544,-2.50413845441704));
#3539=CARTESIAN_POINT('Ctrl Pts',(-0.562849746165763,107.346534653465,-2.54405184023662));
#3540=CARTESIAN_POINT('Ctrl Pts',(-1.70906846292467,108.138613861386,-1.96674466863558));
#3541=CARTESIAN_POINT('Ctrl Pts',(-2.44064461121366,108.930693069307,-0.9122792797844));
#3542=CARTESIAN_POINT('Ctrl Pts',(-2.58008816079789,109.722772277228,0.363517104247857));
#3543=CARTESIAN_POINT('Ctrl Pts',(-2.09356826592108,110.514851485149,1.55111944043596));
#3544=CARTESIAN_POINT('Ctrl Pts',(-1.09912107504637,111.306930693069,2.36239972590565));
#3545=CARTESIAN_POINT('Ctrl Pts',(0.161987396814571,112.09900990099,2.60053065466328));
#3546=CARTESIAN_POINT('Ctrl Pts',(1.38379558800682,112.891089108911,2.20773852011126));
#3547=CARTESIAN_POINT('Ctrl Pts',(2.26987670372158,113.683168316832,1.27931987887011));
#3548=CARTESIAN_POINT('Ctrl Pts',(2.60525576919167,114.475247524753,0.0405213482466625));
#3549=CARTESIAN_POINT('Ctrl Pts',(2.30856539619694,115.267326732673,-1.20810819633519));
#3550=CARTESIAN_POINT('Ctrl Pts',(1.45178658547994,116.059405940594,-2.16363474569778));
#3551=CARTESIAN_POINT('Ctrl Pts',(0.242785185830803,116.851485148515,-2.59423494620501));
#3552=CARTESIAN_POINT('Ctrl Pts',(-1.02511910461714,117.643564356436,-2.39543950537665));
#3553=CARTESIAN_POINT('Ctrl Pts',(-2.04431596891629,118.435643564356,-1.61547882121804));
#3554=CARTESIAN_POINT('Ctrl Pts',(-2.56753479459144,119.227722772277,-0.443581651032234));
#3555=CARTESIAN_POINT('Ctrl Pts',(-2.46783578814918,120.019801980198,0.835934282883723));
#3556=CARTESIAN_POINT('Ctrl Pts',(-1.76940724455947,120.811881188119,1.91264152560553));
#3557=CARTESIAN_POINT('Ctrl Pts',(-0.641697147615304,121.60396039604,2.52531668772702));
#3558=CARTESIAN_POINT('Ctrl Pts',(0.641697147615277,122.39603960396,2.52531668772702));
#3559=CARTESIAN_POINT('Ctrl Pts',(1.76940724455944,123.188118811881,1.91264152560556));
#3560=CARTESIAN_POINT('Ctrl Pts',(2.46783578814916,123.980198019802,0.835934282883772));
#3561=CARTESIAN_POINT('Ctrl Pts',(2.56753479459145,124.772277227723,-0.443581651032194));
#3562=CARTESIAN_POINT('Ctrl Pts',(2.04431596891631,125.564356435644,-1.61547882121802));
#3563=CARTESIAN_POINT('Ctrl Pts',(1.02511910461715,126.356435643564,-2.39543950537665));
#3564=CARTESIAN_POINT('Ctrl Pts',(-0.242785185830787,127.148514851485,-2.59423494620501));
#3565=CARTESIAN_POINT('Ctrl Pts',(-1.45178658547991,127.940594059406,-2.16363474569779));
#3566=CARTESIAN_POINT('Ctrl Pts',(-2.30856539619692,128.732673267327,-1.20810819633522));
#3567=CARTESIAN_POINT('Ctrl Pts',(-2.60525576919167,129.524752475248,0.0405213482466109));
#3568=CARTESIAN_POINT('Ctrl Pts',(-2.2698767037216,130.316831683168,1.27931987887007));
#3569=CARTESIAN_POINT('Ctrl Pts',(-1.38379558800684,131.108910891089,2.20773852011125));
#3570=CARTESIAN_POINT('Ctrl Pts',(-0.161987396814598,131.90099009901,2.60053065466327));
#3571=CARTESIAN_POINT('Ctrl Pts',(1.09912107504634,132.693069306931,2.36239972590567));
#3572=CARTESIAN_POINT('Ctrl Pts',(2.09356826592106,133.485148514852,1.55111944043598));
#3573=CARTESIAN_POINT('Ctrl Pts',(2.5800881607979,134.277227722772,0.363517104247877));
#3574=CARTESIAN_POINT('Ctrl Pts',(2.44064461121365,135.069306930693,-0.912279279784395));
#3575=CARTESIAN_POINT('Ctrl Pts',(1.70906846292471,135.861386138614,-1.96674466863554));
#3576=CARTESIAN_POINT('Ctrl Pts',(0.562849746165766,136.653465346535,-2.54405184023665));
#3577=CARTESIAN_POINT('Ctrl Pts',(-0.719923748517744,137.445544554456,-2.50413845441697));
#3578=CARTESIAN_POINT('Ctrl Pts',(-1.82803423896061,138.237623762376,-1.85668802542568));
#3579=CARTESIAN_POINT('Ctrl Pts',(-2.49263949334201,139.029702970297,-0.758780573552008));
#3580=CARTESIAN_POINT('Ctrl Pts',(-2.55249750429341,139.821782178218,0.5232170612167));
#3581=CARTESIAN_POINT('Ctrl Pts',(-1.99308592824051,140.613861386139,1.6782753305761));
#3582=CARTESIAN_POINT('Ctrl Pts',(-0.950125397662802,141.405940594059,2.42616185183018));
#3583=CARTESIAN_POINT('Ctrl Pts',(0.323348095864306,142.19801980198,2.58542948298832));
#3584=CARTESIAN_POINT('Ctrl Pts',(1.51837307318448,142.990099009901,2.11743779439195));
#3585=CARTESIAN_POINT('Ctrl Pts',(2.34502070076622,143.782178217822,1.135727747169));
#3586=CARTESIAN_POINT('Ctrl Pts',(2.60273535245578,144.574257425743,-0.121524843000906));
#3587=CARTESIAN_POINT('Ctrl Pts',(2.22899205220716,145.366336633663,-1.3492939019487));
#3588=CARTESIAN_POINT('Ctrl Pts',(1.31446585752498,146.158415841584,-2.24970645028536));
#3589=CARTESIAN_POINT('Ctrl Pts',(0.081032895751087,146.950495049505,-2.60431051727644));
#3590=CARTESIAN_POINT('Ctrl Pts',(-1.17205971741668,147.742574257426,-2.32707447805302));
#3591=CARTESIAN_POINT('Ctrl Pts',(-2.1407951696463,148.534653465346,-1.48525945021015));
#3592=CARTESIAN_POINT('Ctrl Pts',(-2.59014546073161,149.326732673267,-0.283100881272991));
#3593=CARTESIAN_POINT('Ctrl Pts',(-2.41109226345429,150.118811881188,0.987741711671923));
#3594=CARTESIAN_POINT('Ctrl Pts',(-1.64707627752469,150.910891089109,2.01894510065482));
#3595=CARTESIAN_POINT('Ctrl Pts',(-0.483457804717201,151.70297029703,2.56032581206621));
#3596=CARTESIAN_POINT('Ctrl Pts',(0.797453831182994,152.495049504951,2.48053757845397));
#3597=CARTESIAN_POINT('Ctrl Pts',(1.88489280543919,153.287128712871,1.79893840051432));
#3598=CARTESIAN_POINT('Ctrl Pts',(2.51503157626604,154.079207920792,0.680892590638462));
#3599=CARTESIAN_POINT('Ctrl Pts',(2.53499114711808,154.871287128713,-0.602345887240389));
#3600=CARTESIAN_POINT('Ctrl Pts',(1.93992708539233,155.663366336634,-1.73944902919836));
#3601=CARTESIAN_POINT('Ctrl Pts',(0.874213748355093,156.455445544555,-2.45453541613252));
#3602=CARTESIAN_POINT('Ctrl Pts',(-0.403600676901721,157.247524752475,-2.57412604372404));
#3603=CARTESIAN_POINT('Ctrl Pts',(-1.58348564572937,158.039603960396,-2.06918582755714));
#3604=CARTESIAN_POINT('Ctrl Pts',(-2.37921734171086,158.831683168317,-1.06226164236937));
#3605=CARTESIAN_POINT('Ctrl Pts',(-2.59767692394626,159.623762376238,0.202437031860557));
#3606=CARTESIAN_POINT('Ctrl Pts',(-2.18599133139617,160.415841584158,1.4179093615628));
#3607=CARTESIAN_POINT('Ctrl Pts',(-1.24378103428428,161.207920792079,2.28961128479927));
#3608=CARTESIAN_POINT('Ctrl Pts',(-0.414731703444209,161.73597359736,2.5));
#3609=CARTESIAN_POINT('Ctrl Pts',(-9.79717439317883E-15,162.,2.5));
#3610=CARTESIAN_POINT('Ctrl Pts',(0.,1.75,7.5));
#3611=CARTESIAN_POINT('Ctrl Pts',(1.24419511033259,2.01402640264026,7.5));
#3612=CARTESIAN_POINT('Ctrl Pts',(3.73134310285278,2.54207920792079,6.86883385439782));
#3613=CARTESIAN_POINT('Ctrl Pts',(6.55797399418848,3.33415841584158,4.25372808468846));
#3614=CARTESIAN_POINT('Ctrl Pts',(7.79303077183875,4.12623762376238,0.607311095581761));
#3615=CARTESIAN_POINT('Ctrl Pts',(7.13765202513261,4.91831683168317,-3.18678492710801));
#3616=CARTESIAN_POINT('Ctrl Pts',(4.7504569371882,5.71039603960396,-6.20755748267138));
#3617=CARTESIAN_POINT('Ctrl Pts',(1.21080203070523,6.50247524752475,-7.72237813117211));
#3618=CARTESIAN_POINT('Ctrl Pts',(-2.62264124506522,7.29455445544554,-7.36360624839759));
#3619=CARTESIAN_POINT('Ctrl Pts',(-5.81978125617696,8.08663366336634,-5.2183470875951));
#3620=CARTESIAN_POINT('Ctrl Pts',(-7.60497344135424,8.87871287128712,-1.80703766172119));
#3621=CARTESIAN_POINT('Ctrl Pts',(-7.54509472879812,9.67079207920793,2.04267777191538));
#3622=CARTESIAN_POINT('Ctrl Pts',(-5.65467841631758,10.4628712871287,5.39681520154295));
#3623=CARTESIAN_POINT('Ctrl Pts',(-2.39236149354903,11.2549504950495,7.44161273536189));
#3624=CARTESIAN_POINT('Ctrl Pts',(1.45037341415153,12.0470297029703,7.68097743619864));
#3625=CARTESIAN_POINT('Ctrl Pts',(4.94122883257401,12.8391089108911,6.0568353019645));
#3626=CARTESIAN_POINT('Ctrl Pts',(7.23327679036285,13.6311881188119,2.96322513501584));
#3627=CARTESIAN_POINT('Ctrl Pts',(7.77043638219485,14.4232673267327,-0.849302643818925));
#3628=CARTESIAN_POINT('Ctrl Pts',(6.42238550893893,15.2153465346535,-4.45577835063042));
#3629=CARTESIAN_POINT('Ctrl Pts',(3.51617915225008,16.0074257425743,-6.98122343415901));
#3630=CARTESIAN_POINT('Ctrl Pts',(-0.24309868725318,16.799504950495,-7.81293155182931));
#3631=CARTESIAN_POINT('Ctrl Pts',(-3.9433975725749,17.5915841584158,-6.74911935085613));
#3632=CARTESIAN_POINT('Ctrl Pts',(-6.68697615662146,18.3836633663366,-4.04788170584614));
#3633=CARTESIAN_POINT('Ctrl Pts',(-7.80820605736733,19.1757425742574,-0.364574529002737));
#3634=CARTESIAN_POINT('Ctrl Pts',(-7.03506210229868,19.9678217821782,3.40718324150694));
#3635=CARTESIAN_POINT('Ctrl Pts',(-4.55511921955348,20.759900990099,6.35231338317582));
#3636=CARTESIAN_POINT('Ctrl Pts',(-0.970044287592999,21.5519801980198,7.75628844896493));
#3637=CARTESIAN_POINT('Ctrl Pts',(2.85037619298831,22.3440594059406,7.27848555549059));
#3638=CARTESIAN_POINT('Ctrl Pts',(5.97925778472148,23.1361386138614,5.03482599172836));
#3639=CARTESIAN_POINT('Ctrl Pts',(7.65749251288022,23.9282178217822,1.56965118365017));
#3640=CARTESIAN_POINT('Ctrl Pts',(7.47791848002603,24.720297029703,-2.27634172065597));
#3641=CARTESIAN_POINT('Ctrl Pts',(5.48410271688189,25.5123762376238,-5.57006407627698));
#3642=CARTESIAN_POINT('Ctrl Pts',(2.15977124555332,26.3044554455445,-7.51241536325087));
#3643=CARTESIAN_POINT('Ctrl Pts',(-1.68854923849722,27.0965346534654,-7.63215552070998));
#3644=CARTESIAN_POINT('Ctrl Pts',(-5.12720538877408,27.8886138613861,-5.90023400590667));
#3645=CARTESIAN_POINT('Ctrl Pts',(-7.32193383364094,28.6806930693069,-2.73683783935322));
#3646=CARTESIAN_POINT('Ctrl Pts',(-7.74026448239369,29.4727722772277,1.09055131274357));
#3647=CARTESIAN_POINT('Ctrl Pts',(-6.28070479776324,30.2648514851485,4.65335832130789));
#3648=CARTESIAN_POINT('Ctrl Pts',(-3.29736322513908,31.0569306930693,7.08719917771698));
#3649=CARTESIAN_POINT('Ctrl Pts',(0.485962190443756,31.8490099009901,7.80159196398983));
#3650=CARTESIAN_POINT('Ctrl Pts',(4.15138676402049,32.6410891089109,6.62321556033375));
#3651=CARTESIAN_POINT('Ctrl Pts',(6.80963011116478,33.4331683168317,3.83795963661027));
#3652=CARTESIAN_POINT('Ctrl Pts',(7.815767307575,34.2252475247525,0.121564044739907));
#3653=CARTESIAN_POINT('Ctrl Pts',(6.92569618859078,35.0173267326733,-3.62432458900562));
#3654=CARTESIAN_POINT('Ctrl Pts',(4.35535975643978,35.8094059405941,-6.49090423709336));
#3655=CARTESIAN_POINT('Ctrl Pts',(0.728355557492381,36.6014851485148,-7.78270483861502));
#3656=CARTESIAN_POINT('Ctrl Pts',(-3.07535731385141,37.3935643564356,-7.18631851612996));
#3657=CARTESIAN_POINT('Ctrl Pts',(-6.13294790674889,38.1856435643564,-4.84643646365412));
#3658=CARTESIAN_POINT('Ctrl Pts',(-7.70260438377433,38.9777227722772,-1.33074495309666));
#3659=CARTESIAN_POINT('Ctrl Pts',(-7.40350736444751,39.769801980198,2.50780284865123));
#3660=CARTESIAN_POINT('Ctrl Pts',(-5.30822173367839,40.5618811881188,5.73792457681661));
#3661=CARTESIAN_POINT('Ctrl Pts',(-1.92509144284589,41.3539603960396,7.57595006318108));
#3662=CARTESIAN_POINT('Ctrl Pts',(1.92509144284587,42.1460396039603,7.57595006318107));
#3663=CARTESIAN_POINT('Ctrl Pts',(5.30822173367838,42.9381188118812,5.73792457681663));
#3664=CARTESIAN_POINT('Ctrl Pts',(7.4035073644475,43.7301980198019,2.50780284865124));
#3665=CARTESIAN_POINT('Ctrl Pts',(7.70260438377433,44.5222772277228,-1.33074495309662));
#3666=CARTESIAN_POINT('Ctrl Pts',(6.13294790674891,45.3143564356435,-4.84643646365409));
#3667=CARTESIAN_POINT('Ctrl Pts',(3.07535731385144,46.1064356435644,-7.18631851612995));
#3668=CARTESIAN_POINT('Ctrl Pts',(-0.728355557492347,46.8985148514851,-7.78270483861502));
#3669=CARTESIAN_POINT('Ctrl Pts',(-4.35535975643975,47.6905940594059,-6.49090423709339));
#3670=CARTESIAN_POINT('Ctrl Pts',(-6.92569618859077,48.4826732673267,-3.62432458900564));
#3671=CARTESIAN_POINT('Ctrl Pts',(-7.81576730757501,49.2747524752476,0.121564044739869));
#3672=CARTESIAN_POINT('Ctrl Pts',(-6.80963011116479,50.0668316831682,3.83795963661024));
#3673=CARTESIAN_POINT('Ctrl Pts',(-4.15138676402054,50.8589108910892,6.62321556033373));
#3674=CARTESIAN_POINT('Ctrl Pts',(-0.485962190443784,51.6509900990098,7.80159196398984));
#3675=CARTESIAN_POINT('Ctrl Pts',(3.29736322513903,52.4430693069307,7.08719917771699));
#3676=CARTESIAN_POINT('Ctrl Pts',(6.28070479776322,53.2351485148515,4.65335832130794));
#3677=CARTESIAN_POINT('Ctrl Pts',(7.74026448239366,54.0272277227723,1.0905513127436));
#3678=CARTESIAN_POINT('Ctrl Pts',(7.32193383364099,54.8193069306931,-2.73683783935317));
#3679=CARTESIAN_POINT('Ctrl Pts',(5.12720538877403,55.6113861386139,-5.90023400590673));
#3680=CARTESIAN_POINT('Ctrl Pts',(1.68854923849734,56.4034653465346,-7.63215552070984));
#3681=CARTESIAN_POINT('Ctrl Pts',(-2.15977124555351,57.1955445544555,-7.51241536325115));
#3682=CARTESIAN_POINT('Ctrl Pts',(-5.48410271688143,57.9876237623761,-5.57006407627645));
#3683=CARTESIAN_POINT('Ctrl Pts',(-7.47791848002688,58.7797029702971,-2.27634172065713));
#3684=CARTESIAN_POINT('Ctrl Pts',(-7.6574925128785,59.5717821782178,1.56965118365238));
#3685=CARTESIAN_POINT('Ctrl Pts',(-5.97925778472495,60.3638613861386,5.03482599172384));
#3686=CARTESIAN_POINT('Ctrl Pts',(-2.85037619298145,61.1559405940594,7.2784855554996));
#3687=CARTESIAN_POINT('Ctrl Pts',(0.970044287579174,61.9480198019802,7.75628844894688));
#3688=CARTESIAN_POINT('Ctrl Pts',(4.55511921958109,62.740099009901,6.35231338321203));
#3689=CARTESIAN_POINT('Ctrl Pts',(7.03506210224329,63.5321782178218,3.40718324143447));
#3690=CARTESIAN_POINT('Ctrl Pts',(7.80820605747826,64.3242574257426,-0.364574528857448));
#3691=CARTESIAN_POINT('Ctrl Pts',(6.68697615639925,65.1163366336633,-4.04788170613713));
#3692=CARTESIAN_POINT('Ctrl Pts',(3.94339757302014,65.9084158415842,-6.74911935027309));
#3693=CARTESIAN_POINT('Ctrl Pts',(0.243098686361286,66.700495049505,-7.81293155299732));
#3694=CARTESIAN_POINT('Ctrl Pts',(-3.51617915046321,67.4925742574257,-6.98122343181907));
#3695=CARTESIAN_POINT('Ctrl Pts',(-6.42238551251864,68.2846534653466,-4.45577835531824));
#3696=CARTESIAN_POINT('Ctrl Pts',(-7.77043637502335,69.0767326732673,-0.849302634427552));
#3697=CARTESIAN_POINT('Ctrl Pts',(-7.23327680473,69.8688118811881,2.96322511620139));
#3698=CARTESIAN_POINT('Ctrl Pts',(-4.9412288037914,70.6608910891089,6.05683533965666));
#3699=CARTESIAN_POINT('Ctrl Pts',(-1.45037347181383,71.4529702970297,7.68097736068728));
#3700=CARTESIAN_POINT('Ctrl Pts',(2.39236160906769,72.2450495049505,7.44161288663895));
#3701=CARTESIAN_POINT('Ctrl Pts',(5.6546781848911,73.0371287128712,5.39681489847933));
#3702=CARTESIAN_POINT('Ctrl Pts',(7.54509519243054,73.8292079207921,2.04267837906344));
#3703=CARTESIAN_POINT('Ctrl Pts',(7.60497251252778,74.6212871287129,-1.80703887806228));
#3704=CARTESIAN_POINT('Ctrl Pts',(5.8197831169585,75.4133663366336,-5.21834465081566));
#3705=CARTESIAN_POINT('Ctrl Pts',(2.6226375172334,76.2054455445545,-7.36361113016785));
#3706=CARTESIAN_POINT('Ctrl Pts',(-1.2107945624671,76.9975247524752,-7.72236835113631));
#3707=CARTESIAN_POINT('Ctrl Pts',(-4.75047189906523,77.7896039603961,-6.20757707639007));
#3708=CARTESIAN_POINT('Ctrl Pts',(-7.1376220476642,78.5816831683168,-3.18674566412659));
#3709=CARTESIAN_POINT('Ctrl Pts',(-7.79309087230587,79.3737623762376,0.607232310664025));
#3710=CARTESIAN_POINT('Ctrl Pts',(-6.5578529840739,80.1658415841584,4.25388771154162));
#3711=CARTESIAN_POINT('Ctrl Pts',(-3.73159339954816,80.9579207920792,6.86849380312601));
#3712=CARTESIAN_POINT('Ctrl Pts',(-3.58565238468991E-14,81.7500000000001,
7.81671263531746));
#3713=CARTESIAN_POINT('Ctrl Pts',(3.7315933995481,82.5420792079207,6.86849380312603));
#3714=CARTESIAN_POINT('Ctrl Pts',(6.55785298407386,83.3341584158416,4.25388771154168));
#3715=CARTESIAN_POINT('Ctrl Pts',(7.79309087230588,84.1262376237623,0.607232310664075));
#3716=CARTESIAN_POINT('Ctrl Pts',(7.13762204766421,84.9183168316831,-3.18674566412657));
#3717=CARTESIAN_POINT('Ctrl Pts',(4.75047189906526,85.710396039604,-6.20757707639005));
#3718=CARTESIAN_POINT('Ctrl Pts',(1.21079456246714,86.5024752475247,-7.7223683511363));
#3719=CARTESIAN_POINT('Ctrl Pts',(-2.62263751723331,87.2945544554455,-7.36361113016786));
#3720=CARTESIAN_POINT('Ctrl Pts',(-5.81978311695843,88.0866336633663,-5.21834465081574));
#3721=CARTESIAN_POINT('Ctrl Pts',(-7.60497251252777,88.8787128712871,-1.80703887806237));
#3722=CARTESIAN_POINT('Ctrl Pts',(-7.54509519243056,89.6707920792078,2.04267837906339));
#3723=CARTESIAN_POINT('Ctrl Pts',(-5.65467818489113,90.4628712871288,5.3968148984793));
#3724=CARTESIAN_POINT('Ctrl Pts',(-2.39236160906773,91.2549504950493,7.44161288663893));
#3725=CARTESIAN_POINT('Ctrl Pts',(1.45037347181373,92.0470297029704,7.68097736068729));
#3726=CARTESIAN_POINT('Ctrl Pts',(4.94122880379133,92.8391089108909,6.05683533965673));
#3727=CARTESIAN_POINT('Ctrl Pts',(7.23327680472996,93.631188118812,2.96322511620148));
#3728=CARTESIAN_POINT('Ctrl Pts',(7.77043637502337,94.4232673267326,-0.849302634427507));
#3729=CARTESIAN_POINT('Ctrl Pts',(6.42238551251865,95.2153465346535,-4.45577835531821));
#3730=CARTESIAN_POINT('Ctrl Pts',(3.51617915046323,96.0074257425742,-6.98122343181905));
#3731=CARTESIAN_POINT('Ctrl Pts',(-0.243098686361236,96.7995049504951,-7.81293155299732));
#3732=CARTESIAN_POINT('Ctrl Pts',(-3.94339757302007,97.5915841584158,-6.74911935027312));
#3733=CARTESIAN_POINT('Ctrl Pts',(-6.68697615639922,98.3836633663367,-4.04788170613719));
#3734=CARTESIAN_POINT('Ctrl Pts',(-7.80820605747824,99.1757425742574,-0.36457452885751));
#3735=CARTESIAN_POINT('Ctrl Pts',(-7.03506210224333,99.9678217821782,3.4071832414344));
#3736=CARTESIAN_POINT('Ctrl Pts',(-4.55511921958114,100.759900990099,6.352313383212));
#3737=CARTESIAN_POINT('Ctrl Pts',(-0.970044287579245,101.55198019802,7.75628844894687));
#3738=CARTESIAN_POINT('Ctrl Pts',(2.85037619298139,102.344059405941,7.27848555549961));
#3739=CARTESIAN_POINT('Ctrl Pts',(5.9792577847249,103.136138613861,5.03482599172389));
#3740=CARTESIAN_POINT('Ctrl Pts',(7.65749251287851,103.928217821782,1.56965118365243));
#3741=CARTESIAN_POINT('Ctrl Pts',(7.47791848002688,104.720297029703,-2.27634172065706));
#3742=CARTESIAN_POINT('Ctrl Pts',(5.4841027168815,105.512376237624,-5.57006407627638));
#3743=CARTESIAN_POINT('Ctrl Pts',(2.15977124555359,106.304455445544,-7.51241536325114));
#3744=CARTESIAN_POINT('Ctrl Pts',(-1.68854923849728,107.096534653465,-7.63215552070986));
#3745=CARTESIAN_POINT('Ctrl Pts',(-5.12720538877402,107.888613861386,-5.90023400590676));
#3746=CARTESIAN_POINT('Ctrl Pts',(-7.32193383364096,108.680693069307,-2.7368378393532));
#3747=CARTESIAN_POINT('Ctrl Pts',(-7.74026448239369,109.472772277228,1.09055131274357));
#3748=CARTESIAN_POINT('Ctrl Pts',(-6.28070479776324,110.264851485148,4.65335832130789));
#3749=CARTESIAN_POINT('Ctrl Pts',(-3.2973632251391,111.056930693069,7.08719917771697));
#3750=CARTESIAN_POINT('Ctrl Pts',(0.485962190443716,111.84900990099,7.80159196398984));
#3751=CARTESIAN_POINT('Ctrl Pts',(4.15138676402044,112.641089108911,6.62321556033378));
#3752=CARTESIAN_POINT('Ctrl Pts',(6.80963011116474,113.433168316832,3.83795963661032));
#3753=CARTESIAN_POINT('Ctrl Pts',(7.81576730757501,114.225247524752,0.121564044739988));
#3754=CARTESIAN_POINT('Ctrl Pts',(6.92569618859082,115.017326732673,-3.62432458900556));
#3755=CARTESIAN_POINT('Ctrl Pts',(4.35535975643981,115.809405940594,-6.49090423709334));
#3756=CARTESIAN_POINT('Ctrl Pts',(0.72835555749241,116.601485148515,-7.78270483861503));
#3757=CARTESIAN_POINT('Ctrl Pts',(-3.07535731385141,117.393564356436,-7.18631851612997));
#3758=CARTESIAN_POINT('Ctrl Pts',(-6.13294790674886,118.185643564356,-4.84643646365413));
#3759=CARTESIAN_POINT('Ctrl Pts',(-7.70260438377432,118.977722772277,-1.3307449530967));
#3760=CARTESIAN_POINT('Ctrl Pts',(-7.40350736444753,119.769801980198,2.50780284865117));
#3761=CARTESIAN_POINT('Ctrl Pts',(-5.30822173367842,120.561881188119,5.73792457681659));
#3762=CARTESIAN_POINT('Ctrl Pts',(-1.92509144284591,121.35396039604,7.57595006318106));
#3763=CARTESIAN_POINT('Ctrl Pts',(1.92509144284583,122.14603960396,7.57595006318108));
#3764=CARTESIAN_POINT('Ctrl Pts',(5.30822173367832,122.938118811881,5.73792457681666));
#3765=CARTESIAN_POINT('Ctrl Pts',(7.40350736444748,123.730198019802,2.50780284865132));
#3766=CARTESIAN_POINT('Ctrl Pts',(7.70260438377435,124.522277227723,-1.33074495309658));
#3767=CARTESIAN_POINT('Ctrl Pts',(6.13294790674892,125.314356435644,-4.84643646365407));
#3768=CARTESIAN_POINT('Ctrl Pts',(3.07535731385145,126.106435643564,-7.18631851612995));
#3769=CARTESIAN_POINT('Ctrl Pts',(-0.728355557492362,126.898514851485,-7.78270483861503));
#3770=CARTESIAN_POINT('Ctrl Pts',(-4.35535975643974,127.690594059406,-6.49090423709338));
#3771=CARTESIAN_POINT('Ctrl Pts',(-6.92569618859075,128.482673267327,-3.62432458900567));
#3772=CARTESIAN_POINT('Ctrl Pts',(-7.81576730757501,129.274752475247,0.121564044739829));
#3773=CARTESIAN_POINT('Ctrl Pts',(-6.80963011116481,130.066831683168,3.83795963661022));
#3774=CARTESIAN_POINT('Ctrl Pts',(-4.15138676402052,130.858910891089,6.62321556033374));
#3775=CARTESIAN_POINT('Ctrl Pts',(-0.485962190443792,131.65099009901,7.80159196398983));
#3776=CARTESIAN_POINT('Ctrl Pts',(3.29736322513902,132.443069306931,7.08719917771699));
#3777=CARTESIAN_POINT('Ctrl Pts',(6.28070479776319,133.235148514852,4.65335832130796));
#3778=CARTESIAN_POINT('Ctrl Pts',(7.74026448239368,134.027227722772,1.09055131274363));
#3779=CARTESIAN_POINT('Ctrl Pts',(7.32193383364096,134.819306930693,-2.73683783935319));
#3780=CARTESIAN_POINT('Ctrl Pts',(5.12720538877412,135.611386138614,-5.90023400590662));
#3781=CARTESIAN_POINT('Ctrl Pts',(1.6885492384973,136.403465346535,-7.63215552070997));
#3782=CARTESIAN_POINT('Ctrl Pts',(-2.15977124555323,137.195544554455,-7.5124153632509));
#3783=CARTESIAN_POINT('Ctrl Pts',(-5.48410271688184,137.987623762376,-5.57006407627703));
#3784=CARTESIAN_POINT('Ctrl Pts',(-7.47791848002602,138.779702970297,-2.27634172065603));
#3785=CARTESIAN_POINT('Ctrl Pts',(-7.65749251288022,139.571782178218,1.5696511836501));
#3786=CARTESIAN_POINT('Ctrl Pts',(-5.97925778472153,140.363861386139,5.03482599172829));
#3787=CARTESIAN_POINT('Ctrl Pts',(-2.85037619298841,141.155940594059,7.27848555549056));
#3788=CARTESIAN_POINT('Ctrl Pts',(0.970044287592924,141.94801980198,7.75628844896496));
#3789=CARTESIAN_POINT('Ctrl Pts',(4.55511921955342,142.740099009901,6.35231338317586));
#3790=CARTESIAN_POINT('Ctrl Pts',(7.03506210229867,143.532178217822,3.40718324150699));
#3791=CARTESIAN_POINT('Ctrl Pts',(7.80820605736733,144.324257425743,-0.364574529002715));
#3792=CARTESIAN_POINT('Ctrl Pts',(6.68697615662148,145.116336633663,-4.0478817058461));
#3793=CARTESIAN_POINT('Ctrl Pts',(3.94339757257495,145.908415841584,-6.74911935085609));
#3794=CARTESIAN_POINT('Ctrl Pts',(0.24309868725326,146.700495049505,-7.81293155182931));
#3795=CARTESIAN_POINT('Ctrl Pts',(-3.51617915225003,147.492574257426,-6.98122343415904));
#3796=CARTESIAN_POINT('Ctrl Pts',(-6.42238550893891,148.284653465346,-4.45577835063045));
#3797=CARTESIAN_POINT('Ctrl Pts',(-7.77043638219483,149.076732673268,-0.849302643818973));
#3798=CARTESIAN_POINT('Ctrl Pts',(-7.23327679036287,149.868811881188,2.96322513501577));
#3799=CARTESIAN_POINT('Ctrl Pts',(-4.94122883257408,150.660891089109,6.05683530196445));
#3800=CARTESIAN_POINT('Ctrl Pts',(-1.4503734141516,151.45297029703,7.68097743619863));
#3801=CARTESIAN_POINT('Ctrl Pts',(2.39236149354898,152.24504950495,7.4416127353619));
#3802=CARTESIAN_POINT('Ctrl Pts',(5.65467841631756,153.037128712871,5.39681520154297));
#3803=CARTESIAN_POINT('Ctrl Pts',(7.54509472879812,153.829207920792,2.04267777191539));
#3804=CARTESIAN_POINT('Ctrl Pts',(7.60497344135424,154.621287128713,-1.80703766172117));
#3805=CARTESIAN_POINT('Ctrl Pts',(5.81978125617699,155.413366336634,-5.21834708759507));
#3806=CARTESIAN_POINT('Ctrl Pts',(2.62264124506528,156.205445544554,-7.36360624839756));
#3807=CARTESIAN_POINT('Ctrl Pts',(-1.21080203070516,156.997524752475,-7.72237813117212));
#3808=CARTESIAN_POINT('Ctrl Pts',(-4.75045693718812,157.789603960396,-6.20755748267143));
#3809=CARTESIAN_POINT('Ctrl Pts',(-7.13765202513257,158.581683168317,-3.18678492710812));
#3810=CARTESIAN_POINT('Ctrl Pts',(-7.79303077183877,159.373762376238,0.607311095581673));
#3811=CARTESIAN_POINT('Ctrl Pts',(-6.55797399418851,160.165841584158,4.2537280846884));
#3812=CARTESIAN_POINT('Ctrl Pts',(-3.73134310285284,160.957920792079,6.86883385439781));
#3813=CARTESIAN_POINT('Ctrl Pts',(-1.24419511033263,161.48597359736,7.5));
#3814=CARTESIAN_POINT('Ctrl Pts',(-2.93915231795365E-14,161.75,7.5));
#3815=CARTESIAN_POINT('Ctrl Pts',(0.,1.5,12.5));
#3816=CARTESIAN_POINT('Ctrl Pts',(2.07365851722098,1.76402640264026,12.5));
#3817=CARTESIAN_POINT('Ctrl Pts',(6.21890517142132,2.2920792079208,11.4480564239964));
#3818=CARTESIAN_POINT('Ctrl Pts',(10.9299566569808,3.08415841584158,7.0895468078141));
#3819=CARTESIAN_POINT('Ctrl Pts',(12.9883846197313,3.87623762376238,1.01218515930293));
#3820=CARTESIAN_POINT('Ctrl Pts',(11.8960867085543,4.66831683168316,-5.31130821184669));
#3821=CARTESIAN_POINT('Ctrl Pts',(7.91742822864701,5.46039603960396,-10.3459291377856));
#3822=CARTESIAN_POINT('Ctrl Pts',(2.01800338450872,6.25247524752475,-12.8706302186202));
#3823=CARTESIAN_POINT('Ctrl Pts',(-4.37106874177537,7.04455445544555,-12.2726770806626));
#3824=CARTESIAN_POINT('Ctrl Pts',(-9.6996354269616,7.83663366336634,-8.69724514599184));
#3825=CARTESIAN_POINT('Ctrl Pts',(-12.6749557355904,8.62871287128713,-3.01172943620198));
#3826=CARTESIAN_POINT('Ctrl Pts',(-12.5751578813302,9.42079207920792,3.40446295319229));
#3827=CARTESIAN_POINT('Ctrl Pts',(-9.42446402719596,10.2128712871287,8.99469200257158));
#3828=CARTESIAN_POINT('Ctrl Pts',(-3.98726915591505,11.0049504950495,12.4026878922698));
#3829=CARTESIAN_POINT('Ctrl Pts',(2.4172890235859,11.7970297029703,12.8016290603311));
#3830=CARTESIAN_POINT('Ctrl Pts',(8.23538138762335,12.5891089108911,10.0947255032742));
#3831=CARTESIAN_POINT('Ctrl Pts',(12.0554613172714,13.3811881188119,4.93870855835974));
#3832=CARTESIAN_POINT('Ctrl Pts',(12.9507273036581,14.1732673267327,-1.41550440636488));
#3833=CARTESIAN_POINT('Ctrl Pts',(10.7039758482316,14.9653465346535,-7.4262972510507));
#3834=CARTESIAN_POINT('Ctrl Pts',(5.86029858708346,15.7574257425742,-11.635372390265));
#3835=CARTESIAN_POINT('Ctrl Pts',(-0.405164478755301,16.5495049504951,-13.0215525863822));
#3836=CARTESIAN_POINT('Ctrl Pts',(-6.57232928762482,17.3415841584158,-11.2485322514269));
#3837=CARTESIAN_POINT('Ctrl Pts',(-11.1449602610358,18.1336633663366,-6.74646950974357));
#3838=CARTESIAN_POINT('Ctrl Pts',(-13.0136767622789,18.9257425742574,-0.607624215004559));
#3839=CARTESIAN_POINT('Ctrl Pts',(-11.7251035038311,19.7178217821782,5.6786387358449));
#3840=CARTESIAN_POINT('Ctrl Pts',(-7.59186536592246,20.509900990099,10.5871889719597));
#3841=CARTESIAN_POINT('Ctrl Pts',(-1.61674047932167,21.3019801980198,12.9271474149416));
#3842=CARTESIAN_POINT('Ctrl Pts',(4.75062698831386,22.0940594059406,12.130809259151));
#3843=CARTESIAN_POINT('Ctrl Pts',(9.96542964120246,22.8861386138614,8.3913766528806));
#3844=CARTESIAN_POINT('Ctrl Pts',(12.762487521467,23.6782178217822,2.61608530608361));
#3845=CARTESIAN_POINT('Ctrl Pts',(12.46319746671,24.4702970297029,-3.79390286775995));
#3846=CARTESIAN_POINT('Ctrl Pts',(9.14017119480316,25.2623762376238,-9.2834401271283));
#3847=CARTESIAN_POINT('Ctrl Pts',(3.59961874258886,26.0544554455445,-12.5206922720848));
#3848=CARTESIAN_POINT('Ctrl Pts',(-2.8142487308287,26.8465346534654,-12.7202592011833));
#3849=CARTESIAN_POINT('Ctrl Pts',(-8.54534231462348,27.6386138613862,-9.83372334317779));
#3850=CARTESIAN_POINT('Ctrl Pts',(-12.2032230560682,28.4306930693069,-4.56139639892203));
#3851=CARTESIAN_POINT('Ctrl Pts',(-12.9004408039895,29.2227722772278,1.81758552123928));
#3852=CARTESIAN_POINT('Ctrl Pts',(-10.4678413296054,30.0148514851485,7.75559720217983));
#3853=CARTESIAN_POINT('Ctrl Pts',(-5.4956053752318,30.8069306930693,11.8119986295283));
#3854=CARTESIAN_POINT('Ctrl Pts',(0.809936984072928,31.5990099009901,13.0026532733164));
#3855=CARTESIAN_POINT('Ctrl Pts',(6.91897794003415,32.3910891089109,11.0386926005562));
#3856=CARTESIAN_POINT('Ctrl Pts',(11.349383518608,33.1831683168317,6.39659939435046));
#3857=CARTESIAN_POINT('Ctrl Pts',(13.0262788459583,33.9752475247525,0.202606741233176));
#3858=CARTESIAN_POINT('Ctrl Pts',(11.5428269809846,34.7673267326732,-6.04054098167603));
#3859=CARTESIAN_POINT('Ctrl Pts',(7.25893292739962,35.5594059405941,-10.8181737284889));
#3860=CARTESIAN_POINT('Ctrl Pts',(1.21392592915397,36.3514851485148,-12.971174731025));
#3861=CARTESIAN_POINT('Ctrl Pts',(-5.12559552308568,37.1435643564357,-11.9771975268833));
#3862=CARTESIAN_POINT('Ctrl Pts',(-10.2215798445815,37.9356435643564,-8.0773941060902));
#3863=CARTESIAN_POINT('Ctrl Pts',(-12.8376739729572,38.7277227722772,-2.21790825516109));
#3864=CARTESIAN_POINT('Ctrl Pts',(-12.3391789407459,39.519801980198,4.17967141441871));
#3865=CARTESIAN_POINT('Ctrl Pts',(-8.84703622279731,40.3118811881188,9.5632076280277));
#3866=CARTESIAN_POINT('Ctrl Pts',(-3.20848573807648,41.1039603960396,12.6265834386351));
#3867=CARTESIAN_POINT('Ctrl Pts',(3.20848573807645,41.8960396039604,12.6265834386351));
#3868=CARTESIAN_POINT('Ctrl Pts',(8.84703622279729,42.6881188118812,9.56320762802771));
#3869=CARTESIAN_POINT('Ctrl Pts',(12.3391789407458,43.480198019802,4.17967141441875));
#3870=CARTESIAN_POINT('Ctrl Pts',(12.8376739729572,44.2722772277228,-2.21790825516104));
#3871=CARTESIAN_POINT('Ctrl Pts',(10.2215798445815,45.0643564356435,-8.07739410609015));
#3872=CARTESIAN_POINT('Ctrl Pts',(5.12559552308573,45.8564356435644,-11.9771975268832));
#3873=CARTESIAN_POINT('Ctrl Pts',(-1.21392592915391,46.6485148514851,-12.971174731025));
#3874=CARTESIAN_POINT('Ctrl Pts',(-7.25893292739958,47.4405940594059,-10.818173728489));
#3875=CARTESIAN_POINT('Ctrl Pts',(-11.5428269809846,48.2326732673267,-6.04054098167608));
#3876=CARTESIAN_POINT('Ctrl Pts',(-13.0262788459583,49.0247524752475,0.20260674123312));
#3877=CARTESIAN_POINT('Ctrl Pts',(-11.349383518608,49.8168316831683,6.39659939435038));
#3878=CARTESIAN_POINT('Ctrl Pts',(-6.91897794003422,50.6089108910891,11.0386926005562));
#3879=CARTESIAN_POINT('Ctrl Pts',(-0.809936984072984,51.4009900990099,13.0026532733164));
#3880=CARTESIAN_POINT('Ctrl Pts',(5.49560537523173,52.1930693069307,11.8119986295283));
#3881=CARTESIAN_POINT('Ctrl Pts',(10.4678413296054,52.9851485148515,7.7555972021799));
#3882=CARTESIAN_POINT('Ctrl Pts',(12.9004408039895,53.7772277227723,1.81758552123933));
#3883=CARTESIAN_POINT('Ctrl Pts',(12.2032230560683,54.5693069306931,-4.56139639892195));
#3884=CARTESIAN_POINT('Ctrl Pts',(8.5453423146234,55.3613861386138,-9.83372334317789));
#3885=CARTESIAN_POINT('Ctrl Pts',(2.81424873082888,56.1534653465346,-12.7202592011831));
#3886=CARTESIAN_POINT('Ctrl Pts',(-3.59961874258918,56.9455445544555,-12.5206922720852));
#3887=CARTESIAN_POINT('Ctrl Pts',(-9.14017119480239,57.7376237623762,-9.28344012712741));
#3888=CARTESIAN_POINT('Ctrl Pts',(-12.4631974667115,58.5297029702971,-3.79390286776189));
#3889=CARTESIAN_POINT('Ctrl Pts',(-12.7624875214642,59.3217821782178,2.61608530608731));
#3890=CARTESIAN_POINT('Ctrl Pts',(-9.96542964120824,60.1138613861386,8.39137665287305));
#3891=CARTESIAN_POINT('Ctrl Pts',(-4.75062698830243,60.9059405940594,12.130809259166));
#3892=CARTESIAN_POINT('Ctrl Pts',(1.61674047929863,61.6980198019802,12.9271474149115));
#3893=CARTESIAN_POINT('Ctrl Pts',(7.59186536596849,62.490099009901,10.5871889720201));
#3894=CARTESIAN_POINT('Ctrl Pts',(11.7251035037388,63.2821782178218,5.6786387357241));
#3895=CARTESIAN_POINT('Ctrl Pts',(13.0136767624638,64.0742574257426,-0.607624214762403));
#3896=CARTESIAN_POINT('Ctrl Pts',(11.1449602606654,64.8663366336633,-6.74646951022856));
#3897=CARTESIAN_POINT('Ctrl Pts',(6.5723292883669,65.6584158415842,-11.2485322504551));
#3898=CARTESIAN_POINT('Ctrl Pts',(0.405164477268803,66.450495049505,-13.0215525883289));
#3899=CARTESIAN_POINT('Ctrl Pts',(-5.86029858410534,67.2425742574257,-11.6353723863651));
#3900=CARTESIAN_POINT('Ctrl Pts',(-10.7039758541977,68.0346534653466,-7.42629725886373));
#3901=CARTESIAN_POINT('Ctrl Pts',(-12.9507272917056,68.8267326732672,-1.41550439071259));
#3902=CARTESIAN_POINT('Ctrl Pts',(-12.0554613412166,69.6188118811882,4.93870852700232));
#3903=CARTESIAN_POINT('Ctrl Pts',(-8.23538133965234,70.4108910891089,10.0947255660944));
#3904=CARTESIAN_POINT('Ctrl Pts',(-2.4172891196897,71.2029702970298,12.8016289344788));
#3905=CARTESIAN_POINT('Ctrl Pts',(3.98726934844614,71.9950495049504,12.4026881443983));
#3906=CARTESIAN_POINT('Ctrl Pts',(9.42446364148518,72.7871287128713,8.99469149746553));
#3907=CARTESIAN_POINT('Ctrl Pts',(12.5751586540509,73.5792079207921,3.40446396510573));
#3908=CARTESIAN_POINT('Ctrl Pts',(12.6749541875463,74.3712871287129,-3.01173146343714));
#3909=CARTESIAN_POINT('Ctrl Pts',(9.69963852826417,75.1633663366336,-8.69724108469276));
#3910=CARTESIAN_POINT('Ctrl Pts',(4.37106252872233,75.9554455445545,-12.2726852169464));
#3911=CARTESIAN_POINT('Ctrl Pts',(-2.01799093744517,76.7475247524752,-12.8706139185605));
#3912=CARTESIAN_POINT('Ctrl Pts',(-7.91745316510871,77.5396039603961,-10.3459617939834));
#3913=CARTESIAN_POINT('Ctrl Pts',(-11.896036746107,78.3316831683168,-5.31124277354433));
#3914=CARTESIAN_POINT('Ctrl Pts',(-12.9884847871765,79.1237623762377,1.01205385110671));
#3915=CARTESIAN_POINT('Ctrl Pts',(-10.9297549734565,79.9158415841583,7.08981285256937));
#3916=CARTESIAN_POINT('Ctrl Pts',(-6.21932233258028,80.7079207920793,11.4474896718767));
#3917=CARTESIAN_POINT('Ctrl Pts',(-4.76026264864006E-14,81.5,13.0278543921958));
#3918=CARTESIAN_POINT('Ctrl Pts',(6.21932233258016,82.2920792079208,11.4474896718767));
#3919=CARTESIAN_POINT('Ctrl Pts',(10.9297549734564,83.0841584158417,7.08981285256947));
#3920=CARTESIAN_POINT('Ctrl Pts',(12.9884847871765,83.8762376237623,1.01205385110679));
#3921=CARTESIAN_POINT('Ctrl Pts',(11.896036746107,84.6683168316832,-5.31124277354428));
#3922=CARTESIAN_POINT('Ctrl Pts',(7.91745316510876,85.4603960396039,-10.3459617939834));
#3923=CARTESIAN_POINT('Ctrl Pts',(2.01799093744524,86.2524752475247,-12.8706139185605));
#3924=CARTESIAN_POINT('Ctrl Pts',(-4.37106252872218,87.0445544554456,-12.2726852169464));
#3925=CARTESIAN_POINT('Ctrl Pts',(-9.69963852826406,87.8366336633663,-8.6972410846929));
#3926=CARTESIAN_POINT('Ctrl Pts',(-12.6749541875463,88.6287128712871,-3.01173146343727));
#3927=CARTESIAN_POINT('Ctrl Pts',(-12.5751586540509,89.4207920792079,3.40446396510565));
#3928=CARTESIAN_POINT('Ctrl Pts',(-9.42446364148521,90.2128712871288,8.99469149746551));
#3929=CARTESIAN_POINT('Ctrl Pts',(-3.98726934844621,91.0049504950494,12.4026881443982));
#3930=CARTESIAN_POINT('Ctrl Pts',(2.41728911968956,91.7970297029704,12.8016289344788));
#3931=CARTESIAN_POINT('Ctrl Pts',(8.23538133965221,92.589108910891,10.0947255660946));
#3932=CARTESIAN_POINT('Ctrl Pts',(12.0554613412166,93.3811881188119,4.93870852700246));
#3933=CARTESIAN_POINT('Ctrl Pts',(12.9507272917056,94.1732673267326,-1.41550439071251));
#3934=CARTESIAN_POINT('Ctrl Pts',(10.7039758541978,94.9653465346534,-7.42629725886369));
#3935=CARTESIAN_POINT('Ctrl Pts',(5.86029858410538,95.7574257425742,-11.6353723863651));
#3936=CARTESIAN_POINT('Ctrl Pts',(-0.405164477268726,96.5495049504951,-13.0215525883289));
#3937=CARTESIAN_POINT('Ctrl Pts',(-6.57232928836679,97.3415841584158,-11.2485322504552));
#3938=CARTESIAN_POINT('Ctrl Pts',(-11.1449602606654,98.1336633663366,-6.74646951022865));
#3939=CARTESIAN_POINT('Ctrl Pts',(-13.0136767624638,98.9257425742574,-0.607624214762517));
#3940=CARTESIAN_POINT('Ctrl Pts',(-11.7251035037389,99.7178217821783,5.67863873572399));
#3941=CARTESIAN_POINT('Ctrl Pts',(-7.59186536596858,100.509900990099,10.58718897202));
#3942=CARTESIAN_POINT('Ctrl Pts',(-1.61674047929873,101.30198019802,12.9271474149114));
#3943=CARTESIAN_POINT('Ctrl Pts',(4.75062698830231,102.094059405941,12.130809259166));
#3944=CARTESIAN_POINT('Ctrl Pts',(9.96542964120817,102.886138613861,8.39137665287315));
#3945=CARTESIAN_POINT('Ctrl Pts',(12.7624875214642,103.678217821782,2.61608530608738));
#3946=CARTESIAN_POINT('Ctrl Pts',(12.4631974667115,104.470297029703,-3.79390286776177));
#3947=CARTESIAN_POINT('Ctrl Pts',(9.14017119480249,105.262376237624,-9.2834401271273));
#3948=CARTESIAN_POINT('Ctrl Pts',(3.59961874258933,106.054455445545,-12.5206922720852));
#3949=CARTESIAN_POINT('Ctrl Pts',(-2.81424873082881,106.846534653465,-12.7202592011831));
#3950=CARTESIAN_POINT('Ctrl Pts',(-8.54534231462336,107.638613861386,-9.83372334317793));
#3951=CARTESIAN_POINT('Ctrl Pts',(-12.2032230560683,108.430693069307,-4.561396398922));
#3952=CARTESIAN_POINT('Ctrl Pts',(-12.9004408039895,109.222772277228,1.81758552123929));
#3953=CARTESIAN_POINT('Ctrl Pts',(-10.4678413296054,110.014851485148,7.75559720217982));
#3954=CARTESIAN_POINT('Ctrl Pts',(-5.49560537523183,110.806930693069,11.8119986295283));
#3955=CARTESIAN_POINT('Ctrl Pts',(0.809936984072857,111.59900990099,13.0026532733164));
#3956=CARTESIAN_POINT('Ctrl Pts',(6.91897794003408,112.391089108911,11.0386926005563));
#3957=CARTESIAN_POINT('Ctrl Pts',(11.3493835186079,113.183168316832,6.39659939435054));
#3958=CARTESIAN_POINT('Ctrl Pts',(13.0262788459584,113.975247524753,0.202606741233312));
#3959=CARTESIAN_POINT('Ctrl Pts',(11.5428269809847,114.767326732673,-6.04054098167594));
#3960=CARTESIAN_POINT('Ctrl Pts',(7.25893292739969,115.559405940594,-10.8181737284889));
#3961=CARTESIAN_POINT('Ctrl Pts',(1.21392592915401,116.351485148515,-12.971174731025));
#3962=CARTESIAN_POINT('Ctrl Pts',(-5.12559552308568,117.143564356436,-11.9771975268833));
#3963=CARTESIAN_POINT('Ctrl Pts',(-10.2215798445814,117.935643564356,-8.07739410609021));
#3964=CARTESIAN_POINT('Ctrl Pts',(-12.8376739729572,118.727722772277,-2.21790825516117));
#3965=CARTESIAN_POINT('Ctrl Pts',(-12.3391789407459,119.519801980198,4.17967141441862));
#3966=CARTESIAN_POINT('Ctrl Pts',(-8.84703622279737,120.311881188119,9.56320762802764));
#3967=CARTESIAN_POINT('Ctrl Pts',(-3.20848573807651,121.10396039604,12.6265834386351));
#3968=CARTESIAN_POINT('Ctrl Pts',(3.20848573807638,121.89603960396,12.6265834386351));
#3969=CARTESIAN_POINT('Ctrl Pts',(8.84703622279721,122.688118811881,9.56320762802778));
#3970=CARTESIAN_POINT('Ctrl Pts',(12.3391789407458,123.480198019802,4.17967141441886));
#3971=CARTESIAN_POINT('Ctrl Pts',(12.8376739729572,124.272277227723,-2.21790825516096));
#3972=CARTESIAN_POINT('Ctrl Pts',(10.2215798445815,125.064356435644,-8.07739410609013));
#3973=CARTESIAN_POINT('Ctrl Pts',(5.12559552308575,125.856435643564,-11.9771975268832));
#3974=CARTESIAN_POINT('Ctrl Pts',(-1.21392592915394,126.648514851485,-12.9711747310251));
#3975=CARTESIAN_POINT('Ctrl Pts',(-7.25893292739956,127.440594059406,-10.818173728489));
#3976=CARTESIAN_POINT('Ctrl Pts',(-11.5428269809846,128.232673267327,-6.04054098167613));
#3977=CARTESIAN_POINT('Ctrl Pts',(-13.0262788459584,129.024752475248,0.202606741233053));
#3978=CARTESIAN_POINT('Ctrl Pts',(-11.349383518608,129.816831683168,6.39659939435037));
#3979=CARTESIAN_POINT('Ctrl Pts',(-6.9189779400342,130.608910891089,11.0386926005562));
#3980=CARTESIAN_POINT('Ctrl Pts',(-0.80993698407299,131.40099009901,13.0026532733164));
#3981=CARTESIAN_POINT('Ctrl Pts',(5.4956053752317,132.193069306931,11.8119986295283));
#3982=CARTESIAN_POINT('Ctrl Pts',(10.4678413296053,132.985148514851,7.75559720217993));
#3983=CARTESIAN_POINT('Ctrl Pts',(12.9004408039895,133.777227722772,1.81758552123938));
#3984=CARTESIAN_POINT('Ctrl Pts',(12.2032230560683,134.569306930693,-4.56139639892198));
#3985=CARTESIAN_POINT('Ctrl Pts',(8.54534231462353,135.361386138614,-9.83372334317771));
#3986=CARTESIAN_POINT('Ctrl Pts',(2.81424873082883,136.153465346535,-12.7202592011833));
#3987=CARTESIAN_POINT('Ctrl Pts',(-3.59961874258872,136.945544554455,-12.5206922720848));
#3988=CARTESIAN_POINT('Ctrl Pts',(-9.14017119480306,137.737623762376,-9.28344012712839));
#3989=CARTESIAN_POINT('Ctrl Pts',(-12.46319746671,138.529702970297,-3.79390286776004));
#3990=CARTESIAN_POINT('Ctrl Pts',(-12.762487521467,139.321782178218,2.61608530608351));
#3991=CARTESIAN_POINT('Ctrl Pts',(-9.96542964120256,140.113861386139,8.39137665288048));
#3992=CARTESIAN_POINT('Ctrl Pts',(-4.75062698831401,140.905940594059,12.1308092591509));
#3993=CARTESIAN_POINT('Ctrl Pts',(1.61674047932153,141.69801980198,12.9271474149416));
#3994=CARTESIAN_POINT('Ctrl Pts',(7.59186536592238,142.490099009901,10.5871889719598));
#3995=CARTESIAN_POINT('Ctrl Pts',(11.7251035038311,143.282178217822,5.67863873584498));
#3996=CARTESIAN_POINT('Ctrl Pts',(13.0136767622789,144.074257425743,-0.607624215004522));
#3997=CARTESIAN_POINT('Ctrl Pts',(11.1449602610358,144.866336633663,-6.74646950974349));
#3998=CARTESIAN_POINT('Ctrl Pts',(6.57232928762493,145.658415841584,-11.2485322514268));
#3999=CARTESIAN_POINT('Ctrl Pts',(0.405164478755423,146.450495049505,-13.0215525863822));
#4000=CARTESIAN_POINT('Ctrl Pts',(-5.86029858708337,147.242574257426,-11.6353723902651));
#4001=CARTESIAN_POINT('Ctrl Pts',(-10.7039758482315,148.034653465347,-7.42629725105076));
#4002=CARTESIAN_POINT('Ctrl Pts',(-12.950727303658,148.826732673267,-1.41550440636496));
#4003=CARTESIAN_POINT('Ctrl Pts',(-12.0554613172715,149.618811881188,4.93870855835962));
#4004=CARTESIAN_POINT('Ctrl Pts',(-8.23538138762346,150.410891089109,10.0947255032741));
#4005=CARTESIAN_POINT('Ctrl Pts',(-2.417289023586,151.20297029703,12.8016290603311));
#4006=CARTESIAN_POINT('Ctrl Pts',(3.98726915591497,151.995049504951,12.4026878922698));
#4007=CARTESIAN_POINT('Ctrl Pts',(9.42446402719594,152.787128712871,8.99469200257163));
#4008=CARTESIAN_POINT('Ctrl Pts',(12.5751578813302,153.579207920792,3.4044629531923));
#4009=CARTESIAN_POINT('Ctrl Pts',(12.6749557355904,154.371287128713,-3.01172943620194));
#4010=CARTESIAN_POINT('Ctrl Pts',(9.69963542696165,155.163366336634,-8.69724514599177));
#4011=CARTESIAN_POINT('Ctrl Pts',(4.37106874177547,155.955445544554,-12.2726770806626));
#4012=CARTESIAN_POINT('Ctrl Pts',(-2.0180033845086,156.747524752475,-12.8706302186202));
#4013=CARTESIAN_POINT('Ctrl Pts',(-7.91742822864688,157.539603960396,-10.3459291377857));
#4014=CARTESIAN_POINT('Ctrl Pts',(-11.8960867085543,158.331683168317,-5.31130821184686));
#4015=CARTESIAN_POINT('Ctrl Pts',(-12.9883846197313,159.123762376238,1.01218515930278));
#4016=CARTESIAN_POINT('Ctrl Pts',(-10.9299566569808,159.915841584158,7.089546807814));
#4017=CARTESIAN_POINT('Ctrl Pts',(-6.21890517142139,160.707920792079,11.4480564239963));
#4018=CARTESIAN_POINT('Ctrl Pts',(-2.07365851722104,161.23597359736,12.5));
#4019=CARTESIAN_POINT('Ctrl Pts',(-4.89858719658941E-14,161.5,12.5));
#4020=CARTESIAN_POINT('Ctrl Pts',(0.,1.25,17.5));
#4021=CARTESIAN_POINT('Ctrl Pts',(2.90312192410938,1.51402640264026,17.5));
#4022=CARTESIAN_POINT('Ctrl Pts',(8.70646723998984,2.04207920792079,16.0272789935949));
#4023=CARTESIAN_POINT('Ctrl Pts',(15.3019393197731,2.83415841584158,9.92536553093974));
#4024=CARTESIAN_POINT('Ctrl Pts',(18.1837384676238,3.62623762376238,1.4170592230241));
#4025=CARTESIAN_POINT('Ctrl Pts',(16.6545213919761,4.41831683168317,-7.43583149658536));
#4026=CARTESIAN_POINT('Ctrl Pts',(11.0843995201058,5.21039603960396,-14.4843007928999));
#4027=CARTESIAN_POINT('Ctrl Pts',(2.82520473831221,6.00247524752475,-18.0188823060683));
#4028=CARTESIAN_POINT('Ctrl Pts',(-6.11949623848552,6.79455445544555,-17.1817479129277));
#4029=CARTESIAN_POINT('Ctrl Pts',(-13.5794895977462,7.58663366336634,-12.1761432043886));
#4030=CARTESIAN_POINT('Ctrl Pts',(-17.7449380298266,8.37871287128712,-4.21642121068278));
#4031=CARTESIAN_POINT('Ctrl Pts',(-17.6052210338623,9.17079207920792,4.7662481344692));
#4032=CARTESIAN_POINT('Ctrl Pts',(-13.1942496380744,9.96287128712871,12.5925688036002));
#4033=CARTESIAN_POINT('Ctrl Pts',(-5.58217681828106,10.7549504950495,17.3637630491777));
#4034=CARTESIAN_POINT('Ctrl Pts',(3.38420463302025,11.5470297029703,17.9222806844635));
#4035=CARTESIAN_POINT('Ctrl Pts',(11.5295339426727,12.3391089108911,14.1326157045838));
#4036=CARTESIAN_POINT('Ctrl Pts',(16.87764584418,13.1311881188119,6.91419198170363));
#4037=CARTESIAN_POINT('Ctrl Pts',(18.1310182251213,13.9232673267327,-1.98170616891083));
#4038=CARTESIAN_POINT('Ctrl Pts',(14.9855661875242,14.7153465346535,-10.396816151471));
#4039=CARTESIAN_POINT('Ctrl Pts',(8.20441802191685,15.5074257425743,-16.289521346371));
#4040=CARTESIAN_POINT('Ctrl Pts',(-0.567230270257418,16.299504950495,-18.230173620935));
#4041=CARTESIAN_POINT('Ctrl Pts',(-9.20126100267476,17.0915841584159,-15.7479451519976));
#4042=CARTESIAN_POINT('Ctrl Pts',(-15.6029443654501,17.8836633663366,-9.44505731364099));
#4043=CARTESIAN_POINT('Ctrl Pts',(-18.2191474671904,18.6757425742574,-0.850673901006393));
#4044=CARTESIAN_POINT('Ctrl Pts',(-16.4151449053636,19.4678217821782,7.95009423018287));
#4045=CARTESIAN_POINT('Ctrl Pts',(-10.6286115122914,20.259900990099,14.8220645607436));
#4046=CARTESIAN_POINT('Ctrl Pts',(-2.26343667105033,21.0519801980198,18.0980063809182));
#4047=CARTESIAN_POINT('Ctrl Pts',(6.65087778363939,21.8440594059406,16.9831329628114));
#4048=CARTESIAN_POINT('Ctrl Pts',(13.9516014976835,22.6361386138614,11.7479273140328));
#4049=CARTESIAN_POINT('Ctrl Pts',(17.8674825300538,23.4282178217822,3.66251942851706));
#4050=CARTESIAN_POINT('Ctrl Pts',(17.4484764533941,24.2202970297029,-5.31146401486393));
#4051=CARTESIAN_POINT('Ctrl Pts',(12.7962396727244,25.0123762376238,-12.9968161779796));
#4052=CARTESIAN_POINT('Ctrl Pts',(5.0394662396244,25.8044554455445,-17.5289691809187));
#4053=CARTESIAN_POINT('Ctrl Pts',(-3.93994822316018,26.5965346534654,-17.8083628816566));
#4054=CARTESIAN_POINT('Ctrl Pts',(-11.9634792404729,27.3886138613861,-13.7672126804489));
#4055=CARTESIAN_POINT('Ctrl Pts',(-17.0845122784955,28.1806930693069,-6.38595495849085));
#4056=CARTESIAN_POINT('Ctrl Pts',(-18.0606171255853,28.9727722772278,2.544619729735));
#4057=CARTESIAN_POINT('Ctrl Pts',(-14.6549778614476,29.7648514851485,10.8578360830518));
#4058=CARTESIAN_POINT('Ctrl Pts',(-7.69384752532452,30.5569306930693,16.5367980813396));
#4059=CARTESIAN_POINT('Ctrl Pts',(1.1339117777021,31.3490099009901,18.2037145826429));
#4060=CARTESIAN_POINT('Ctrl Pts',(9.68656911604781,32.1410891089108,15.4541696407788));
#4061=CARTESIAN_POINT('Ctrl Pts',(15.8891369260512,32.9331683168317,8.95523915209064));
#4062=CARTESIAN_POINT('Ctrl Pts',(18.2367903843417,33.7252475247525,0.283649437726443));
#4063=CARTESIAN_POINT('Ctrl Pts',(16.1599577733785,34.5173267326732,-8.45675737434643));
#4064=CARTESIAN_POINT('Ctrl Pts',(10.1625060983595,35.3094059405941,-15.1454432198845));
#4065=CARTESIAN_POINT('Ctrl Pts',(1.69949630081556,36.1014851485148,-18.159644623435));
#4066=CARTESIAN_POINT('Ctrl Pts',(-7.17583373231996,36.8935643564357,-16.7680765376366));
#4067=CARTESIAN_POINT('Ctrl Pts',(-14.3102117824141,37.6856435643564,-11.3083517485263));
#4068=CARTESIAN_POINT('Ctrl Pts',(-17.9727435621401,38.4777227722772,-3.10507155722554));
#4069=CARTESIAN_POINT('Ctrl Pts',(-17.2748505170442,39.269801980198,5.8515399801862));
#4070=CARTESIAN_POINT('Ctrl Pts',(-12.3858507119162,40.0618811881188,13.3884906792388));
#4071=CARTESIAN_POINT('Ctrl Pts',(-4.49188003330707,40.8539603960396,17.6772168140892));
#4072=CARTESIAN_POINT('Ctrl Pts',(4.49188003330703,41.6460396039604,17.6772168140892));
#4073=CARTESIAN_POINT('Ctrl Pts',(12.3858507119162,42.4381188118812,13.3884906792388));
#4074=CARTESIAN_POINT('Ctrl Pts',(17.2748505170442,43.230198019802,5.85153998018625));
#4075=CARTESIAN_POINT('Ctrl Pts',(17.9727435621401,44.0222772277228,-3.10507155722546));
#4076=CARTESIAN_POINT('Ctrl Pts',(14.3102117824141,44.8143564356435,-11.3083517485262));
#4077=CARTESIAN_POINT('Ctrl Pts',(7.17583373232003,45.6064356435644,-16.7680765376366));
#4078=CARTESIAN_POINT('Ctrl Pts',(-1.69949630081548,46.3985148514851,-18.159644623435));
#4079=CARTESIAN_POINT('Ctrl Pts',(-10.1625060983594,47.190594059406,-15.1454432198846));
#4080=CARTESIAN_POINT('Ctrl Pts',(-16.1599577733785,47.9826732673267,-8.4567573743465));
#4081=CARTESIAN_POINT('Ctrl Pts',(-18.2367903843417,48.7747524752476,0.283649437726363));
#4082=CARTESIAN_POINT('Ctrl Pts',(-15.8891369260512,49.5668316831683,8.95523915209055));
#4083=CARTESIAN_POINT('Ctrl Pts',(-9.6865691160479,50.3589108910891,15.4541696407787));
#4084=CARTESIAN_POINT('Ctrl Pts',(-1.13391177770217,51.1509900990099,18.203714582643));
#4085=CARTESIAN_POINT('Ctrl Pts',(7.69384752532441,51.9430693069307,16.5367980813396));
#4086=CARTESIAN_POINT('Ctrl Pts',(14.6549778614475,52.7351485148515,10.8578360830518));
#4087=CARTESIAN_POINT('Ctrl Pts',(18.0606171255852,53.5272277227723,2.54461972973507));
#4088=CARTESIAN_POINT('Ctrl Pts',(17.0845122784956,54.3193069306931,-6.38595495849073));
#4089=CARTESIAN_POINT('Ctrl Pts',(11.9634792404728,55.1113861386138,-13.767212680449));
#4090=CARTESIAN_POINT('Ctrl Pts',(3.93994822316043,55.9034653465346,-17.8083628816563));
#4091=CARTESIAN_POINT('Ctrl Pts',(-5.03946623962485,56.6955445544554,-17.5289691809193));
#4092=CARTESIAN_POINT('Ctrl Pts',(-12.7962396727234,57.4876237623763,-12.9968161779784));
#4093=CARTESIAN_POINT('Ctrl Pts',(-17.448476453396,58.279702970297,-5.31146401486663));
#4094=CARTESIAN_POINT('Ctrl Pts',(-17.8674825300499,59.0717821782178,3.66251942852222));
#4095=CARTESIAN_POINT('Ctrl Pts',(-13.9516014976915,59.8638613861386,11.7479273140223));
#4096=CARTESIAN_POINT('Ctrl Pts',(-6.6508777836234,60.6559405940594,16.9831329628324));
#4097=CARTESIAN_POINT('Ctrl Pts',(2.26343667101808,61.4480198019802,18.098006380876));
#4098=CARTESIAN_POINT('Ctrl Pts',(10.6286115123559,62.2400990099009,14.8220645608281));
#4099=CARTESIAN_POINT('Ctrl Pts',(16.4151449052344,63.0321782178219,7.95009423001374));
#4100=CARTESIAN_POINT('Ctrl Pts',(18.2191474674493,63.8242574257425,-0.85067390066737));
#4101=CARTESIAN_POINT('Ctrl Pts',(15.6029443649316,64.6163366336634,-9.44505731431997));
#4102=CARTESIAN_POINT('Ctrl Pts',(9.20126100371366,65.4084158415841,-15.7479451506372));
#4103=CARTESIAN_POINT('Ctrl Pts',(0.567230268176322,66.200495049505,-18.2301736236604));
#4104=CARTESIAN_POINT('Ctrl Pts',(-8.20441801774747,66.9925742574257,-16.2895213409112));
#4105=CARTESIAN_POINT('Ctrl Pts',(-14.9855661958768,67.7846534653466,-10.3968161624092));
#4106=CARTESIAN_POINT('Ctrl Pts',(-18.1310182083878,68.5767326732673,-1.98170614699762));
#4107=CARTESIAN_POINT('Ctrl Pts',(-16.8776458777033,69.3688118811882,6.91419193780324));
#4108=CARTESIAN_POINT('Ctrl Pts',(-11.5295338755133,70.1608910891088,14.1326157925322));
#4109=CARTESIAN_POINT('Ctrl Pts',(-3.38420476756559,70.9529702970298,17.9222805082703));
#4110=CARTESIAN_POINT('Ctrl Pts',(5.5821770878246,71.7450495049505,17.3637634021575));
#4111=CARTESIAN_POINT('Ctrl Pts',(13.1942490980792,72.5371287128713,12.5925680964518));
#4112=CARTESIAN_POINT('Ctrl Pts',(17.6052221156713,73.329207920792,4.76624955114801));
#4113=CARTESIAN_POINT('Ctrl Pts',(17.7449358625648,74.121287128713,-4.21642404881198));
#4114=CARTESIAN_POINT('Ctrl Pts',(13.5794939395698,74.9133663366336,-12.1761375185699));
#4115=CARTESIAN_POINT('Ctrl Pts',(6.11948754021126,75.7054455445545,-17.1817593037249));
#4116=CARTESIAN_POINT('Ctrl Pts',(-2.82518731242323,76.4975247524751,-18.0188594859847));
#4117=CARTESIAN_POINT('Ctrl Pts',(-11.0844344311522,77.2896039603961,-14.4843465115768));
#4118=CARTESIAN_POINT('Ctrl Pts',(-16.6544514445498,78.0816831683167,-7.43573988296205));
#4119=CARTESIAN_POINT('Ctrl Pts',(-18.1838787020471,78.8737623762377,1.4168753915494));
#4120=CARTESIAN_POINT('Ctrl Pts',(-15.3016569628391,79.6658415841583,9.92573799359712));
#4121=CARTESIAN_POINT('Ctrl Pts',(-8.70705126561238,80.4579207920792,16.0264855406273));
#4122=CARTESIAN_POINT('Ctrl Pts',(-7.48041273357723E-14,81.25,18.2389961490741));
#4123=CARTESIAN_POINT('Ctrl Pts',(8.70705126561223,82.0420792079208,16.0264855406274));
#4124=CARTESIAN_POINT('Ctrl Pts',(15.301656962839,82.8341584158415,9.92573799359727));
#4125=CARTESIAN_POINT('Ctrl Pts',(18.183878702047,83.6262376237624,1.41687539154951));
#4126=CARTESIAN_POINT('Ctrl Pts',(16.6544514445498,84.4183168316831,-7.435739882962));
#4127=CARTESIAN_POINT('Ctrl Pts',(11.0844344311523,85.210396039604,-14.4843465115768));
#4128=CARTESIAN_POINT('Ctrl Pts',(2.82518731242333,86.0024752475247,-18.0188594859847));
#4129=CARTESIAN_POINT('Ctrl Pts',(-6.11948754021106,86.7945544554456,-17.181759303725));
#4130=CARTESIAN_POINT('Ctrl Pts',(-13.5794939395697,87.5866336633663,-12.1761375185701));
#4131=CARTESIAN_POINT('Ctrl Pts',(-17.7449358625648,88.3787128712871,-4.21642404881219));
#4132=CARTESIAN_POINT('Ctrl Pts',(-17.6052221156713,89.1707920792079,4.76624955114792));
#4133=CARTESIAN_POINT('Ctrl Pts',(-13.1942490980793,89.9628712871287,12.5925680964517));
#4134=CARTESIAN_POINT('Ctrl Pts',(-5.5821770878247,90.7549504950494,17.3637634021575));
#4135=CARTESIAN_POINT('Ctrl Pts',(3.38420476756539,91.5470297029704,17.9222805082703));
#4136=CARTESIAN_POINT('Ctrl Pts',(11.5295338755131,92.339108910891,14.1326157925324));
#4137=CARTESIAN_POINT('Ctrl Pts',(16.8776458777033,93.131188118812,6.91419193780346));
#4138=CARTESIAN_POINT('Ctrl Pts',(18.1310182083879,93.9232673267326,-1.98170614699752));
#4139=CARTESIAN_POINT('Ctrl Pts',(14.9855661958769,94.7153465346535,-10.3968161624092));
#4140=CARTESIAN_POINT('Ctrl Pts',(8.20441801774754,95.5074257425742,-16.2895213409111));
#4141=CARTESIAN_POINT('Ctrl Pts',(-0.567230268176219,96.2995049504951,-18.2301736236604));
#4142=CARTESIAN_POINT('Ctrl Pts',(-9.2012610037135,97.0915841584158,-15.7479451506373));
#4143=CARTESIAN_POINT('Ctrl Pts',(-15.6029443649315,97.8836633663366,-9.44505731432012));
#4144=CARTESIAN_POINT('Ctrl Pts',(-18.2191474674492,98.6757425742574,-0.850673900667524));
#4145=CARTESIAN_POINT('Ctrl Pts',(-16.4151449052344,99.4678217821782,7.95009423001359));
#4146=CARTESIAN_POINT('Ctrl Pts',(-10.628611512356,100.259900990099,14.822064560828));
#4147=CARTESIAN_POINT('Ctrl Pts',(-2.26343667101823,101.05198019802,18.098006380876));
#4148=CARTESIAN_POINT('Ctrl Pts',(6.65087778362324,101.844059405941,16.9831329628325));
#4149=CARTESIAN_POINT('Ctrl Pts',(13.9516014976914,102.636138613861,11.7479273140224));
#4150=CARTESIAN_POINT('Ctrl Pts',(17.8674825300498,103.428217821782,3.66251942852234));
#4151=CARTESIAN_POINT('Ctrl Pts',(17.4484764533961,104.220297029703,-5.31146401486649));
#4152=CARTESIAN_POINT('Ctrl Pts',(12.7962396727235,105.012376237624,-12.9968161779782));
#4153=CARTESIAN_POINT('Ctrl Pts',(5.03946623962507,105.804455445545,-17.5289691809193));
#4154=CARTESIAN_POINT('Ctrl Pts',(-3.93994822316035,106.596534653465,-17.8083628816563));
#4155=CARTESIAN_POINT('Ctrl Pts',(-11.9634792404727,107.388613861386,-13.7672126804491));
#4156=CARTESIAN_POINT('Ctrl Pts',(-17.0845122784956,108.180693069307,-6.38595495849079));
#4157=CARTESIAN_POINT('Ctrl Pts',(-18.0606171255852,108.972772277228,2.54461972973499));
#4158=CARTESIAN_POINT('Ctrl Pts',(-14.6549778614476,109.764851485148,10.8578360830518));
#4159=CARTESIAN_POINT('Ctrl Pts',(-7.69384752532456,110.556930693069,16.5367980813396));
#4160=CARTESIAN_POINT('Ctrl Pts',(1.133911777702,111.34900990099,18.203714582643));
#4161=CARTESIAN_POINT('Ctrl Pts',(9.6865691160477,112.141089108911,15.4541696407788));
#4162=CARTESIAN_POINT('Ctrl Pts',(15.8891369260511,112.933168316832,8.95523915209075));
#4163=CARTESIAN_POINT('Ctrl Pts',(18.2367903843417,113.725247524753,0.283649437726631));
#4164=CARTESIAN_POINT('Ctrl Pts',(16.1599577733786,114.517326732673,-8.4567573743463));
#4165=CARTESIAN_POINT('Ctrl Pts',(10.1625060983596,115.309405940594,-15.1454432198845));
#4166=CARTESIAN_POINT('Ctrl Pts',(1.69949630081562,116.101485148515,-18.159644623435));
#4167=CARTESIAN_POINT('Ctrl Pts',(-7.17583373231996,116.893564356436,-16.7680765376366));
#4168=CARTESIAN_POINT('Ctrl Pts',(-14.310211782414,117.685643564356,-11.3083517485263));
#4169=CARTESIAN_POINT('Ctrl Pts',(-17.9727435621401,118.477722772277,-3.10507155722564));
#4170=CARTESIAN_POINT('Ctrl Pts',(-17.2748505170442,119.269801980198,5.85153998018607));
#4171=CARTESIAN_POINT('Ctrl Pts',(-12.3858507119163,120.061881188119,13.3884906792387));
#4172=CARTESIAN_POINT('Ctrl Pts',(-4.49188003330713,120.85396039604,17.6772168140892));
#4173=CARTESIAN_POINT('Ctrl Pts',(4.49188003330694,121.64603960396,17.6772168140892));
#4174=CARTESIAN_POINT('Ctrl Pts',(12.3858507119161,122.438118811881,13.3884906792389));
#4175=CARTESIAN_POINT('Ctrl Pts',(17.2748505170441,123.230198019802,5.85153998018641));
#4176=CARTESIAN_POINT('Ctrl Pts',(17.9727435621401,124.022277227723,-3.10507155722536));
#4177=CARTESIAN_POINT('Ctrl Pts',(14.3102117824142,124.814356435643,-11.3083517485262));
#4178=CARTESIAN_POINT('Ctrl Pts',(7.17583373232005,125.606435643564,-16.7680765376366));
#4179=CARTESIAN_POINT('Ctrl Pts',(-1.69949630081551,126.398514851485,-18.1596446234351));
#4180=CARTESIAN_POINT('Ctrl Pts',(-10.1625060983594,127.190594059406,-15.1454432198845));
#4181=CARTESIAN_POINT('Ctrl Pts',(-16.1599577733784,127.982673267327,-8.45675737434657));
#4182=CARTESIAN_POINT('Ctrl Pts',(-18.2367903843417,128.774752475248,0.283649437726274));
#4183=CARTESIAN_POINT('Ctrl Pts',(-15.8891369260512,129.566831683168,8.95523915209051));
#4184=CARTESIAN_POINT('Ctrl Pts',(-9.68656911604789,130.358910891089,15.4541696407787));
#4185=CARTESIAN_POINT('Ctrl Pts',(-1.13391177770218,131.15099009901,18.2037145826429));
#4186=CARTESIAN_POINT('Ctrl Pts',(7.69384752532438,131.943069306931,16.5367980813397));
#4187=CARTESIAN_POINT('Ctrl Pts',(14.6549778614475,132.735148514851,10.8578360830519));
#4188=CARTESIAN_POINT('Ctrl Pts',(18.0606171255853,133.527227722772,2.54461972973514));
#4189=CARTESIAN_POINT('Ctrl Pts',(17.0845122784956,134.319306930693,-6.38595495849078));
#4190=CARTESIAN_POINT('Ctrl Pts',(11.9634792404729,135.111386138614,-13.7672126804488));
#4191=CARTESIAN_POINT('Ctrl Pts',(3.93994822316037,135.903465346535,-17.8083628816566));
#4192=CARTESIAN_POINT('Ctrl Pts',(-5.03946623962421,136.695544554455,-17.5289691809187));
#4193=CARTESIAN_POINT('Ctrl Pts',(-12.7962396727243,137.487623762376,-12.9968161779798));
#4194=CARTESIAN_POINT('Ctrl Pts',(-17.4484764533941,138.279702970297,-5.31146401486405));
#4195=CARTESIAN_POINT('Ctrl Pts',(-17.8674825300539,139.071782178218,3.66251942851691));
#4196=CARTESIAN_POINT('Ctrl Pts',(-13.9516014976836,139.863861386139,11.7479273140327));
#4197=CARTESIAN_POINT('Ctrl Pts',(-6.65087778363962,140.655940594059,16.9831329628113));
#4198=CARTESIAN_POINT('Ctrl Pts',(2.26343667105015,141.44801980198,18.0980063809182));
#4199=CARTESIAN_POINT('Ctrl Pts',(10.6286115122913,142.240099009901,14.8220645607437));
#4200=CARTESIAN_POINT('Ctrl Pts',(16.4151449053636,143.032178217822,7.95009423018296));
#4201=CARTESIAN_POINT('Ctrl Pts',(18.2191474671904,143.824257425743,-0.850673901006329));
#4202=CARTESIAN_POINT('Ctrl Pts',(15.6029443654501,144.616336633663,-9.44505731364089));
#4203=CARTESIAN_POINT('Ctrl Pts',(9.20126100267489,145.408415841584,-15.7479451519975));
#4204=CARTESIAN_POINT('Ctrl Pts',(0.567230270257604,146.200495049505,-18.2301736209351));
#4205=CARTESIAN_POINT('Ctrl Pts',(-8.20441802191673,146.992574257426,-16.2895213463711));
#4206=CARTESIAN_POINT('Ctrl Pts',(-14.9855661875241,147.784653465347,-10.3968161514711));
#4207=CARTESIAN_POINT('Ctrl Pts',(-18.1310182251213,148.576732673267,-1.98170616891094));
#4208=CARTESIAN_POINT('Ctrl Pts',(-16.87764584418,149.368811881188,6.91419198170346));
#4209=CARTESIAN_POINT('Ctrl Pts',(-11.5295339426728,150.160891089109,14.1326157045837));
#4210=CARTESIAN_POINT('Ctrl Pts',(-3.38420463302041,150.95297029703,17.9222806844635));
#4211=CARTESIAN_POINT('Ctrl Pts',(5.58217681828097,151.74504950495,17.3637630491778));
#4212=CARTESIAN_POINT('Ctrl Pts',(13.1942496380743,152.537128712871,12.5925688036003));
#4213=CARTESIAN_POINT('Ctrl Pts',(17.6052210338623,153.329207920792,4.76624813446923));
#4214=CARTESIAN_POINT('Ctrl Pts',(17.7449380298266,154.121287128713,-4.21642121068272));
#4215=CARTESIAN_POINT('Ctrl Pts',(13.5794895977463,154.913366336634,-12.1761432043885));
#4216=CARTESIAN_POINT('Ctrl Pts',(6.11949623848564,155.705445544554,-17.1817479129277));
#4217=CARTESIAN_POINT('Ctrl Pts',(-2.82520473831204,156.497524752475,-18.0188823060683));
#4218=CARTESIAN_POINT('Ctrl Pts',(-11.0843995201056,157.289603960396,-14.4843007929));
#4219=CARTESIAN_POINT('Ctrl Pts',(-16.654521391976,158.081683168317,-7.43583149658561));
#4220=CARTESIAN_POINT('Ctrl Pts',(-18.1837384676238,158.873762376237,1.4170592230239));
#4221=CARTESIAN_POINT('Ctrl Pts',(-15.3019393197732,159.665841584158,9.9253655309396));
#4222=CARTESIAN_POINT('Ctrl Pts',(-8.70646723998994,160.457920792079,16.0272789935949));
#4223=CARTESIAN_POINT('Ctrl Pts',(-2.90312192410946,160.98597359736,17.5));
#4224=CARTESIAN_POINT('Ctrl Pts',(-6.85802207522518E-14,161.25,17.5));
#4225=CARTESIAN_POINT('',(0.,2.,2.5));
#4226=CARTESIAN_POINT('',(-9.79717439317883E-15,162.,2.5));
#4227=CARTESIAN_POINT('Ctrl Pts',(2.4999366287594,134.5,6.21912429654009E-5));
#4228=CARTESIAN_POINT('Ctrl Pts',(2.49965487642865,134.689768976898,-0.298042241177474));
#4229=CARTESIAN_POINT('Ctrl Pts',(2.37205934731157,135.143564356436,-1.01113540998917));
#4230=CARTESIAN_POINT('Ctrl Pts',(1.70906846292471,135.861386138614,-1.96674466863554));
#4231=CARTESIAN_POINT('Ctrl Pts',(0.562849746165766,136.653465346535,-2.54405184023665));
#4232=CARTESIAN_POINT('Ctrl Pts',(-0.719923748517744,137.445544554456,-2.50413845441697));
#4233=CARTESIAN_POINT('Ctrl Pts',(-1.82803423896061,138.237623762376,-1.85668802542568));
#4234=CARTESIAN_POINT('Ctrl Pts',(-2.49263949334201,139.029702970297,-0.758780573552008));
#4235=CARTESIAN_POINT('Ctrl Pts',(-2.55249750429341,139.821782178218,0.5232170612167));
#4236=CARTESIAN_POINT('Ctrl Pts',(-1.99308592824051,140.613861386139,1.6782753305761));
#4237=CARTESIAN_POINT('Ctrl Pts',(-0.950125397662802,141.405940594059,2.42616185183018));
#4238=CARTESIAN_POINT('Ctrl Pts',(0.323348095864306,142.19801980198,2.58542948298832));
#4239=CARTESIAN_POINT('Ctrl Pts',(1.51837307318448,142.990099009901,2.11743779439195));
#4240=CARTESIAN_POINT('Ctrl Pts',(2.31918796240427,143.757425742574,1.16640618614474));
#4241=CARTESIAN_POINT('Ctrl Pts',(2.49988990491474,144.260726072607,0.375734013836176));
#4242=CARTESIAN_POINT('Ctrl Pts',(2.50016482816322,144.5,-3.78539854798549E-5));
#4243=CARTESIAN_POINT('Origin',(-3.78337281839557E-14,161.,9.65424485306116));
#4244=CARTESIAN_POINT('Origin',(0.,1.,9.65424485306116));
#4245=CARTESIAN_POINT('Origin',(0.,0.,0.));
#4246=CARTESIAN_POINT('Origin',(0.,0.,0.));
#4247=UNCERTAINTY_MEASURE_WITH_UNIT(LENGTH_MEASURE(0.01),#4251,
'DISTANCE_ACCURACY_VALUE',
'Maximum model space distance between geometric entities at asserted c
onnectivities');
#4248=UNCERTAINTY_MEASURE_WITH_UNIT(LENGTH_MEASURE(0.01),#4251,
'DISTANCE_ACCURACY_VALUE',
'Maximum model space distance between geometric entities at asserted c
onnectivities');
#4249=(
GEOMETRIC_REPRESENTATION_CONTEXT(3)
GLOBAL_UNCERTAINTY_ASSIGNED_CONTEXT((#4247))
GLOBAL_UNIT_ASSIGNED_CONTEXT((#4251,#4253,#4254))
REPRESENTATION_CONTEXT('','3D')
);
#4250=(
GEOMETRIC_REPRESENTATION_CONTEXT(3)
GLOBAL_UNCERTAINTY_ASSIGNED_CONTEXT((#4248))
GLOBAL_UNIT_ASSIGNED_CONTEXT((#4251,#4253,#4254))
REPRESENTATION_CONTEXT('','3D')
);
#4251=(
LENGTH_UNIT()
NAMED_UNIT(*)
SI_UNIT(.MILLI.,.METRE.)
);
#4252=(
LENGTH_UNIT()
NAMED_UNIT(*)
SI_UNIT(.CENTI.,.METRE.)
);
#4253=(
NAMED_UNIT(*)
PLANE_ANGLE_UNIT()
SI_UNIT($,.RADIAN.)
);
#4254=(
NAMED_UNIT(*)
SI_UNIT($,.STERADIAN.)
SOLID_ANGLE_UNIT()
);
#4255=SHAPE_DEFINITION_REPRESENTATION(#4256,#4257);
#4256=PRODUCT_DEFINITION_SHAPE('',$,#4259);
#4257=SHAPE_REPRESENTATION('',(#785),#4249);
#4258=PRODUCT_DEFINITION_CONTEXT('part definition',#4263,'design');
#4259=PRODUCT_DEFINITION('auger','auger',#4260,#4258);
#4260=PRODUCT_DEFINITION_FORMATION('',$,#4265);
#4261=PRODUCT_RELATED_PRODUCT_CATEGORY('auger','auger',(#4265));
#4262=APPLICATION_PROTOCOL_DEFINITION('international standard',
'automotive_design',2009,#4263);
#4263=APPLICATION_CONTEXT(
'Core Data for Automotive Mechanical Design Process');
#4264=PRODUCT_CONTEXT('part definition',#4263,'mechanical');
#4265=PRODUCT('auger','auger',$,(#4264));
#4266=PRESENTATION_STYLE_ASSIGNMENT((#4267));
#4267=SURFACE_STYLE_USAGE(.BOTH.,#4270);
#4268=SURFACE_STYLE_RENDERING_WITH_PROPERTIES($,#4274,(#4269));
#4269=SURFACE_STYLE_TRANSPARENT(0.);
#4270=SURFACE_SIDE_STYLE('',(#4271,#4268));
#4271=SURFACE_STYLE_FILL_AREA(#4272);
#4272=FILL_AREA_STYLE('',(#4273));
#4273=FILL_AREA_STYLE_COLOUR('',#4274);
#4274=COLOUR_RGB('',0.92156862745098,0.92156862745098,0.92156862745098);
ENDSEC;
END-ISO-10303-21;
